space,19_-,1,start
space,19_-,1,coarse-grained.profile.time,8656
space,19_-,1,coarse-grained.profile.size,5040
# /home/sunzzq2/Data/IResearch/Automated_Bug_Isolation/Twopass_heavy/Subjects/space/versions/v19/v19_c.sites
space,19_-,1,coarse-grained.profile.number,136
space,19_-,1,fine-grained.profile.time,72278
space,19_-,1,fine-grained.profile.size,569400
# /home/sunzzq2/Data/IResearch/Automated_Bug_Isolation/Twopass_heavy/Subjects/space/versions/v19/v19_f.sites
space,19_-,1,fine-grained.profile.number,459136
space,19_-,1,fine-grained.preprocess.size,1989056
space,19_-,1,fine-grained.preprocess.time,177690
space,19_-,1,fine-grained.preprocess.number,8600 
space,19_-,1,fine-grained.preprocess.time_p,177462.0
space,19_-,1,fine-grained.mine.size,5796
space,19_-,1,fine-grained.mine.time,84709
space,19_-,1,boost,0.05
space,19_-,1,boost.functions.count,9
space,19_-,1,boost.includes,-sampler-include-method=addscan -sampler-include-method=circpol -sampler-include-method=fixgramp -sampler-include-method=fixgrpha -sampler-include-method=grwrite -sampler-include-method=linpol -sampler-include-method=simamp -sampler-include-method=simpha -sampler-include-method=simpol
space,19_-,1,boost.preprocess.size,462456
space,19_-,1,boost.preprocess.time,1760
space,19_-,1,boost.preprocess.number,279 
space,19_-,1,boost.preprocess.time_p,1628.0
space,19_-,1,boost.mine.size,5792
space,19_-,1,boost.mine.time,4411
space,19_-,1,theta,0.399591
space,19_-,1,prune.functions.count,57
space,19_-,1,prune.includes,-sampler-include-method=Get1Real -sampler-include-method=GetInt -sampler-include-method=GetKeyword -sampler-include-method=GetReal -sampler-include-method=GetUName -sampler-include-method=InKWords -sampler-include-method=InUNames -sampler-include-method=InserUN -sampler-include-method=TapeGet -sampler-include-method=adddef -sampler-include-method=addscan -sampler-include-method=adremdef -sampler-include-method=ampunit -sampler-include-method=ampval -sampler-include-method=circpol -sampler-include-method=elemdef -sampler-include-method=emsginit -sampler-include-method=fixgramp -sampler-include-method=fixgrpha -sampler-include-method=fixport -sampler-include-method=fixselem -sampler-include-method=fixsgrel -sampler-include-method=fixsgrid -sampler-include-method=floatsup -sampler-include-method=geomspec -sampler-include-method=grampexc -sampler-include-method=greldef -sampler-include-method=grexcdef -sampler-include-method=grgeodef -sampler-include-method=griddef1 -sampler-include-method=groupdef -sampler-include-method=grphaexc -sampler-include-method=grwrite -sampler-include-method=isletter -sampler-include-method=kwdsinit -sampler-include-method=lenunit -sampler-include-method=linpol -sampler-include-method=main -sampler-include-method=moseinit -sampler-include-method=nodecoor -sampler-include-method=nodedef -sampler-include-method=nomefile -sampler-include-method=polspec -sampler-include-method=portspec -sampler-include-method=prnfile -sampler-include-method=readfil3 -sampler-include-method=recspec -sampler-include-method=remdef -sampler-include-method=simamp -sampler-include-method=simgroup -sampler-include-method=simpha -sampler-include-method=simpol -sampler-include-method=sinelem -sampler-include-method=squgrdef -sampler-include-method=unaminit -sampler-include-method=unifamp -sampler-include-method=unifpha
space,19_-,1,prune.preprocess.size,1682376
space,19_-,1,prune.preprocess.time,45629
space,19_-,1,prune.preprocess.number,3457 
space,19_-,1,prune.preprocess.time_p,45421.0
space,19_-,1,prune.mine.size,5844
space,19_-,1,prune.mine.time,47344
space,19_-,1,boost.profile.time,9845
space,19_-,1,boost.profile.size,10032
# /home/sunzzq2/Data/IResearch/Automated_Bug_Isolation/Twopass_heavy/Subjects/space/versions/v19/v19_b.sites
space,19_-,1,boost.profile.number,7304
space,19_-,1,prune-minus-boost.profile.time,36937
space,19_-,1,prune-minus-boost.profile.size,195020
# /home/sunzzq2/Data/IResearch/Automated_Bug_Isolation/Twopass_heavy/Subjects/space/versions/v19/v19_pmb.sites
space,19_-,1,prune-minus-boost.profile.number,153008
space,19_-,1,end
