space,16_-,5,start
space,16_-,5,fine-grained.preprocess.size,1931404
space,16_-,5,fine-grained.preprocess.time,150614
space,16_-,5,fine-grained.preprocess.number,5782 
space,16_-,5,fine-grained.preprocess.time_p,150284.0
space,16_-,5,fine-grained.mine.size,5880
space,16_-,5,fine-grained.mine.time,53831
space,16_-,5,boost,0.05
space,16_-,5,boost.functions.count,6
space,16_-,5,boost.includes,-sampler-include-method=anglerot -sampler-include-method=secorpha -sampler-include-method=serotdir -sampler-include-method=serotpar -sampler-include-method=serotpha -sampler-include-method=sgrphasr
space,16_-,5,boost.preprocess.size,306588
space,16_-,5,boost.preprocess.time,1945
space,16_-,5,boost.preprocess.number,156 
space,16_-,5,boost.preprocess.time_p,1750.0
space,16_-,5,boost.mine.size,5832
space,16_-,5,boost.mine.time,2949
space,16_-,5,theta,0.424054
space,16_-,5,prune.functions.count,63
space,16_-,5,prune.includes,-sampler-include-method=Get1Real -sampler-include-method=GetInt -sampler-include-method=GetKeyword -sampler-include-method=GetReal -sampler-include-method=GetUName -sampler-include-method=InKWords -sampler-include-method=InUNames -sampler-include-method=InserUN -sampler-include-method=TapeGet -sampler-include-method=adddef -sampler-include-method=addscan -sampler-include-method=adremdef -sampler-include-method=ampunit -sampler-include-method=ampval -sampler-include-method=anglerot -sampler-include-method=blockdef -sampler-include-method=elemdef -sampler-include-method=emsginit -sampler-include-method=fixgramp -sampler-include-method=fixgrpha -sampler-include-method=fixport -sampler-include-method=fixselem -sampler-include-method=fixsgrel -sampler-include-method=fixsgrid -sampler-include-method=floatsup -sampler-include-method=geomspec -sampler-include-method=grampexc -sampler-include-method=greldef -sampler-include-method=grexcdef -sampler-include-method=grgeodef -sampler-include-method=griddef1 -sampler-include-method=groupdef -sampler-include-method=grphaexc -sampler-include-method=grwrite -sampler-include-method=isletter -sampler-include-method=kwdsinit -sampler-include-method=lenunit -sampler-include-method=main -sampler-include-method=moseinit -sampler-include-method=nodecoor -sampler-include-method=nodedef -sampler-include-method=nomefile -sampler-include-method=polspec -sampler-include-method=portspec -sampler-include-method=prnfile -sampler-include-method=readfil3 -sampler-include-method=recgrdef -sampler-include-method=recspec -sampler-include-method=remdef -sampler-include-method=secorpha -sampler-include-method=serotdir -sampler-include-method=serotpar -sampler-include-method=serotpha -sampler-include-method=sgrphasr -sampler-include-method=simamp -sampler-include-method=simgroup -sampler-include-method=simpha -sampler-include-method=simpol -sampler-include-method=sinelem -sampler-include-method=squgrdef -sampler-include-method=unaminit -sampler-include-method=unifamp -sampler-include-method=unifpha
space,16_-,5,prune.preprocess.size,1684436
space,16_-,5,prune.preprocess.time,55378
space,16_-,5,prune.preprocess.number,3487 
space,16_-,5,prune.preprocess.time_p,55135.0
space,16_-,5,prune.mine.size,5820
space,16_-,5,prune.mine.time,49093
space,16_-,5,boost.profile.time,12711
space,16_-,5,boost.profile.size,15020
# /home/sunzzq2/Data/IResearch/Automated_Bug_Isolation/Twopass_heavy/Subjects/space/versions/v16/v16_b.sites
space,16_-,5,boost.profile.number,9126
space,16_-,5,prune-minus-boost.profile.time,42487
space,16_-,5,prune-minus-boost.profile.size,234632
# /home/sunzzq2/Data/IResearch/Automated_Bug_Isolation/Twopass_heavy/Subjects/space/versions/v16/v16_pmb.sites
space,16_-,5,prune-minus-boost.profile.number,184984
space,16_-,5,end
