nanoxml,4_6,5,start
nanoxml,4_6,5,fine-grained.preprocess.size,166548
nanoxml,4_6,5,fine-grained.preprocess.time,814
nanoxml,4_6,5,fine-grained.preprocess.number,169 
nanoxml,4_6,5,fine-grained.preprocess.time_p,685.0
nanoxml,4_6,5,fine-grained.mine.size,5844
nanoxml,4_6,5,fine-grained.mine.time,2673
nanoxml,4_6,5,boost,0.05
nanoxml,4_6,5,boost.functions.count,4
nanoxml,4_6,5,boost.includes,-sampler-include-method=-net.n3.nanoxml.CDATAReader--int-read-char[],int,int-- -sampler-include-method=-net.n3.nanoxml.CDATAReader--void-close--- -sampler-include-method=-net.n3.nanoxml.StdXMLParser--void-processCDATA--- -sampler-include-method=-net.n3.nanoxml.XMLUtil--char-processCharLiteral-java.lang.String--
nanoxml,4_6,5,boost.preprocess.size,44496
nanoxml,4_6,5,boost.preprocess.time,345
nanoxml,4_6,5,boost.preprocess.number,8 
nanoxml,4_6,5,boost.preprocess.time_p,218.0
nanoxml,4_6,5,boost.mine.size,5788
nanoxml,4_6,5,boost.mine.time,2745
nanoxml,4_6,5,theta,0.182771
nanoxml,4_6,5,prune.functions.count,46
nanoxml,4_6,5,prune.includes,-sampler-include-method=-net.n3.nanoxml.CDATAReader--int-read-char[],int,int-- -sampler-include-method=-net.n3.nanoxml.CDATAReader--void-close--- -sampler-include-method=-net.n3.nanoxml.ContentReader--int-read-char[],int,int-- -sampler-include-method=-net.n3.nanoxml.ContentReader--void-close--- -sampler-include-method=-net.n3.nanoxml.NonValidator--void-attributeAdded-java.lang.String,java.lang.String,java.lang.String,int-- -sampler-include-method=-net.n3.nanoxml.NonValidator--void-elementAttributesProcessed-java.lang.String,java.util.Properties,java.lang.String,int-- -sampler-include-method=-net.n3.nanoxml.NonValidator--void-elementStarted-java.lang.String,java.lang.String,int-- -sampler-include-method=-net.n3.nanoxml.StdXMLBuilder--void-addAttribute-java.lang.String,java.lang.String,java.lang.String,java.lang.String,java.lang.String-- -sampler-include-method=-net.n3.nanoxml.StdXMLBuilder--void-addPCData-java.io.Reader,java.lang.String,int-- -sampler-include-method=-net.n3.nanoxml.StdXMLBuilder--void-endElement-java.lang.String,java.lang.String,java.lang.String-- -sampler-include-method=-net.n3.nanoxml.StdXMLBuilder--void-startElement-java.lang.String,java.lang.String,java.lang.String,java.lang.String,int-- -sampler-include-method=-net.n3.nanoxml.StdXMLParser--java.lang.Object-parse--- -sampler-include-method=-net.n3.nanoxml.StdXMLParser--void-processAttribute-java.util.Vector,java.util.Vector,java.util.Vector-- -sampler-include-method=-net.n3.nanoxml.StdXMLParser--void-processCDATA--- -sampler-include-method=-net.n3.nanoxml.StdXMLParser--void-processElement-java.lang.String,java.util.Properties-- -sampler-include-method=-net.n3.nanoxml.StdXMLParser--void-processSpecialTag-boolean-- -sampler-include-method=-net.n3.nanoxml.StdXMLParser--void-scanData--- -sampler-include-method=-net.n3.nanoxml.StdXMLParser--void-scanSomeTag-boolean,java.lang.String,java.util.Properties-- -sampler-include-method=-net.n3.nanoxml.StdXMLReader--boolean-atEOF--- -sampler-include-method=-net.n3.nanoxml.StdXMLReader--char-read--- -sampler-include-method=-net.n3.nanoxml.StdXMLReader--int-getLineNr--- -sampler-include-method=-net.n3.nanoxml.StdXMLReader--int-getStreamLevel--- -sampler-include-method=-net.n3.nanoxml.StdXMLReader--java.io.Reader-stream2reader-java.io.InputStream,java.lang.StringBuffer-- -sampler-include-method=-net.n3.nanoxml.StdXMLReader--java.lang.String-getEncoding-java.lang.String-- -sampler-include-method=-net.n3.nanoxml.StdXMLReader--net.n3.nanoxml.IXMLReader-fileReader-java.lang.String-- -sampler-include-method=-net.n3.nanoxml.StdXMLReader--void-startNewStream-java.io.Reader,boolean-- -sampler-include-method=-net.n3.nanoxml.XMLElement--boolean-hasAttribute-java.lang.String-- -sampler-include-method=-net.n3.nanoxml.XMLElement--boolean-hasChildren--- -sampler-include-method=-net.n3.nanoxml.XMLElement--int-getChildrenCount--- -sampler-include-method=-net.n3.nanoxml.XMLElement--java.lang.String-getAttribute-java.lang.String,java.lang.String-- -sampler-include-method=-net.n3.nanoxml.XMLElement--java.util.Enumeration-enumerateAttributeNames--- -sampler-include-method=-net.n3.nanoxml.XMLElement--net.n3.nanoxml.XMLAttribute-findAttribute-java.lang.String-- -sampler-include-method=-net.n3.nanoxml.XMLElement--void--init--java.lang.String,java.lang.String,java.lang.String,int-- -sampler-include-method=-net.n3.nanoxml.XMLElement--void-addChild-net.n3.nanoxml.IXMLElement-- -sampler-include-method=-net.n3.nanoxml.XMLElement--void-setAttribute-java.lang.String,java.lang.String-- -sampler-include-method=-net.n3.nanoxml.XMLEntityResolver--boolean-isExternalEntity-java.lang.String-- -sampler-include-method=-net.n3.nanoxml.XMLEntityResolver--java.io.Reader-getEntity-net.n3.nanoxml.IXMLReader,java.lang.String-- -sampler-include-method=-net.n3.nanoxml.XMLUtil--boolean-checkLiteral-net.n3.nanoxml.IXMLReader,java.lang.String-- -sampler-include-method=-net.n3.nanoxml.XMLUtil--char-processCharLiteral-java.lang.String-- -sampler-include-method=-net.n3.nanoxml.XMLUtil--java.lang.String-read-net.n3.nanoxml.IXMLReader,char-- -sampler-include-method=-net.n3.nanoxml.XMLUtil--java.lang.String-scanIdentifier-net.n3.nanoxml.IXMLReader-- -sampler-include-method=-net.n3.nanoxml.XMLUtil--java.lang.String-scanString-net.n3.nanoxml.IXMLReader,char,net.n3.nanoxml.IXMLEntityResolver-- -sampler-include-method=-net.n3.nanoxml.XMLUtil--void-processEntity-java.lang.String,net.n3.nanoxml.IXMLReader,net.n3.nanoxml.IXMLEntityResolver-- -sampler-include-method=-net.n3.nanoxml.XMLUtil--void-skipWhitespace-net.n3.nanoxml.IXMLReader,java.lang.StringBuffer-- -sampler-include-method=-net.n3.nanoxml.XMLWriter--void-write-net.n3.nanoxml.IXMLElement,boolean,int-- -sampler-include-method=-net.n3.nanoxml.XMLWriter--void-writeEncoded-java.lang.String--
nanoxml,4_6,5,prune.preprocess.size,161304
nanoxml,4_6,5,prune.preprocess.time,730
nanoxml,4_6,5,prune.preprocess.number,159 
nanoxml,4_6,5,prune.preprocess.time_p,617.0
nanoxml,4_6,5,prune.mine.size,5796
nanoxml,4_6,5,prune.mine.time,1522
nanoxml,4_6,5,boost.profile.time,63269
nanoxml,4_6,5,boost.profile.size,960
# /home/sunzzq2/Data/IResearch/Automated_Bug_Isolation/Twopass_heavy/Subjects/nanoxml/versions/v4/subv6/boost/output.sites
nanoxml,4_6,5,boost.profile.number,306
nanoxml,4_6,5,prune-minus-boost.profile.time,74344
nanoxml,4_6,5,prune-minus-boost.profile.size,960
# /home/sunzzq2/Data/IResearch/Automated_Bug_Isolation/Twopass_heavy/Subjects/nanoxml/versions/v4/subv6/prune-minus-boost/output.sites
nanoxml,4_6,5,prune-minus-boost.profile.number,2120
nanoxml,4_6,5,end
