nanoxml,1_6,10,start
nanoxml,1_6,10,fine-grained.preprocess.size,96548
nanoxml,1_6,10,fine-grained.preprocess.time,639
nanoxml,1_6,10,fine-grained.preprocess.number,78 
nanoxml,1_6,10,fine-grained.preprocess.time_p,524.0
nanoxml,1_6,10,fine-grained.mine.size,5844
nanoxml,1_6,10,fine-grained.mine.time,1978
nanoxml,1_6,10,boost,0.05
nanoxml,1_6,10,boost.functions.count,9
nanoxml,1_6,10,boost.includes,-sampler-include-method=-Parser1_vw_v1--void-main-java.lang.String[]-- -sampler-include-method=-net.n3.nanoxml.NonValidator--void-parseDTD-java.lang.String,net.n3.nanoxml.IXMLReader,net.n3.nanoxml.XMLEntityResolver,boolean-- -sampler-include-method=-net.n3.nanoxml.NonValidator--void-processAttList-net.n3.nanoxml.IXMLReader,net.n3.nanoxml.XMLEntityResolver-- -sampler-include-method=-net.n3.nanoxml.NonValidator--void-processElement-net.n3.nanoxml.IXMLReader,net.n3.nanoxml.XMLEntityResolver-- -sampler-include-method=-net.n3.nanoxml.NonValidator--void-processEntity-net.n3.nanoxml.IXMLReader,net.n3.nanoxml.XMLEntityResolver-- -sampler-include-method=-net.n3.nanoxml.StdXMLParser--void-processDocType--- -sampler-include-method=-net.n3.nanoxml.XMLUtil--void-errorWrongClosingTag-net.n3.nanoxml.IXMLReader,java.lang.String,java.lang.String-- -sampler-include-method=-net.n3.nanoxml.XMLUtil--void-skipComment-net.n3.nanoxml.IXMLReader,net.n3.nanoxml.XMLEntityResolver-- -sampler-include-method=-net.n3.nanoxml.XMLUtil--void-skipTag-net.n3.nanoxml.IXMLReader,char,net.n3.nanoxml.XMLEntityResolver--
nanoxml,1_6,10,boost.preprocess.size,58304
nanoxml,1_6,10,boost.preprocess.time,391
nanoxml,1_6,10,boost.preprocess.number,17 
nanoxml,1_6,10,boost.preprocess.time_p,274.0
nanoxml,1_6,10,boost.mine.size,5824
nanoxml,1_6,10,boost.mine.time,1651
nanoxml,1_6,10,theta,0.129607
nanoxml,1_6,10,prune.functions.count,39
nanoxml,1_6,10,prune.includes,-sampler-include-method=-Parser1_vw_v1--void-main-java.lang.String[]-- -sampler-include-method=-net.n3.nanoxml.ContentReader--int-read-char[],int,int-- -sampler-include-method=-net.n3.nanoxml.ContentReader--void--init--net.n3.nanoxml.IXMLReader,net.n3.nanoxml.XMLEntityResolver,char,java.lang.String,boolean,java.lang.String-- -sampler-include-method=-net.n3.nanoxml.ContentReader--void-close--- -sampler-include-method=-net.n3.nanoxml.NonValidator--void-attributeAdded-java.lang.String,java.lang.String,java.lang.String,java.lang.String-- -sampler-include-method=-net.n3.nanoxml.NonValidator--void-elementAttributesProcessed-java.lang.String,java.lang.String,java.lang.String,java.util.Properties-- -sampler-include-method=-net.n3.nanoxml.NonValidator--void-elementStarted-java.lang.String,java.lang.String,java.lang.String,int-- -sampler-include-method=-net.n3.nanoxml.NonValidator--void-parseDTD-java.lang.String,net.n3.nanoxml.IXMLReader,net.n3.nanoxml.XMLEntityResolver,boolean-- -sampler-include-method=-net.n3.nanoxml.NonValidator--void-processAttList-net.n3.nanoxml.IXMLReader,net.n3.nanoxml.XMLEntityResolver-- -sampler-include-method=-net.n3.nanoxml.NonValidator--void-processElement-net.n3.nanoxml.IXMLReader,net.n3.nanoxml.XMLEntityResolver-- -sampler-include-method=-net.n3.nanoxml.NonValidator--void-processEntity-net.n3.nanoxml.IXMLReader,net.n3.nanoxml.XMLEntityResolver-- -sampler-include-method=-net.n3.nanoxml.StdXMLBuilder--void-addAttribute-java.lang.String,java.lang.String,java.lang.String,java.lang.String,java.lang.String-- -sampler-include-method=-net.n3.nanoxml.StdXMLBuilder--void-addPCData-java.io.Reader,int-- -sampler-include-method=-net.n3.nanoxml.StdXMLBuilder--void-endElement-java.lang.String,java.lang.String,java.lang.String-- -sampler-include-method=-net.n3.nanoxml.StdXMLBuilder--void-startElement-java.lang.String,java.lang.String,java.lang.String,int-- -sampler-include-method=-net.n3.nanoxml.StdXMLParser--java.lang.Object-parse--- -sampler-include-method=-net.n3.nanoxml.StdXMLParser--void-processAttribute--- -sampler-include-method=-net.n3.nanoxml.StdXMLParser--void-processDocType--- -sampler-include-method=-net.n3.nanoxml.StdXMLParser--void-processElement--- -sampler-include-method=-net.n3.nanoxml.StdXMLParser--void-processSpecialTag-boolean-- -sampler-include-method=-net.n3.nanoxml.StdXMLParser--void-scanData--- -sampler-include-method=-net.n3.nanoxml.StdXMLParser--void-scanSomeTag-boolean-- -sampler-include-method=-net.n3.nanoxml.StdXMLReader--boolean-atEOF--- -sampler-include-method=-net.n3.nanoxml.StdXMLReader--char-read--- -sampler-include-method=-net.n3.nanoxml.StdXMLReader--int-getLineNr--- -sampler-include-method=-net.n3.nanoxml.StdXMLReader--java.io.Reader-stream2reader-java.io.InputStream,java.lang.StringBuffer-- -sampler-include-method=-net.n3.nanoxml.StdXMLReader--java.lang.String-getEncoding-java.lang.String-- -sampler-include-method=-net.n3.nanoxml.XMLElement--boolean-hasAttribute-java.lang.String-- -sampler-include-method=-net.n3.nanoxml.XMLElement--int-getChildrenCount--- -sampler-include-method=-net.n3.nanoxml.XMLElement--void-addChild-net.n3.nanoxml.XMLElement-- -sampler-include-method=-net.n3.nanoxml.XMLParserFactory--net.n3.nanoxml.IXMLParser-createXMLParser-java.lang.String,net.n3.nanoxml.IXMLBuilder,net.n3.nanoxml.IXMLReader,net.n3.nanoxml.IXMLValidator-- -sampler-include-method=-net.n3.nanoxml.XMLUtil--boolean-checkLiteral-net.n3.nanoxml.IXMLReader,char,net.n3.nanoxml.XMLEntityResolver,java.lang.String-- -sampler-include-method=-net.n3.nanoxml.XMLUtil--char-read-net.n3.nanoxml.IXMLReader,boolean[],char,net.n3.nanoxml.XMLEntityResolver-- -sampler-include-method=-net.n3.nanoxml.XMLUtil--java.lang.String-scanIdentifier-net.n3.nanoxml.IXMLReader,char,net.n3.nanoxml.XMLEntityResolver-- -sampler-include-method=-net.n3.nanoxml.XMLUtil--java.lang.String-scanString-net.n3.nanoxml.IXMLReader,char,boolean,net.n3.nanoxml.XMLEntityResolver-- -sampler-include-method=-net.n3.nanoxml.XMLUtil--void-errorWrongClosingTag-net.n3.nanoxml.IXMLReader,java.lang.String,java.lang.String-- -sampler-include-method=-net.n3.nanoxml.XMLUtil--void-skipComment-net.n3.nanoxml.IXMLReader,net.n3.nanoxml.XMLEntityResolver-- -sampler-include-method=-net.n3.nanoxml.XMLUtil--void-skipTag-net.n3.nanoxml.IXMLReader,char,net.n3.nanoxml.XMLEntityResolver-- -sampler-include-method=-net.n3.nanoxml.XMLUtil--void-skipWhitespace-net.n3.nanoxml.IXMLReader,char,java.lang.StringBuffer,boolean[]--
nanoxml,1_6,10,prune.preprocess.size,94524
nanoxml,1_6,10,prune.preprocess.time,600
nanoxml,1_6,10,prune.preprocess.number,78 
nanoxml,1_6,10,prune.preprocess.time_p,485.0
nanoxml,1_6,10,prune.mine.size,5820
nanoxml,1_6,10,prune.mine.time,1689
nanoxml,1_6,10,boost.profile.time,60415
nanoxml,1_6,10,boost.profile.size,952
# /home/sunzzq2/Data/IResearch/Automated_Bug_Isolation/Twopass_heavy/Subjects/nanoxml/versions/v1/subv6/boost/output.sites
nanoxml,1_6,10,boost.profile.number,232
nanoxml,1_6,10,prune-minus-boost.profile.time,75359
nanoxml,1_6,10,prune-minus-boost.profile.size,952
# /home/sunzzq2/Data/IResearch/Automated_Bug_Isolation/Twopass_heavy/Subjects/nanoxml/versions/v1/subv6/prune-minus-boost/output.sites
nanoxml,1_6,10,prune-minus-boost.profile.number,2384
nanoxml,1_6,10,end
