space,13_-,5,start
space,13_-,5,fine-grained.preprocess.size,1935872
space,13_-,5,fine-grained.preprocess.time,117671
space,13_-,5,fine-grained.preprocess.number,5323 
space,13_-,5,fine-grained.preprocess.time_p,117401.0
space,13_-,5,fine-grained.mine.size,5856
space,13_-,5,fine-grained.mine.time,51178
space,13_-,5,boost,0.05
space,13_-,5,boost.functions.count,6
space,13_-,5,boost.includes,-sampler-include-method=angclaus -sampler-include-method=angstep -sampler-include-method=doubstep -sampler-include-method=hexgrdef -sampler-include-method=trigrdef -sampler-include-method=versdef
space,13_-,5,boost.preprocess.size,194300
space,13_-,5,boost.preprocess.time,1226
space,13_-,5,boost.preprocess.number,104 
space,13_-,5,boost.preprocess.time_p,1104.0
space,13_-,5,boost.mine.size,5792
space,13_-,5,boost.mine.time,1421
space,13_-,5,theta,0.161008
space,13_-,5,prune.functions.count,68
space,13_-,5,prune.includes,-sampler-include-method=Get1Real -sampler-include-method=GetInt -sampler-include-method=GetKeyword -sampler-include-method=GetReal -sampler-include-method=GetUName -sampler-include-method=InKWords -sampler-include-method=InUNames -sampler-include-method=InserUN -sampler-include-method=TapeGet -sampler-include-method=adddef -sampler-include-method=addscan -sampler-include-method=adremdef -sampler-include-method=ampunit -sampler-include-method=ampval -sampler-include-method=angclaus -sampler-include-method=angstep -sampler-include-method=angunit -sampler-include-method=angval -sampler-include-method=blockdef -sampler-include-method=circspec -sampler-include-method=doubstep -sampler-include-method=elemdef -sampler-include-method=emsginit -sampler-include-method=fixgramp -sampler-include-method=fixgrpha -sampler-include-method=fixport -sampler-include-method=fixselem -sampler-include-method=fixsgrel -sampler-include-method=fixsgrid -sampler-include-method=floatsup -sampler-include-method=geomspec -sampler-include-method=grampexc -sampler-include-method=greldef -sampler-include-method=grexcdef -sampler-include-method=grgeodef -sampler-include-method=griddef1 -sampler-include-method=groupdef -sampler-include-method=grphaexc -sampler-include-method=grwrite -sampler-include-method=hexgrdef -sampler-include-method=isletter -sampler-include-method=kwdsinit -sampler-include-method=lenunit -sampler-include-method=main -sampler-include-method=moseinit -sampler-include-method=nodecoor -sampler-include-method=nodedef -sampler-include-method=nomefile -sampler-include-method=polspec -sampler-include-method=portspec -sampler-include-method=prnfile -sampler-include-method=readfil3 -sampler-include-method=recgrdef -sampler-include-method=recspec -sampler-include-method=remdef -sampler-include-method=secorpha -sampler-include-method=sgrampun -sampler-include-method=simamp -sampler-include-method=simgroup -sampler-include-method=simpha -sampler-include-method=simpol -sampler-include-method=sinelem -sampler-include-method=squgrdef -sampler-include-method=trigrdef -sampler-include-method=unaminit -sampler-include-method=unifamp -sampler-include-method=unifpha -sampler-include-method=versdef
space,13_-,5,prune.preprocess.size,1718912
space,13_-,5,prune.preprocess.time,66977
space,13_-,5,prune.preprocess.number,4190 
space,13_-,5,prune.preprocess.time_p,66692.0
space,13_-,5,prune.mine.size,5812
space,13_-,5,prune.mine.time,46240
space,13_-,5,boost.profile.time,9295
space,13_-,5,boost.profile.size,10036
# /home/sunzzq2/Data/IResearch/Automated_Bug_Isolation/Twopass_heavy/Subjects/space/versions/v13/v13_b.sites
space,13_-,5,boost.profile.number,5358
space,13_-,5,prune-minus-boost.profile.time,43329
space,13_-,5,prune-minus-boost.profile.size,263972
# /home/sunzzq2/Data/IResearch/Automated_Bug_Isolation/Twopass_heavy/Subjects/space/versions/v13/v13_pmb.sites
space,13_-,5,prune-minus-boost.profile.number,208436
space,13_-,5,end
