nanoxml,2_2,5,start
nanoxml,2_2,5,fine-grained.preprocess.size,96248
nanoxml,2_2,5,fine-grained.preprocess.time,721
nanoxml,2_2,5,fine-grained.preprocess.number,61 
nanoxml,2_2,5,fine-grained.preprocess.time_p,600.0
nanoxml,2_2,5,fine-grained.mine.size,5852
nanoxml,2_2,5,fine-grained.mine.time,2857
nanoxml,2_2,5,boost,0.05
nanoxml,2_2,5,boost.functions.count,12
nanoxml,2_2,5,boost.includes,-sampler-include-method=-Parser1_vw_v1--void-main-java.lang.String[]-- -sampler-include-method=-net.n3.nanoxml.NonValidator--void-parseDTD-java.lang.String,net.n3.nanoxml.IXMLReader,net.n3.nanoxml.IXMLEntityResolver,boolean-- -sampler-include-method=-net.n3.nanoxml.NonValidator--void-processElement-net.n3.nanoxml.IXMLReader,net.n3.nanoxml.IXMLEntityResolver-- -sampler-include-method=-net.n3.nanoxml.NonValidator--void-processEntity-net.n3.nanoxml.IXMLReader,net.n3.nanoxml.IXMLEntityResolver-- -sampler-include-method=-net.n3.nanoxml.StdXMLParser--void-processDocType--- -sampler-include-method=-net.n3.nanoxml.StdXMLReader--java.io.Reader-openStream-java.lang.String,java.lang.String-- -sampler-include-method=-net.n3.nanoxml.XMLEntityResolver--java.io.Reader-openExternalEntity-net.n3.nanoxml.IXMLReader,java.lang.String,java.lang.String-- -sampler-include-method=-net.n3.nanoxml.XMLEntityResolver--void-addExternalEntity-java.lang.String,java.lang.String,java.lang.String-- -sampler-include-method=-net.n3.nanoxml.XMLException--void--init--java.lang.String,int,java.lang.Exception,java.lang.String,boolean-- -sampler-include-method=-net.n3.nanoxml.XMLException--void-printStackTrace--- -sampler-include-method=-net.n3.nanoxml.XMLException--void-printStackTrace-java.io.PrintStream-- -sampler-include-method=-net.n3.nanoxml.XMLUtil--java.lang.String-scanString-net.n3.nanoxml.IXMLReader,char,boolean,net.n3.nanoxml.IXMLEntityResolver--
nanoxml,2_2,5,boost.preprocess.size,58016
nanoxml,2_2,5,boost.preprocess.time,365
nanoxml,2_2,5,boost.preprocess.number,22 
nanoxml,2_2,5,boost.preprocess.time_p,272.0
nanoxml,2_2,5,boost.mine.size,6080
nanoxml,2_2,5,boost.mine.time,1451
nanoxml,2_2,5,theta,0.293469
nanoxml,2_2,5,prune.functions.count,22
nanoxml,2_2,5,prune.includes,-sampler-include-method=-Parser1_vw_v1--void-main-java.lang.String[]-- -sampler-include-method=-net.n3.nanoxml.NonValidator--void-parseDTD-java.lang.String,net.n3.nanoxml.IXMLReader,net.n3.nanoxml.IXMLEntityResolver,boolean-- -sampler-include-method=-net.n3.nanoxml.NonValidator--void-processElement-net.n3.nanoxml.IXMLReader,net.n3.nanoxml.IXMLEntityResolver-- -sampler-include-method=-net.n3.nanoxml.NonValidator--void-processEntity-net.n3.nanoxml.IXMLReader,net.n3.nanoxml.IXMLEntityResolver-- -sampler-include-method=-net.n3.nanoxml.StdXMLParser--java.lang.Object-parse--- -sampler-include-method=-net.n3.nanoxml.StdXMLParser--void-processDocType--- -sampler-include-method=-net.n3.nanoxml.StdXMLParser--void-processSpecialTag-boolean-- -sampler-include-method=-net.n3.nanoxml.StdXMLParser--void-scanData--- -sampler-include-method=-net.n3.nanoxml.StdXMLParser--void-scanSomeTag-boolean-- -sampler-include-method=-net.n3.nanoxml.StdXMLReader--boolean-atEOF--- -sampler-include-method=-net.n3.nanoxml.StdXMLReader--char-read--- -sampler-include-method=-net.n3.nanoxml.StdXMLReader--int-getLineNr--- -sampler-include-method=-net.n3.nanoxml.StdXMLReader--java.io.Reader-stream2reader-java.io.InputStream,java.lang.StringBuffer-- -sampler-include-method=-net.n3.nanoxml.StdXMLReader--java.lang.String-getEncoding-java.lang.String-- -sampler-include-method=-net.n3.nanoxml.XMLException--void--init--java.lang.String,int,java.lang.Exception,java.lang.String,boolean-- -sampler-include-method=-net.n3.nanoxml.XMLException--void-printStackTrace--- -sampler-include-method=-net.n3.nanoxml.XMLException--void-printStackTrace-java.io.PrintStream-- -sampler-include-method=-net.n3.nanoxml.XMLUtil--boolean-checkLiteral-net.n3.nanoxml.IXMLReader,char,net.n3.nanoxml.IXMLEntityResolver,java.lang.String-- -sampler-include-method=-net.n3.nanoxml.XMLUtil--char-read-net.n3.nanoxml.IXMLReader,boolean[],char,net.n3.nanoxml.IXMLEntityResolver-- -sampler-include-method=-net.n3.nanoxml.XMLUtil--java.lang.String-scanIdentifier-net.n3.nanoxml.IXMLReader,char,net.n3.nanoxml.IXMLEntityResolver-- -sampler-include-method=-net.n3.nanoxml.XMLUtil--java.lang.String-scanString-net.n3.nanoxml.IXMLReader,char,boolean,net.n3.nanoxml.IXMLEntityResolver-- -sampler-include-method=-net.n3.nanoxml.XMLUtil--void-skipWhitespace-net.n3.nanoxml.IXMLReader,char,java.lang.StringBuffer,boolean[]--
nanoxml,2_2,5,prune.preprocess.size,59324
nanoxml,2_2,5,prune.preprocess.time,433
nanoxml,2_2,5,prune.preprocess.number,38 
nanoxml,2_2,5,prune.preprocess.time_p,345.0
nanoxml,2_2,5,prune.mine.size,5776
nanoxml,2_2,5,prune.mine.time,4982
nanoxml,2_2,5,boost.profile.time,63081
nanoxml,2_2,5,boost.profile.size,952
# /home/sunzzq2/Data/IResearch/Automated_Bug_Isolation/Twopass_heavy/Subjects/nanoxml/versions/v2/subv2/boost/output.sites
nanoxml,2_2,5,boost.profile.number,294
nanoxml,2_2,5,prune-minus-boost.profile.time,64252
nanoxml,2_2,5,prune-minus-boost.profile.size,952
# /home/sunzzq2/Data/IResearch/Automated_Bug_Isolation/Twopass_heavy/Subjects/nanoxml/versions/v2/subv2/prune-minus-boost/output.sites
nanoxml,2_2,5,prune-minus-boost.profile.number,604
nanoxml,2_2,5,end
