sed,3_5,5,start
sed,3_5,5,fine-grained.preprocess.size,1597580
sed,3_5,5,fine-grained.preprocess.time,22969
sed,3_5,5,fine-grained.preprocess.number,6803 
sed,3_5,5,fine-grained.preprocess.time_p,22779.0
sed,3_5,5,fine-grained.mine.size,5904
sed,3_5,5,fine-grained.mine.time,13169
sed,3_5,5,boost,0.05
sed,3_5,5,boost.functions.count,4
sed,3_5,5,boost.includes,-sampler-include-method=ck_fflush -sampler-include-method=compile_filename -sampler-include-method=do_subst -sampler-include-method=mark_subst_opts
sed,3_5,5,boost.preprocess.size,302576
sed,3_5,5,boost.preprocess.time,1041
sed,3_5,5,boost.preprocess.number,826 
sed,3_5,5,boost.preprocess.time_p,917.0
sed,3_5,5,boost.mine.size,5876
sed,3_5,5,boost.mine.time,1420
sed,3_5,5,theta,0.585583
sed,3_5,5,prune.functions.count,49
sed,3_5,5,prune.includes,-sampler-include-method=add1_buffer -sampler-include-method=check_final_program -sampler-include-method=ck_fclose -sampler-include-method=ck_fopen -sampler-include-method=ck_free -sampler-include-method=ck_fwrite -sampler-include-method=ck_malloc -sampler-include-method=ck_memdup -sampler-include-method=ck_realloc -sampler-include-method=ck_strdup -sampler-include-method=close_all_files -sampler-include-method=closedown -sampler-include-method=compile_address -sampler-include-method=compile_file -sampler-include-method=compile_filename -sampler-include-method=compile_program -sampler-include-method=compile_regex -sampler-include-method=do_subst -sampler-include-method=dump_append_queue -sampler-include-method=execute_program -sampler-include-method=free_buffer -sampler-include-method=in_nonblank -sampler-include-method=inchar -sampler-include-method=init_buffer -sampler-include-method=init_syntax_once -sampler-include-method=line_init -sampler-include-method=main -sampler-include-method=map_file -sampler-include-method=mark_subst_opts -sampler-include-method=match_address_p -sampler-include-method=match_an_address_p -sampler-include-method=match_slash -sampler-include-method=new_vector -sampler-include-method=next_cmd_entry -sampler-include-method=open_next_file -sampler-include-method=output_line -sampler-include-method=process_files -sampler-include-method=re_match_2_internal -sampler-include-method=re_search -sampler-include-method=re_search_2 -sampler-include-method=read_mem_line -sampler-include-method=read_pattern_space -sampler-include-method=regcomp -sampler-include-method=regex_compile -sampler-include-method=regnexec -sampler-include-method=resize_line -sampler-include-method=savchar -sampler-include-method=str_append -sampler-include-method=unmap_file
sed,3_5,5,prune.preprocess.size,1570784
sed,3_5,5,prune.preprocess.time,19162
sed,3_5,5,prune.preprocess.number,6668 
sed,3_5,5,prune.preprocess.time_p,18970.0
sed,3_5,5,prune.mine.size,5832
sed,3_5,5,prune.mine.time,11987
sed,3_5,5,boost.profile.time,3990
sed,3_5,5,boost.profile.size,5923
# /home/sunzzq2/Data/IResearch/Automated_Bug_Isolation/Twopass_heavy/Subjects/sed/versions/v3/subv5/v3_subv5_b.sites
sed,3_5,5,boost.profile.number,15806
sed,3_5,5,prune.profile.time,30775
sed,3_5,5,prune.profile.size,142286
# /home/sunzzq2/Data/IResearch/Automated_Bug_Isolation/Twopass_heavy/Subjects/sed/versions/v3/subv5/v3_subv5_p.sites
sed,3_5,5,prune.profile.number,386968
sed,3_5,5,prune-minus-boost.profile.time,30380
sed,3_5,5,prune-minus-boost.profile.size,132723
# /home/sunzzq2/Data/IResearch/Automated_Bug_Isolation/Twopass_heavy/Subjects/sed/versions/v3/subv5/v3_subv5_pmb.sites
sed,3_5,5,prune-minus-boost.profile.number,360916
sed,3_5,5,end
