space,22_-,5,start
space,22_-,5,fine-grained.preprocess.size,1928264
space,22_-,5,fine-grained.preprocess.time,88347
space,22_-,5,fine-grained.preprocess.number,4796 
space,22_-,5,fine-grained.preprocess.time_p,88066.0
space,22_-,5,fine-grained.mine.size,5788
space,22_-,5,fine-grained.mine.time,61690
space,22_-,5,boost,0.05
space,22_-,5,boost.functions.count,1
space,22_-,5,boost.includes,-sampler-include-method=seqrotrg
space,22_-,5,boost.preprocess.size,309508
space,22_-,5,boost.preprocess.time,1324
space,22_-,5,boost.preprocess.number,579 
space,22_-,5,boost.preprocess.time_p,1171.0
space,22_-,5,boost.mine.size,5832
space,22_-,5,boost.mine.time,1554
space,22_-,5,theta,0.175125
space,22_-,5,prune.functions.count,62
space,22_-,5,prune.includes,-sampler-include-method=Get1Real -sampler-include-method=GetInt -sampler-include-method=GetKeyword -sampler-include-method=GetReal -sampler-include-method=GetUName -sampler-include-method=InKWords -sampler-include-method=InUNames -sampler-include-method=InserUN -sampler-include-method=TapeGet -sampler-include-method=adddef -sampler-include-method=addscan -sampler-include-method=adremdef -sampler-include-method=ampunit -sampler-include-method=ampval -sampler-include-method=anglerot -sampler-include-method=elemdef -sampler-include-method=emsginit -sampler-include-method=extremes -sampler-include-method=fixgramp -sampler-include-method=fixgrpha -sampler-include-method=fixport -sampler-include-method=fixselem -sampler-include-method=fixsgrel -sampler-include-method=fixsgrid -sampler-include-method=floatsup -sampler-include-method=geomspec -sampler-include-method=grampexc -sampler-include-method=greldef -sampler-include-method=grexcdef -sampler-include-method=grgeodef -sampler-include-method=griddef1 -sampler-include-method=groupdef -sampler-include-method=grphaexc -sampler-include-method=isletter -sampler-include-method=kwdsinit -sampler-include-method=lenunit -sampler-include-method=main -sampler-include-method=moseinit -sampler-include-method=nodecoor -sampler-include-method=nodedef -sampler-include-method=nomefile -sampler-include-method=polspec -sampler-include-method=portspec -sampler-include-method=pqlimits -sampler-include-method=prnfile -sampler-include-method=readfil3 -sampler-include-method=recspec -sampler-include-method=remdef -sampler-include-method=secorpha -sampler-include-method=seqrotrg -sampler-include-method=serotdir -sampler-include-method=serotpar -sampler-include-method=serotpha -sampler-include-method=sgrphasr -sampler-include-method=simamp -sampler-include-method=simgroup -sampler-include-method=simpha -sampler-include-method=sinelem -sampler-include-method=squgrdef -sampler-include-method=unaminit -sampler-include-method=unifamp -sampler-include-method=unifpha
space,22_-,5,prune.preprocess.size,1752256
space,22_-,5,prune.preprocess.time,53280
space,22_-,5,prune.preprocess.number,4166 
space,22_-,5,prune.preprocess.time_p,53065.0
space,22_-,5,prune.mine.size,5904
space,22_-,5,prune.mine.time,51423
space,22_-,5,boost.profile.time,9724
space,22_-,5,boost.profile.size,9293
# /home/sunzzq2/Data/IResearch/Automated_Bug_Isolation/Twopass_heavy/Subjects/space/versions/v22/v22_b.sites
space,22_-,5,boost.profile.number,7272
space,22_-,5,prune.profile.time,52015
space,22_-,5,prune.profile.size,324146
# /home/sunzzq2/Data/IResearch/Automated_Bug_Isolation/Twopass_heavy/Subjects/space/versions/v22/v22_p.sites
space,22_-,5,prune.profile.number,260370
space,22_-,5,prune-minus-boost.profile.time,46814
space,22_-,5,prune-minus-boost.profile.size,280711
# /home/sunzzq2/Data/IResearch/Automated_Bug_Isolation/Twopass_heavy/Subjects/space/versions/v22/v22_pmb.sites
space,22_-,5,prune-minus-boost.profile.number,224784
space,22_-,5,end
