nanoxml,4_1,10,start
nanoxml,4_1,10,fine-grained.preprocess.size,218300
nanoxml,4_1,10,fine-grained.preprocess.time,744
nanoxml,4_1,10,fine-grained.preprocess.number,162 
nanoxml,4_1,10,fine-grained.preprocess.time_p,610.0
nanoxml,4_1,10,fine-grained.mine.size,5920
nanoxml,4_1,10,fine-grained.mine.time,1236
nanoxml,4_1,10,boost,0.05
nanoxml,4_1,10,boost.functions.count,3
nanoxml,4_1,10,boost.includes,-sampler-include-method=-net.n3.nanoxml.ContentReader--int-read-char[],int,int-- -sampler-include-method=-net.n3.nanoxml.ContentReader--void-close--- -sampler-include-method=-net.n3.nanoxml.StdXMLBuilder--void-addPCData-java.io.Reader,java.lang.String,int--
nanoxml,4_1,10,boost.preprocess.size,55676
nanoxml,4_1,10,boost.preprocess.time,354
nanoxml,4_1,10,boost.preprocess.number,15 
nanoxml,4_1,10,boost.preprocess.time_p,242.0
nanoxml,4_1,10,boost.mine.size,5828
nanoxml,4_1,10,boost.mine.time,1344
nanoxml,4_1,10,theta,0.030236
nanoxml,4_1,10,prune.functions.count,59
nanoxml,4_1,10,prune.includes,-sampler-include-method=-Parser1_vw_v1--void-main-java.lang.String[]-- -sampler-include-method=-Writer6_wy_v2--void-main-java.lang.String[]-- -sampler-include-method=-net.n3.nanoxml.CDATAReader--int-read-char[],int,int-- -sampler-include-method=-net.n3.nanoxml.CDATAReader--void-close--- -sampler-include-method=-net.n3.nanoxml.ContentReader--int-read-char[],int,int-- -sampler-include-method=-net.n3.nanoxml.ContentReader--void-close--- -sampler-include-method=-net.n3.nanoxml.NonValidator--void-attributeAdded-java.lang.String,java.lang.String,java.lang.String,int-- -sampler-include-method=-net.n3.nanoxml.NonValidator--void-elementAttributesProcessed-java.lang.String,java.util.Properties,java.lang.String,int-- -sampler-include-method=-net.n3.nanoxml.NonValidator--void-elementStarted-java.lang.String,java.lang.String,int-- -sampler-include-method=-net.n3.nanoxml.NonValidator--void-parseDTD-java.lang.String,net.n3.nanoxml.IXMLReader,net.n3.nanoxml.IXMLEntityResolver,boolean-- -sampler-include-method=-net.n3.nanoxml.NonValidator--void-processAttList-net.n3.nanoxml.IXMLReader,net.n3.nanoxml.IXMLEntityResolver-- -sampler-include-method=-net.n3.nanoxml.NonValidator--void-processElement-net.n3.nanoxml.IXMLReader,net.n3.nanoxml.IXMLEntityResolver-- -sampler-include-method=-net.n3.nanoxml.NonValidator--void-processEntity-net.n3.nanoxml.IXMLReader,net.n3.nanoxml.IXMLEntityResolver-- -sampler-include-method=-net.n3.nanoxml.StdXMLBuilder--void-addAttribute-java.lang.String,java.lang.String,java.lang.String,java.lang.String,java.lang.String-- -sampler-include-method=-net.n3.nanoxml.StdXMLBuilder--void-addPCData-java.io.Reader,java.lang.String,int-- -sampler-include-method=-net.n3.nanoxml.StdXMLBuilder--void-endElement-java.lang.String,java.lang.String,java.lang.String-- -sampler-include-method=-net.n3.nanoxml.StdXMLBuilder--void-startElement-java.lang.String,java.lang.String,java.lang.String,java.lang.String,int-- -sampler-include-method=-net.n3.nanoxml.StdXMLParser--java.lang.Object-parse--- -sampler-include-method=-net.n3.nanoxml.StdXMLParser--void-processAttribute-java.util.Vector,java.util.Vector,java.util.Vector-- -sampler-include-method=-net.n3.nanoxml.StdXMLParser--void-processCDATA--- -sampler-include-method=-net.n3.nanoxml.StdXMLParser--void-processDocType--- -sampler-include-method=-net.n3.nanoxml.StdXMLParser--void-processElement-java.lang.String,java.util.Properties-- -sampler-include-method=-net.n3.nanoxml.StdXMLParser--void-processSpecialTag-boolean-- -sampler-include-method=-net.n3.nanoxml.StdXMLParser--void-scanData--- -sampler-include-method=-net.n3.nanoxml.StdXMLParser--void-scanSomeTag-boolean,java.lang.String,java.util.Properties-- -sampler-include-method=-net.n3.nanoxml.StdXMLReader--boolean-atEOF--- -sampler-include-method=-net.n3.nanoxml.StdXMLReader--char-read--- -sampler-include-method=-net.n3.nanoxml.StdXMLReader--int-getLineNr--- -sampler-include-method=-net.n3.nanoxml.StdXMLReader--int-getStreamLevel--- -sampler-include-method=-net.n3.nanoxml.StdXMLReader--java.io.Reader-stream2reader-java.io.InputStream,java.lang.StringBuffer-- -sampler-include-method=-net.n3.nanoxml.StdXMLReader--java.lang.String-getEncoding-java.lang.String-- -sampler-include-method=-net.n3.nanoxml.StdXMLReader--net.n3.nanoxml.IXMLReader-fileReader-java.lang.String-- -sampler-include-method=-net.n3.nanoxml.StdXMLReader--void-startNewStream-java.io.Reader,boolean-- -sampler-include-method=-net.n3.nanoxml.XMLElement--boolean-hasAttribute-java.lang.String-- -sampler-include-method=-net.n3.nanoxml.XMLElement--boolean-hasChildren--- -sampler-include-method=-net.n3.nanoxml.XMLElement--int-getChildrenCount--- -sampler-include-method=-net.n3.nanoxml.XMLElement--java.lang.String-getAttribute-java.lang.String,java.lang.String-- -sampler-include-method=-net.n3.nanoxml.XMLElement--java.util.Enumeration-enumerateAttributeNames--- -sampler-include-method=-net.n3.nanoxml.XMLElement--net.n3.nanoxml.XMLAttribute-findAttribute-java.lang.String-- -sampler-include-method=-net.n3.nanoxml.XMLElement--void--init--java.lang.String,java.lang.String,java.lang.String,int-- -sampler-include-method=-net.n3.nanoxml.XMLElement--void-addChild-net.n3.nanoxml.IXMLElement-- -sampler-include-method=-net.n3.nanoxml.XMLElement--void-setAttribute-java.lang.String,java.lang.String-- -sampler-include-method=-net.n3.nanoxml.XMLEntityResolver--boolean-isExternalEntity-java.lang.String-- -sampler-include-method=-net.n3.nanoxml.XMLEntityResolver--java.io.Reader-getEntity-net.n3.nanoxml.IXMLReader,java.lang.String-- -sampler-include-method=-net.n3.nanoxml.XMLException--java.lang.String-buildMessage-java.lang.String,int,java.lang.Exception,java.lang.String,boolean-- -sampler-include-method=-net.n3.nanoxml.XMLException--void-printStackTrace--- -sampler-include-method=-net.n3.nanoxml.XMLException--void-printStackTrace-java.io.PrintStream-- -sampler-include-method=-net.n3.nanoxml.XMLUtil--boolean-checkLiteral-net.n3.nanoxml.IXMLReader,java.lang.String-- -sampler-include-method=-net.n3.nanoxml.XMLUtil--char-processCharLiteral-java.lang.String-- -sampler-include-method=-net.n3.nanoxml.XMLUtil--char-readChar-net.n3.nanoxml.IXMLReader,char-- -sampler-include-method=-net.n3.nanoxml.XMLUtil--java.lang.String-read-net.n3.nanoxml.IXMLReader,char-- -sampler-include-method=-net.n3.nanoxml.XMLUtil--java.lang.String-scanIdentifier-net.n3.nanoxml.IXMLReader-- -sampler-include-method=-net.n3.nanoxml.XMLUtil--java.lang.String-scanString-net.n3.nanoxml.IXMLReader,char,net.n3.nanoxml.IXMLEntityResolver-- -sampler-include-method=-net.n3.nanoxml.XMLUtil--void-processEntity-java.lang.String,net.n3.nanoxml.IXMLReader,net.n3.nanoxml.IXMLEntityResolver-- -sampler-include-method=-net.n3.nanoxml.XMLUtil--void-skipComment-net.n3.nanoxml.IXMLReader-- -sampler-include-method=-net.n3.nanoxml.XMLUtil--void-skipTag-net.n3.nanoxml.IXMLReader-- -sampler-include-method=-net.n3.nanoxml.XMLUtil--void-skipWhitespace-net.n3.nanoxml.IXMLReader,java.lang.StringBuffer-- -sampler-include-method=-net.n3.nanoxml.XMLWriter--void-write-net.n3.nanoxml.IXMLElement,boolean,int-- -sampler-include-method=-net.n3.nanoxml.XMLWriter--void-writeEncoded-java.lang.String--
nanoxml,4_1,10,prune.preprocess.size,161768
nanoxml,4_1,10,prune.preprocess.time,641
nanoxml,4_1,10,prune.preprocess.number,152 
nanoxml,4_1,10,prune.preprocess.time_p,524.0
nanoxml,4_1,10,prune.mine.size,5816
nanoxml,4_1,10,prune.mine.time,1460
nanoxml,4_1,10,boost.profile.time,190014
nanoxml,4_1,10,boost.profile.size,264
# /home/sunzzq2/Data/IResearch/Automated_Bug_Isolation/Twopass_heavy/Subjects/nanoxml/versions/v4/subv1/boost/output.sites
nanoxml,4_1,10,boost.profile.number,650
nanoxml,4_1,10,prune.profile.time,896086
nanoxml,4_1,10,prune.profile.size,967
# /home/sunzzq2/Data/IResearch/Automated_Bug_Isolation/Twopass_heavy/Subjects/nanoxml/versions/v4/subv1/prune/output.sites
nanoxml,4_1,10,prune.profile.number,2738
nanoxml,4_1,10,prune-minus-boost.profile.time,783721
nanoxml,4_1,10,prune-minus-boost.profile.size,779
# /home/sunzzq2/Data/IResearch/Automated_Bug_Isolation/Twopass_heavy/Subjects/nanoxml/versions/v4/subv1/prune-minus-boost/output.sites
nanoxml,4_1,10,prune-minus-boost.profile.number,2088
nanoxml,4_1,10,end
