nanoxml,2_6,5,start
nanoxml,2_6,5,fine-grained.preprocess.size,160304
nanoxml,2_6,5,fine-grained.preprocess.time,611
nanoxml,2_6,5,fine-grained.preprocess.number,101 
nanoxml,2_6,5,fine-grained.preprocess.time_p,501.0
nanoxml,2_6,5,fine-grained.mine.size,5888
nanoxml,2_6,5,fine-grained.mine.time,1119
nanoxml,2_6,5,boost,0.05
nanoxml,2_6,5,boost.functions.count,12
nanoxml,2_6,5,boost.includes,-sampler-include-method=-Parser1_vw_v0--void-main-java.lang.String[]-- -sampler-include-method=-Parser1_vw_v1--void-main-java.lang.String[]-- -sampler-include-method=-net.n3.nanoxml.NonValidator--void-parseDTD-java.lang.String,net.n3.nanoxml.IXMLReader,net.n3.nanoxml.IXMLEntityResolver,boolean-- -sampler-include-method=-net.n3.nanoxml.NonValidator--void-processElement-net.n3.nanoxml.IXMLReader,net.n3.nanoxml.IXMLEntityResolver-- -sampler-include-method=-net.n3.nanoxml.NonValidator--void-processEntity-net.n3.nanoxml.IXMLReader,net.n3.nanoxml.IXMLEntityResolver-- -sampler-include-method=-net.n3.nanoxml.StdXMLParser--void-processDocType--- -sampler-include-method=-net.n3.nanoxml.StdXMLReader--java.io.Reader-openStream-java.lang.String,java.lang.String-- -sampler-include-method=-net.n3.nanoxml.XMLEntityResolver--java.io.Reader-openExternalEntity-net.n3.nanoxml.IXMLReader,java.lang.String,java.lang.String-- -sampler-include-method=-net.n3.nanoxml.XMLException--void--init--java.lang.String,int,java.lang.Exception,java.lang.String,boolean-- -sampler-include-method=-net.n3.nanoxml.XMLException--void-printStackTrace--- -sampler-include-method=-net.n3.nanoxml.XMLException--void-printStackTrace-java.io.PrintStream-- -sampler-include-method=-net.n3.nanoxml.XMLUtil--java.lang.String-scanIdentifier-net.n3.nanoxml.IXMLReader,char,net.n3.nanoxml.IXMLEntityResolver--
nanoxml,2_6,5,boost.preprocess.size,65404
nanoxml,2_6,5,boost.preprocess.time,358
nanoxml,2_6,5,boost.preprocess.number,17 
nanoxml,2_6,5,boost.preprocess.time_p,255.0
nanoxml,2_6,5,boost.mine.size,5824
nanoxml,2_6,5,boost.mine.time,2239
nanoxml,2_6,5,theta,0.229288
nanoxml,2_6,5,prune.functions.count,25
nanoxml,2_6,5,prune.includes,-sampler-include-method=-Parser1_vw_v1--void-main-java.lang.String[]-- -sampler-include-method=-net.n3.nanoxml.NonValidator--void-parseDTD-java.lang.String,net.n3.nanoxml.IXMLReader,net.n3.nanoxml.IXMLEntityResolver,boolean-- -sampler-include-method=-net.n3.nanoxml.NonValidator--void-processElement-net.n3.nanoxml.IXMLReader,net.n3.nanoxml.IXMLEntityResolver-- -sampler-include-method=-net.n3.nanoxml.NonValidator--void-processEntity-net.n3.nanoxml.IXMLReader,net.n3.nanoxml.IXMLEntityResolver-- -sampler-include-method=-net.n3.nanoxml.StdXMLParser--java.lang.Object-parse--- -sampler-include-method=-net.n3.nanoxml.StdXMLParser--void-processDocType--- -sampler-include-method=-net.n3.nanoxml.StdXMLParser--void-processSpecialTag-boolean-- -sampler-include-method=-net.n3.nanoxml.StdXMLParser--void-scanData--- -sampler-include-method=-net.n3.nanoxml.StdXMLParser--void-scanSomeTag-boolean-- -sampler-include-method=-net.n3.nanoxml.StdXMLReader--boolean-atEOF--- -sampler-include-method=-net.n3.nanoxml.StdXMLReader--char-read--- -sampler-include-method=-net.n3.nanoxml.StdXMLReader--int-getLineNr--- -sampler-include-method=-net.n3.nanoxml.StdXMLReader--java.io.Reader-openStream-java.lang.String,java.lang.String-- -sampler-include-method=-net.n3.nanoxml.StdXMLReader--java.io.Reader-stream2reader-java.io.InputStream,java.lang.StringBuffer-- -sampler-include-method=-net.n3.nanoxml.StdXMLReader--java.lang.String-getEncoding-java.lang.String-- -sampler-include-method=-net.n3.nanoxml.XMLEntityResolver--java.io.Reader-getEntity-net.n3.nanoxml.IXMLReader,java.lang.String-- -sampler-include-method=-net.n3.nanoxml.XMLException--void--init--java.lang.String,int,java.lang.Exception,java.lang.String,boolean-- -sampler-include-method=-net.n3.nanoxml.XMLException--void-printStackTrace--- -sampler-include-method=-net.n3.nanoxml.XMLException--void-printStackTrace-java.io.PrintStream-- -sampler-include-method=-net.n3.nanoxml.XMLUtil--boolean-checkLiteral-net.n3.nanoxml.IXMLReader,char,net.n3.nanoxml.IXMLEntityResolver,java.lang.String-- -sampler-include-method=-net.n3.nanoxml.XMLUtil--char-read-net.n3.nanoxml.IXMLReader,boolean[],char,net.n3.nanoxml.IXMLEntityResolver-- -sampler-include-method=-net.n3.nanoxml.XMLUtil--java.io.Reader-scanEntity-boolean[],net.n3.nanoxml.IXMLReader,char,net.n3.nanoxml.IXMLEntityResolver-- -sampler-include-method=-net.n3.nanoxml.XMLUtil--java.lang.String-scanIdentifier-net.n3.nanoxml.IXMLReader,char,net.n3.nanoxml.IXMLEntityResolver-- -sampler-include-method=-net.n3.nanoxml.XMLUtil--java.lang.String-scanString-net.n3.nanoxml.IXMLReader,char,boolean,net.n3.nanoxml.IXMLEntityResolver-- -sampler-include-method=-net.n3.nanoxml.XMLUtil--void-skipWhitespace-net.n3.nanoxml.IXMLReader,char,java.lang.StringBuffer,boolean[]--
nanoxml,2_6,5,prune.preprocess.size,124576
nanoxml,2_6,5,prune.preprocess.time,516
nanoxml,2_6,5,prune.preprocess.number,42 
nanoxml,2_6,5,prune.preprocess.time_p,381.0
nanoxml,2_6,5,prune.mine.size,5852
nanoxml,2_6,5,prune.mine.time,1276
nanoxml,2_6,5,boost.profile.time,191549
nanoxml,2_6,5,boost.profile.size,173
# /home/sunzzq2/Data/IResearch/Automated_Bug_Isolation/Twopass_heavy/Subjects/nanoxml/versions/v2/subv6/boost/output.sites
nanoxml,2_6,5,boost.profile.number,258
nanoxml,2_6,5,prune.profile.time,688033
nanoxml,2_6,5,prune.profile.size,416
# /home/sunzzq2/Data/IResearch/Automated_Bug_Isolation/Twopass_heavy/Subjects/nanoxml/versions/v2/subv6/prune/output.sites
nanoxml,2_6,5,prune.profile.number,988
nanoxml,2_6,5,prune-minus-boost.profile.time,541377
nanoxml,2_6,5,prune-minus-boost.profile.size,321
# /home/sunzzq2/Data/IResearch/Automated_Bug_Isolation/Twopass_heavy/Subjects/nanoxml/versions/v2/subv6/prune-minus-boost/output.sites
nanoxml,2_6,5,prune-minus-boost.profile.number,738
nanoxml,2_6,5,end
