nanoxml,4_3,10,start
nanoxml,4_3,10,fine-grained.preprocess.size,161104
nanoxml,4_3,10,fine-grained.preprocess.time,647
nanoxml,4_3,10,fine-grained.preprocess.number,75 
nanoxml,4_3,10,fine-grained.preprocess.time_p,521.0
nanoxml,4_3,10,fine-grained.mine.size,5788
nanoxml,4_3,10,fine-grained.mine.time,1349
nanoxml,4_3,10,boost,0.05
nanoxml,4_3,10,boost.functions.count,13
nanoxml,4_3,10,boost.includes,-sampler-include-method=-net.n3.nanoxml.NonValidator--void-parseDTD-java.lang.String,net.n3.nanoxml.IXMLReader,net.n3.nanoxml.IXMLEntityResolver,boolean-- -sampler-include-method=-net.n3.nanoxml.NonValidator--void-processElement-net.n3.nanoxml.IXMLReader,net.n3.nanoxml.IXMLEntityResolver-- -sampler-include-method=-net.n3.nanoxml.NonValidator--void-processEntity-net.n3.nanoxml.IXMLReader,net.n3.nanoxml.IXMLEntityResolver-- -sampler-include-method=-net.n3.nanoxml.StdXMLReader--boolean-atEOFOfCurrentStream--- -sampler-include-method=-net.n3.nanoxml.StdXMLReader--java.io.Reader-openStream-java.lang.String,java.lang.String-- -sampler-include-method=-net.n3.nanoxml.XMLEntityResolver--void-addExternalEntity-java.lang.String,java.lang.String,java.lang.String-- -sampler-include-method=-net.n3.nanoxml.XMLEntityResolver--void-addInternalEntity-java.lang.String,java.lang.String-- -sampler-include-method=-net.n3.nanoxml.XMLException--java.lang.String-buildMessage-java.lang.String,int,java.lang.Exception,java.lang.String,boolean-- -sampler-include-method=-net.n3.nanoxml.XMLException--void-printStackTrace--- -sampler-include-method=-net.n3.nanoxml.XMLException--void-printStackTrace-java.io.PrintStream-- -sampler-include-method=-net.n3.nanoxml.XMLUtil--char-readChar-net.n3.nanoxml.IXMLReader,char-- -sampler-include-method=-net.n3.nanoxml.XMLUtil--java.lang.String-scanSystemID-net.n3.nanoxml.IXMLReader-- -sampler-include-method=-net.n3.nanoxml.XMLUtil--void-skipTag-net.n3.nanoxml.IXMLReader--
nanoxml,4_3,10,boost.preprocess.size,73956
nanoxml,4_3,10,boost.preprocess.time,394
nanoxml,4_3,10,boost.preprocess.number,23 
nanoxml,4_3,10,boost.preprocess.time_p,260.0
nanoxml,4_3,10,boost.mine.size,5864
nanoxml,4_3,10,boost.mine.time,1382
nanoxml,4_3,10,theta,0.534488
nanoxml,4_3,10,prune.functions.count,35
nanoxml,4_3,10,prune.includes,-sampler-include-method=-net.n3.nanoxml.NonValidator--void-parseDTD-java.lang.String,net.n3.nanoxml.IXMLReader,net.n3.nanoxml.IXMLEntityResolver,boolean-- -sampler-include-method=-net.n3.nanoxml.NonValidator--void-processAttList-net.n3.nanoxml.IXMLReader,net.n3.nanoxml.IXMLEntityResolver-- -sampler-include-method=-net.n3.nanoxml.NonValidator--void-processElement-net.n3.nanoxml.IXMLReader,net.n3.nanoxml.IXMLEntityResolver-- -sampler-include-method=-net.n3.nanoxml.NonValidator--void-processEntity-net.n3.nanoxml.IXMLReader,net.n3.nanoxml.IXMLEntityResolver-- -sampler-include-method=-net.n3.nanoxml.StdXMLParser--java.lang.Object-parse--- -sampler-include-method=-net.n3.nanoxml.StdXMLParser--void-processDocType--- -sampler-include-method=-net.n3.nanoxml.StdXMLParser--void-processSpecialTag-boolean-- -sampler-include-method=-net.n3.nanoxml.StdXMLParser--void-scanData--- -sampler-include-method=-net.n3.nanoxml.StdXMLParser--void-scanSomeTag-boolean,java.lang.String,java.util.Properties-- -sampler-include-method=-net.n3.nanoxml.StdXMLReader--boolean-atEOF--- -sampler-include-method=-net.n3.nanoxml.StdXMLReader--boolean-atEOFOfCurrentStream--- -sampler-include-method=-net.n3.nanoxml.StdXMLReader--char-read--- -sampler-include-method=-net.n3.nanoxml.StdXMLReader--int-getLineNr--- -sampler-include-method=-net.n3.nanoxml.StdXMLReader--int-getStreamLevel--- -sampler-include-method=-net.n3.nanoxml.StdXMLReader--java.io.Reader-openStream-java.lang.String,java.lang.String-- -sampler-include-method=-net.n3.nanoxml.StdXMLReader--java.io.Reader-stream2reader-java.io.InputStream,java.lang.StringBuffer-- -sampler-include-method=-net.n3.nanoxml.StdXMLReader--java.lang.String-getEncoding-java.lang.String-- -sampler-include-method=-net.n3.nanoxml.StdXMLReader--void-startNewStream-java.io.Reader,boolean-- -sampler-include-method=-net.n3.nanoxml.XMLElement--void--init--java.lang.String,java.lang.String,java.lang.String,int-- -sampler-include-method=-net.n3.nanoxml.XMLEntityResolver--boolean-isExternalEntity-java.lang.String-- -sampler-include-method=-net.n3.nanoxml.XMLEntityResolver--java.io.Reader-getEntity-net.n3.nanoxml.IXMLReader,java.lang.String-- -sampler-include-method=-net.n3.nanoxml.XMLEntityResolver--void-addExternalEntity-java.lang.String,java.lang.String,java.lang.String-- -sampler-include-method=-net.n3.nanoxml.XMLEntityResolver--void-addInternalEntity-java.lang.String,java.lang.String-- -sampler-include-method=-net.n3.nanoxml.XMLException--java.lang.String-buildMessage-java.lang.String,int,java.lang.Exception,java.lang.String,boolean-- -sampler-include-method=-net.n3.nanoxml.XMLException--void-printStackTrace--- -sampler-include-method=-net.n3.nanoxml.XMLException--void-printStackTrace-java.io.PrintStream-- -sampler-include-method=-net.n3.nanoxml.XMLUtil--boolean-checkLiteral-net.n3.nanoxml.IXMLReader,java.lang.String-- -sampler-include-method=-net.n3.nanoxml.XMLUtil--char-readChar-net.n3.nanoxml.IXMLReader,char-- -sampler-include-method=-net.n3.nanoxml.XMLUtil--java.lang.String-read-net.n3.nanoxml.IXMLReader,char-- -sampler-include-method=-net.n3.nanoxml.XMLUtil--java.lang.String-scanIdentifier-net.n3.nanoxml.IXMLReader-- -sampler-include-method=-net.n3.nanoxml.XMLUtil--java.lang.String-scanString-net.n3.nanoxml.IXMLReader,char,net.n3.nanoxml.IXMLEntityResolver-- -sampler-include-method=-net.n3.nanoxml.XMLUtil--java.lang.String-scanSystemID-net.n3.nanoxml.IXMLReader-- -sampler-include-method=-net.n3.nanoxml.XMLUtil--void-processEntity-java.lang.String,net.n3.nanoxml.IXMLReader,net.n3.nanoxml.IXMLEntityResolver-- -sampler-include-method=-net.n3.nanoxml.XMLUtil--void-skipTag-net.n3.nanoxml.IXMLReader-- -sampler-include-method=-net.n3.nanoxml.XMLUtil--void-skipWhitespace-net.n3.nanoxml.IXMLReader,java.lang.StringBuffer--
nanoxml,4_3,10,prune.preprocess.size,163012
nanoxml,4_3,10,prune.preprocess.time,550
nanoxml,4_3,10,prune.preprocess.number,67 
nanoxml,4_3,10,prune.preprocess.time_p,434.0
nanoxml,4_3,10,prune.mine.size,5788
nanoxml,4_3,10,prune.mine.time,1418
nanoxml,4_3,10,boost.profile.time,96117
nanoxml,4_3,10,boost.profile.size,170
# /home/sunzzq2/Data/IResearch/Automated_Bug_Isolation/Twopass_heavy/Subjects/nanoxml/versions/v4/subv3/boost/output.sites
nanoxml,4_3,10,boost.profile.number,270
nanoxml,4_3,10,prune.profile.time,586426
nanoxml,4_3,10,prune.profile.size,475
# /home/sunzzq2/Data/IResearch/Automated_Bug_Isolation/Twopass_heavy/Subjects/nanoxml/versions/v4/subv3/prune/output.sites
nanoxml,4_3,10,prune.profile.number,1164
nanoxml,4_3,10,prune-minus-boost.profile.time,553486
nanoxml,4_3,10,prune-minus-boost.profile.size,381
# /home/sunzzq2/Data/IResearch/Automated_Bug_Isolation/Twopass_heavy/Subjects/nanoxml/versions/v4/subv3/prune-minus-boost/output.sites
nanoxml,4_3,10,prune-minus-boost.profile.number,894
nanoxml,4_3,10,end
