nanoxml,2_2,1,start
nanoxml,2_2,1,coarse-grained.profile.time,270535
nanoxml,2_2,1,coarse-grained.profile.size,408
# /home/sunzzq2/Data/IResearch/Automated_Bug_Isolation/Twopass_heavy/Subjects/nanoxml/versions/v2/subv2/coarse-grained/output.sites
nanoxml,2_2,1,coarse-grained.profile.number,531
nanoxml,2_2,1,fine-grained.profile.time,1189116
nanoxml,2_2,1,fine-grained.profile.size,1653
# /home/sunzzq2/Data/IResearch/Automated_Bug_Isolation/Twopass_heavy/Subjects/nanoxml/versions/v2/subv2/fine-grained/output.sites
nanoxml,2_2,1,fine-grained.profile.number,5058
nanoxml,2_2,1,fine-grained.preprocess.size,160508
nanoxml,2_2,1,fine-grained.preprocess.time,674
nanoxml,2_2,1,fine-grained.preprocess.number,61 
nanoxml,2_2,1,fine-grained.preprocess.time_p,543.0
nanoxml,2_2,1,fine-grained.mine.size,5824
nanoxml,2_2,1,fine-grained.mine.time,1351
nanoxml,2_2,1,boost,0.05
nanoxml,2_2,1,boost.functions.count,12
nanoxml,2_2,1,boost.includes,-sampler-include-method=-Parser1_vw_v1--void-main-java.lang.String[]-- -sampler-include-method=-net.n3.nanoxml.NonValidator--void-parseDTD-java.lang.String,net.n3.nanoxml.IXMLReader,net.n3.nanoxml.IXMLEntityResolver,boolean-- -sampler-include-method=-net.n3.nanoxml.NonValidator--void-processElement-net.n3.nanoxml.IXMLReader,net.n3.nanoxml.IXMLEntityResolver-- -sampler-include-method=-net.n3.nanoxml.NonValidator--void-processEntity-net.n3.nanoxml.IXMLReader,net.n3.nanoxml.IXMLEntityResolver-- -sampler-include-method=-net.n3.nanoxml.StdXMLParser--void-processDocType--- -sampler-include-method=-net.n3.nanoxml.StdXMLReader--java.io.Reader-openStream-java.lang.String,java.lang.String-- -sampler-include-method=-net.n3.nanoxml.XMLEntityResolver--java.io.Reader-openExternalEntity-net.n3.nanoxml.IXMLReader,java.lang.String,java.lang.String-- -sampler-include-method=-net.n3.nanoxml.XMLEntityResolver--void-addExternalEntity-java.lang.String,java.lang.String,java.lang.String-- -sampler-include-method=-net.n3.nanoxml.XMLException--void--init--java.lang.String,int,java.lang.Exception,java.lang.String,boolean-- -sampler-include-method=-net.n3.nanoxml.XMLException--void-printStackTrace--- -sampler-include-method=-net.n3.nanoxml.XMLException--void-printStackTrace-java.io.PrintStream-- -sampler-include-method=-net.n3.nanoxml.XMLUtil--java.lang.String-scanString-net.n3.nanoxml.IXMLReader,char,boolean,net.n3.nanoxml.IXMLEntityResolver--
nanoxml,2_2,1,boost.preprocess.size,69064
nanoxml,2_2,1,boost.preprocess.time,366
nanoxml,2_2,1,boost.preprocess.number,22 
nanoxml,2_2,1,boost.preprocess.time_p,250.0
nanoxml,2_2,1,boost.mine.size,5836
nanoxml,2_2,1,boost.mine.time,1291
nanoxml,2_2,1,theta,0.414396
nanoxml,2_2,1,prune.functions.count,19
nanoxml,2_2,1,prune.includes,-sampler-include-method=-Parser1_vw_v1--void-main-java.lang.String[]-- -sampler-include-method=-net.n3.nanoxml.StdXMLParser--java.lang.Object-parse--- -sampler-include-method=-net.n3.nanoxml.StdXMLParser--void-processDocType--- -sampler-include-method=-net.n3.nanoxml.StdXMLParser--void-processSpecialTag-boolean-- -sampler-include-method=-net.n3.nanoxml.StdXMLParser--void-scanData--- -sampler-include-method=-net.n3.nanoxml.StdXMLParser--void-scanSomeTag-boolean-- -sampler-include-method=-net.n3.nanoxml.StdXMLReader--boolean-atEOF--- -sampler-include-method=-net.n3.nanoxml.StdXMLReader--char-read--- -sampler-include-method=-net.n3.nanoxml.StdXMLReader--int-getLineNr--- -sampler-include-method=-net.n3.nanoxml.StdXMLReader--java.io.Reader-stream2reader-java.io.InputStream,java.lang.StringBuffer-- -sampler-include-method=-net.n3.nanoxml.StdXMLReader--java.lang.String-getEncoding-java.lang.String-- -sampler-include-method=-net.n3.nanoxml.XMLException--void--init--java.lang.String,int,java.lang.Exception,java.lang.String,boolean-- -sampler-include-method=-net.n3.nanoxml.XMLException--void-printStackTrace--- -sampler-include-method=-net.n3.nanoxml.XMLException--void-printStackTrace-java.io.PrintStream-- -sampler-include-method=-net.n3.nanoxml.XMLUtil--boolean-checkLiteral-net.n3.nanoxml.IXMLReader,char,net.n3.nanoxml.IXMLEntityResolver,java.lang.String-- -sampler-include-method=-net.n3.nanoxml.XMLUtil--char-read-net.n3.nanoxml.IXMLReader,boolean[],char,net.n3.nanoxml.IXMLEntityResolver-- -sampler-include-method=-net.n3.nanoxml.XMLUtil--java.lang.String-scanIdentifier-net.n3.nanoxml.IXMLReader,char,net.n3.nanoxml.IXMLEntityResolver-- -sampler-include-method=-net.n3.nanoxml.XMLUtil--java.lang.String-scanString-net.n3.nanoxml.IXMLReader,char,boolean,net.n3.nanoxml.IXMLEntityResolver-- -sampler-include-method=-net.n3.nanoxml.XMLUtil--void-skipWhitespace-net.n3.nanoxml.IXMLReader,char,java.lang.StringBuffer,boolean[]--
nanoxml,2_2,1,prune.preprocess.size,101124
nanoxml,2_2,1,prune.preprocess.time,436
nanoxml,2_2,1,prune.preprocess.number,33 
nanoxml,2_2,1,prune.preprocess.time_p,287.0
nanoxml,2_2,1,prune.mine.size,5848
nanoxml,2_2,1,prune.mine.time,1318
nanoxml,2_2,1,boost.profile.time,133760
nanoxml,2_2,1,boost.profile.size,179
# /home/sunzzq2/Data/IResearch/Automated_Bug_Isolation/Twopass_heavy/Subjects/nanoxml/versions/v2/subv2/boost/output.sites
nanoxml,2_2,1,boost.profile.number,294
nanoxml,2_2,1,prune.profile.time,742704
nanoxml,2_2,1,prune.profile.size,329
# /home/sunzzq2/Data/IResearch/Automated_Bug_Isolation/Twopass_heavy/Subjects/nanoxml/versions/v2/subv2/prune/output.sites
nanoxml,2_2,1,prune.profile.number,724
nanoxml,2_2,1,prune-minus-boost.profile.time,690793
nanoxml,2_2,1,prune-minus-boost.profile.size,283
# /home/sunzzq2/Data/IResearch/Automated_Bug_Isolation/Twopass_heavy/Subjects/nanoxml/versions/v2/subv2/prune-minus-boost/output.sites
nanoxml,2_2,1,prune-minus-boost.profile.number,604
nanoxml,2_2,1,end
