3,21,10,start
3,21,10,raw.profile.time,1586
3,21,10,coarse-grained.profile.time,131431
3,21,10,coarse-grained.profile.number,6042
3,21,10,coarse-grained.profile.size,484
3,21,10,fine-grained.profile.time,478027
3,21,10,fine-grained.profile.size,31112
3,21,10,fine-grained.profile.number,191289
3,21,10,fine-grained.preprocess.size,4747184
3,21,10,fine-grained.preprocess.time,14334
3,21,10,fine-grained.preprocess.number,869
3,21,10,fine-grained.preprocess.time_p,13428.0
3,21,10,fine-grained.mine.size,41056
3,21,10,fine-grained.mine.time,1194
3,21,10,boost.includes,-sampler-include-method=-org.apache.commons.math3.linear.AbstractRealMatrix--double-getNorm--- -sampler-include-method=-org.apache.commons.math3.linear.MatrixUtils--org.apache.commons.math3.linear.RealMatrix-createRealMatrix-double[][]-- -sampler-include-method=-org.apache.commons.math3.linear.MatrixUtils--void-checkSubtractionCompatible-org.apache.commons.math3.linear.AnyMatrix,org.apache.commons.math3.linear.AnyMatrix--
3,21,10,boost.profile.number,9
3,21,10,boost.profile.time,1567
3,21,10,boost.profile.size,100
3,21,10,boost.preprocess.size,152256
3,21,10,boost.preprocess.time,1133
3,21,10,boost.preprocess.number,15
3,21,10,boost.preprocess.time_p,327.0
3,21,10,boost.mine.size,19152
3,21,10,boost.mine.time,75
3,21,10,prune.theta,0.085949
3,21,10,prune.includes,-sampler-include-method=-org.apache.commons.math3.linear.AbstractRealMatrix--double-getNorm--- -sampler-include-method=-org.apache.commons.math3.linear.MatrixUtils--org.apache.commons.math3.linear.RealMatrix-createRealMatrix-double[][]-- -sampler-include-method=-org.apache.commons.math3.linear.MatrixUtils--void-checkSubtractionCompatible-org.apache.commons.math3.linear.AnyMatrix,org.apache.commons.math3.linear.AnyMatrix-- -sampler-include-method=-org.apache.commons.math3.linear.AbstractRealMatrix--org.apache.commons.math3.linear.RealMatrix-subtract-org.apache.commons.math3.linear.RealMatrix-- -sampler-include-method=-org.apache.commons.math3.linear.Array2DRowRealMatrix--double-walkInColumnOrder-org.apache.commons.math3.linear.RealMatrixPreservingVisitor-- -sampler-include-method=-org.apache.commons.math3.linear.AbstractRealMatrix-1--void-visit-int,int,double-- -sampler-include-method=-org.apache.commons.math3.util.FastMath--double-max-double,double-- -sampler-include-method=-org.apache.commons.math3.linear.RectangularCholeskyDecomposition--void--init--org.apache.commons.math3.linear.RealMatrix,double-- -sampler-include-method=-org.apache.commons.math3.util.FastMath--double-sqrt-double-- -sampler-include-method=-org.apache.commons.math3.linear.AbstractRealMatrix--double-walkInOptimizedOrder-org.apache.commons.math3.linear.RealMatrixPreservingVisitor-- -sampler-include-method=-org.apache.commons.math3.linear.AbstractRealMatrix--org.apache.commons.math3.linear.RealMatrix-transpose--- -sampler-include-method=-org.apache.commons.math3.linear.MatrixUtils--void-checkMultiplicationCompatible-org.apache.commons.math3.linear.AnyMatrix,org.apache.commons.math3.linear.AnyMatrix-- -sampler-include-method=-org.apache.commons.math3.linear.Array2DRowRealMatrix--double-walkInRowOrder-org.apache.commons.math3.linear.RealMatrixPreservingVisitor-- -sampler-include-method=-org.apache.commons.math3.linear.AbstractRealMatrix--org.apache.commons.math3.linear.RealMatrix-multiply-org.apache.commons.math3.linear.RealMatrix-- -sampler-include-method=-org.apache.commons.math3.linear.AbstractRealMatrix--void--init--int,int-- -sampler-include-method=-org.apache.commons.math3.linear.MatrixUtils--org.apache.commons.math3.linear.RealMatrix-createRealMatrix-int,int-- -sampler-include-method=-org.apache.commons.math3.util.FastMath--double-abs-double-- -sampler-include-method=-org.apache.commons.math3.linear.Array2DRowRealMatrix--int-getRowDimension--- -sampler-include-method=-org.apache.commons.math3.linear.Array2DRowRealMatrix--int-getColumnDimension--- -sampler-include-method=-org.apache.commons.math3.linear.MatrixUtils--void-checkColumnIndex-org.apache.commons.math3.linear.AnyMatrix,int-- -sampler-include-method=-org.apache.commons.math3.linear.MatrixUtils--void-checkRowIndex-org.apache.commons.math3.linear.AnyMatrix,int-- -sampler-include-method=-org.apache.commons.math3.linear.Array2DRowRealMatrix--double[][]-copyOut--- -sampler-include-method=-org.apache.commons.math3.util.MathUtils--void-checkNotNull-java.lang.Object-- -sampler-include-method=-org.apache.commons.math3.linear.Array2DRowRealMatrix--void-setSubMatrix-double[][],int,int--
3,21,10,prune.includes_diff,-sampler-include-method=-org.apache.commons.math3.linear.AbstractRealMatrix--org.apache.commons.math3.linear.RealMatrix-subtract-org.apache.commons.math3.linear.RealMatrix-- -sampler-include-method=-org.apache.commons.math3.linear.Array2DRowRealMatrix--double-walkInColumnOrder-org.apache.commons.math3.linear.RealMatrixPreservingVisitor-- -sampler-include-method=-org.apache.commons.math3.linear.AbstractRealMatrix-1--void-visit-int,int,double-- -sampler-include-method=-org.apache.commons.math3.util.FastMath--double-max-double,double-- -sampler-include-method=-org.apache.commons.math3.linear.RectangularCholeskyDecomposition--void--init--org.apache.commons.math3.linear.RealMatrix,double-- -sampler-include-method=-org.apache.commons.math3.util.FastMath--double-sqrt-double-- -sampler-include-method=-org.apache.commons.math3.linear.AbstractRealMatrix--double-walkInOptimizedOrder-org.apache.commons.math3.linear.RealMatrixPreservingVisitor-- -sampler-include-method=-org.apache.commons.math3.linear.AbstractRealMatrix--org.apache.commons.math3.linear.RealMatrix-transpose--- -sampler-include-method=-org.apache.commons.math3.linear.MatrixUtils--void-checkMultiplicationCompatible-org.apache.commons.math3.linear.AnyMatrix,org.apache.commons.math3.linear.AnyMatrix-- -sampler-include-method=-org.apache.commons.math3.linear.Array2DRowRealMatrix--double-walkInRowOrder-org.apache.commons.math3.linear.RealMatrixPreservingVisitor-- -sampler-include-method=-org.apache.commons.math3.linear.AbstractRealMatrix--org.apache.commons.math3.linear.RealMatrix-multiply-org.apache.commons.math3.linear.RealMatrix-- -sampler-include-method=-org.apache.commons.math3.linear.AbstractRealMatrix--void--init--int,int-- -sampler-include-method=-org.apache.commons.math3.linear.MatrixUtils--org.apache.commons.math3.linear.RealMatrix-createRealMatrix-int,int-- -sampler-include-method=-org.apache.commons.math3.util.FastMath--double-abs-double-- -sampler-include-method=-org.apache.commons.math3.linear.Array2DRowRealMatrix--int-getRowDimension--- -sampler-include-method=-org.apache.commons.math3.linear.Array2DRowRealMatrix--int-getColumnDimension--- -sampler-include-method=-org.apache.commons.math3.linear.MatrixUtils--void-checkColumnIndex-org.apache.commons.math3.linear.AnyMatrix,int-- -sampler-include-method=-org.apache.commons.math3.linear.MatrixUtils--void-checkRowIndex-org.apache.commons.math3.linear.AnyMatrix,int-- -sampler-include-method=-org.apache.commons.math3.linear.Array2DRowRealMatrix--double[][]-copyOut--- -sampler-include-method=-org.apache.commons.math3.util.MathUtils--void-checkNotNull-java.lang.Object-- -sampler-include-method=-org.apache.commons.math3.linear.Array2DRowRealMatrix--void-setSubMatrix-double[][],int,int--
3,21,10,prune_s.profile.number,568
3,21,10,prune_s.profile.time,322058
3,21,10,prune_s.profile.size,196
3,21,10,prune.profile.number,585
3,21,10,prune.profile.time,358663
3,21,10,prune.profile.size,196
3,21,10,prune.preprocess.size,2254192
3,21,10,prune.preprocess.time,3710
3,21,10,prune.preprocess.number,869
3,21,10,prune.preprocess.time_p,2838.0
3,21,10,prune.mine.size,41600
3,21,10,prune.mine.time,1657
3,21,10,end
