3,40,1,start
3,40,1,raw.profile.time,8720
3,40,1,coarse-grained.profile.time,13308
3,40,1,coarse-grained.profile.number,5732
3,40,1,coarse-grained.profile.size,1820
3,40,1,fine-grained.profile.time,1113995
3,40,1,fine-grained.profile.size,107548
3,40,1,fine-grained.profile.number,175769
3,40,1,fine-grained.preprocess.size,9254176
3,40,1,fine-grained.preprocess.time,29764
3,40,1,fine-grained.preprocess.number,768
3,40,1,fine-grained.preprocess.time_p,28265.0
3,40,1,fine-grained.mine.size,25136
3,40,1,fine-grained.mine.time,195
3,40,1,boost.includes,-sampler-include-method=-org.apache.commons.math.exception.util.LocalizedFormats--java.lang.String-getLocalizedString-java.util.Locale-- -sampler-include-method=-org.apache.commons.math.exception.util.ExceptionContext--java.lang.String-buildMessage-java.util.Locale,java.lang.String--
3,40,1,boost.profile.number,3
3,40,1,boost.profile.time,8356
3,40,1,boost.profile.size,380
3,40,1,boost.preprocess.size,163472
3,40,1,boost.preprocess.time,1202
3,40,1,boost.preprocess.number,13
3,40,1,boost.preprocess.time_p,485.0
3,40,1,boost.mine.size,19648
3,40,1,boost.mine.time,127
3,40,1,prune.theta,0.088072
3,40,1,prune.includes,-sampler-include-method=-org.apache.commons.math.exception.util.LocalizedFormats--java.lang.String-getLocalizedString-java.util.Locale-- -sampler-include-method=-org.apache.commons.math.exception.util.ExceptionContext--java.lang.String-buildMessage-java.util.Locale,java.lang.String-- -sampler-include-method=-org.apache.commons.math.analysis.solvers.BracketingNthOrderBrentSolver--double-solve-int,org.apache.commons.math.analysis.UnivariateFunction,double,double,double,org.apache.commons.math.analysis.solvers.AllowedSolution-- -sampler-include-method=-org.apache.commons.math.analysis.solvers.BracketingNthOrderBrentSolver--void--init--double,double,double,int-- -sampler-include-method=-org.apache.commons.math.exception.util.ArgUtils--java.lang.Object[]-flatten-java.lang.Object[]-- -sampler-include-method=-org.apache.commons.math.analysis.solvers.BracketingNthOrderBrentSolver--double-guessX-double,double[],double[],int,int-- -sampler-include-method=-org.apache.commons.math.analysis.solvers.BracketingNthOrderBrentSolver--double-doSolve--- -sampler-include-method=-org.apache.commons.math.util.MathUtils--void-checkNotNull-java.lang.Object-- -sampler-include-method=-org.apache.commons.math.analysis.solvers.UnivariateRealSolverUtils--void-verifyInterval-double,double-- -sampler-include-method=-org.apache.commons.math.analysis.solvers.BaseAbstractUnivariateRealSolver--double-solve-int,org.apache.commons.math.analysis.UnivariateFunction,double,double,double-- -sampler-include-method=-org.apache.commons.math.analysis.solvers.BaseAbstractUnivariateRealSolver--double-computeObjectiveValue-double-- -sampler-include-method=-org.apache.commons.math.util.FastMath--long-abs-long-- -sampler-include-method=-org.apache.commons.math.util.Precision--boolean-equals-double,double,int-- -sampler-include-method=-org.apache.commons.math.util.Incrementor--void-incrementCount--- -sampler-include-method=-org.apache.commons.math.util.FastMath--double-max-double,double-- -sampler-include-method=-org.apache.commons.math.util.FastMath--double-abs-double--
3,40,1,prune.includes_diff,-sampler-include-method=-org.apache.commons.math.analysis.solvers.BracketingNthOrderBrentSolver--double-solve-int,org.apache.commons.math.analysis.UnivariateFunction,double,double,double,org.apache.commons.math.analysis.solvers.AllowedSolution-- -sampler-include-method=-org.apache.commons.math.analysis.solvers.BracketingNthOrderBrentSolver--void--init--double,double,double,int-- -sampler-include-method=-org.apache.commons.math.exception.util.ArgUtils--java.lang.Object[]-flatten-java.lang.Object[]-- -sampler-include-method=-org.apache.commons.math.analysis.solvers.BracketingNthOrderBrentSolver--double-guessX-double,double[],double[],int,int-- -sampler-include-method=-org.apache.commons.math.analysis.solvers.BracketingNthOrderBrentSolver--double-doSolve--- -sampler-include-method=-org.apache.commons.math.util.MathUtils--void-checkNotNull-java.lang.Object-- -sampler-include-method=-org.apache.commons.math.analysis.solvers.UnivariateRealSolverUtils--void-verifyInterval-double,double-- -sampler-include-method=-org.apache.commons.math.analysis.solvers.BaseAbstractUnivariateRealSolver--double-solve-int,org.apache.commons.math.analysis.UnivariateFunction,double,double,double-- -sampler-include-method=-org.apache.commons.math.analysis.solvers.BaseAbstractUnivariateRealSolver--double-computeObjectiveValue-double-- -sampler-include-method=-org.apache.commons.math.util.FastMath--long-abs-long-- -sampler-include-method=-org.apache.commons.math.util.Precision--boolean-equals-double,double,int-- -sampler-include-method=-org.apache.commons.math.util.Incrementor--void-incrementCount--- -sampler-include-method=-org.apache.commons.math.util.FastMath--double-max-double,double-- -sampler-include-method=-org.apache.commons.math.util.FastMath--double-abs-double--
3,40,1,prune_s.profile.number,878
3,40,1,prune_s.profile.time,17056
3,40,1,prune_s.profile.size,740
3,40,1,prune.profile.number,889
3,40,1,prune.profile.time,15283
3,40,1,prune.profile.size,740
3,40,1,prune.preprocess.size,2254048
3,40,1,prune.preprocess.time,3197
3,40,1,prune.preprocess.number,768
3,40,1,prune.preprocess.time_p,2498.0
3,40,1,prune.mine.size,26032
3,40,1,prune.mine.time,196
3,40,1,end
