3,33,1,start
3,33,1,raw.profile.time,762
3,33,1,coarse-grained.profile.time,13290
3,33,1,coarse-grained.profile.number,5716
3,33,1,coarse-grained.profile.size,564
3,33,1,fine-grained.profile.time,42864
3,33,1,fine-grained.profile.size,33384
3,33,1,fine-grained.profile.number,176196
3,33,1,fine-grained.preprocess.size,4924976
3,33,1,fine-grained.preprocess.time,16526
3,33,1,fine-grained.preprocess.number,1572
3,33,1,fine-grained.preprocess.time_p,15482.0
3,33,1,fine-grained.mine.size,46864
3,33,1,fine-grained.mine.time,3788
3,33,1,boost.includes,-sampler-include-method=-org.apache.commons.math3.optimization.linear.Relationship--org.apache.commons.math3.optimization.linear.Relationship-oppositeRelationship--- -sampler-include-method=-org.apache.commons.math3.optimization.PointValuePair--double[]-getPoint--- -sampler-include-method=-org.apache.commons.math3.optimization.linear.SimplexTableau--double-getInvertedCoefficientSum-org.apache.commons.math3.linear.RealVector-- -sampler-include-method=-org.apache.commons.math3.util.MathUtils--void-checkNotNull-java.lang.Object-- -sampler-include-method=-org.apache.commons.math3.linear.Array2DRowRealMatrix--void-setSubMatrix-double[][],int,int--
3,33,1,boost.profile.number,59
3,33,1,boost.profile.time,1352
3,33,1,boost.profile.size,116
3,33,1,boost.preprocess.size,209984
3,33,1,boost.preprocess.time,1429
3,33,1,boost.preprocess.number,72
3,33,1,boost.preprocess.time_p,557.0
3,33,1,boost.mine.size,19904
3,33,1,boost.mine.time,47
3,33,1,prune.theta,0.123896
3,33,1,prune.includes,-sampler-include-method=-org.apache.commons.math3.optimization.linear.Relationship--org.apache.commons.math3.optimization.linear.Relationship-oppositeRelationship--- -sampler-include-method=-org.apache.commons.math3.optimization.PointValuePair--double[]-getPoint--- -sampler-include-method=-org.apache.commons.math3.optimization.linear.SimplexTableau--double-getInvertedCoefficientSum-org.apache.commons.math3.linear.RealVector-- -sampler-include-method=-org.apache.commons.math3.util.MathUtils--void-checkNotNull-java.lang.Object-- -sampler-include-method=-org.apache.commons.math3.linear.Array2DRowRealMatrix--void-setSubMatrix-double[][],int,int-- -sampler-include-method=-org.apache.commons.math3.optimization.PointValuePair--void--init--double[],double,boolean-- -sampler-include-method=-org.apache.commons.math3.optimization.linear.LinearObjectiveFunction--double-getValue-double[]-- -sampler-include-method=-org.apache.commons.math3.linear.ArrayRealVector--double-dotProduct-org.apache.commons.math3.linear.RealVector-- -sampler-include-method=-org.apache.commons.math3.optimization.linear.SimplexTableau--org.apache.commons.math3.optimization.PointValuePair-getSolution--- -sampler-include-method=-org.apache.commons.math3.optimization.linear.AbstractLinearOptimizer--void-incrementIterationsCounter--- -sampler-include-method=-org.apache.commons.math3.optimization.linear.SimplexTableau--void-divideRow-int,double-- -sampler-include-method=-org.apache.commons.math3.optimization.linear.SimplexSolver--java.lang.Integer-getPivotColumn-org.apache.commons.math3.optimization.linear.SimplexTableau-- -sampler-include-method=-org.apache.commons.math3.optimization.linear.SimplexTableau--java.lang.Integer-getBasicRow-int-- -sampler-include-method=-org.apache.commons.math3.optimization.linear.SimplexSolver--void-doIteration-org.apache.commons.math3.optimization.linear.SimplexTableau-- -sampler-include-method=-org.apache.commons.math3.optimization.linear.SimplexSolver--java.lang.Integer-getPivotRow-org.apache.commons.math3.optimization.linear.SimplexTableau,int-- -sampler-include-method=-org.apache.commons.math3.optimization.linear.SimplexTableau--void-dropPhase1Objective--- -sampler-include-method=-org.apache.commons.math3.optimization.linear.SimplexTableau--int-getRhsOffset--- -sampler-include-method=-org.apache.commons.math3.util.Precision--int-compareTo-double,double,int-- -sampler-include-method=-org.apache.commons.math3.optimization.linear.SimplexTableau--int-getArtificialVariableOffset--- -sampler-include-method=-org.apache.commons.math3.optimization.linear.SimplexTableau--int-getHeight--- -sampler-include-method=-org.apache.commons.math3.util.Precision--int-compareTo-double,double,double-- -sampler-include-method=-org.apache.commons.math3.optimization.linear.SimplexSolver--org.apache.commons.math3.optimization.PointValuePair-doOptimize--- -sampler-include-method=-org.apache.commons.math3.util.FastMath--double-abs-double-- -sampler-include-method=-org.apache.commons.math3.optimization.linear.SimplexSolver--void-solvePhase1-org.apache.commons.math3.optimization.linear.SimplexTableau-- -sampler-include-method=-org.apache.commons.math3.util.Precision--boolean-equals-double,double,double-- -sampler-include-method=-org.apache.commons.math3.optimization.linear.SimplexTableau--boolean-isOptimal--- -sampler-include-method=-org.apache.commons.math3.optimization.linear.SimplexTableau--int-getWidth--- -sampler-include-method=-org.apache.commons.math3.optimization.linear.SimplexTableau--double-getEntry-int,int-- -sampler-include-method=-org.apache.commons.math3.util.FastMath--long-abs-long-- -sampler-include-method=-org.apache.commons.math3.optimization.linear.SimplexTableau--int-getSlackVariableOffset--- -sampler-include-method=-org.apache.commons.math3.util.Precision--boolean-equals-double,double,int-- -sampler-include-method=-org.apache.commons.math3.linear.AbstractRealMatrix--double[]-getRow-int-- -sampler-include-method=-org.apache.commons.math3.linear.AbstractRealMatrix--void-setRowVector-int,org.apache.commons.math3.linear.RealVector-- -sampler-include-method=-org.apache.commons.math3.linear.ArrayRealVector--org.apache.commons.math3.linear.ArrayRealVector-subtract-org.apache.commons.math3.linear.RealVector-- -sampler-include-method=-org.apache.commons.math3.linear.ArrayRealVector--void--init--double[],boolean-- -sampler-include-method=-org.apache.commons.math3.linear.ArrayRealVector--void-checkVectorDimensions-int-- -sampler-include-method=-org.apache.commons.math3.optimization.linear.SimplexTableau--int-getNumObjectiveFunctions--- -sampler-include-method=-org.apache.commons.math3.linear.Array2DRowRealMatrix--int-getRowDimension--- -sampler-include-method=-org.apache.commons.math3.linear.ArrayRealVector--void--init--org.apache.commons.math3.linear.ArrayRealVector,boolean-- -sampler-include-method=-org.apache.commons.math3.optimization.linear.SimplexTableau--int-getOriginalNumDecisionVariables--- -sampler-include-method=-org.apache.commons.math3.linear.Array2DRowRealMatrix--int-getColumnDimension--- -sampler-include-method=-org.apache.commons.math3.linear.AbstractRealMatrix--void--init--int,int-- -sampler-include-method=-org.apache.commons.math3.optimization.linear.SimplexTableau--java.util.List-normalizeConstraints-java.util.Collection-- -sampler-include-method=-org.apache.commons.math3.optimization.linear.SimplexTableau--void-copyArray-double[],double[]-- -sampler-include-method=-org.apache.commons.math3.optimization.linear.SimplexTableau--int-getConstraintTypeCounts-org.apache.commons.math3.optimization.linear.Relationship-- -sampler-include-method=-org.apache.commons.math3.linear.MatrixUtils--void-checkColumnIndex-org.apache.commons.math3.linear.AnyMatrix,int-- -sampler-include-method=-org.apache.commons.math3.linear.MatrixUtils--void-checkRowIndex-org.apache.commons.math3.linear.AnyMatrix,int-- -sampler-include-method=-org.apache.commons.math3.optimization.linear.SimplexTableau--org.apache.commons.math3.optimization.linear.LinearConstraint-normalize-org.apache.commons.math3.optimization.linear.LinearConstraint-- -sampler-include-method=-org.apache.commons.math3.linear.ArrayRealVector--org.apache.commons.math3.linear.RealVector-mapMultiplyToSelf-double-- -sampler-include-method=-org.apache.commons.math3.optimization.linear.SimplexTableau--void--init--org.apache.commons.math3.optimization.linear.LinearObjectiveFunction,java.util.Collection,org.apache.commons.math3.optimization.GoalType,boolean,double,int-- -sampler-include-method=-org.apache.commons.math3.optimization.linear.SimplexTableau--void-initializeColumnLabels--- -sampler-include-method=-org.apache.commons.math3.optimization.linear.SimplexTableau--org.apache.commons.math3.linear.RealMatrix-createTableau-boolean--
3,33,1,prune.includes_diff,-sampler-include-method=-org.apache.commons.math3.optimization.PointValuePair--void--init--double[],double,boolean-- -sampler-include-method=-org.apache.commons.math3.optimization.linear.LinearObjectiveFunction--double-getValue-double[]-- -sampler-include-method=-org.apache.commons.math3.linear.ArrayRealVector--double-dotProduct-org.apache.commons.math3.linear.RealVector-- -sampler-include-method=-org.apache.commons.math3.optimization.linear.SimplexTableau--org.apache.commons.math3.optimization.PointValuePair-getSolution--- -sampler-include-method=-org.apache.commons.math3.optimization.linear.AbstractLinearOptimizer--void-incrementIterationsCounter--- -sampler-include-method=-org.apache.commons.math3.optimization.linear.SimplexTableau--void-divideRow-int,double-- -sampler-include-method=-org.apache.commons.math3.optimization.linear.SimplexSolver--java.lang.Integer-getPivotColumn-org.apache.commons.math3.optimization.linear.SimplexTableau-- -sampler-include-method=-org.apache.commons.math3.optimization.linear.SimplexTableau--java.lang.Integer-getBasicRow-int-- -sampler-include-method=-org.apache.commons.math3.optimization.linear.SimplexSolver--void-doIteration-org.apache.commons.math3.optimization.linear.SimplexTableau-- -sampler-include-method=-org.apache.commons.math3.optimization.linear.SimplexSolver--java.lang.Integer-getPivotRow-org.apache.commons.math3.optimization.linear.SimplexTableau,int-- -sampler-include-method=-org.apache.commons.math3.optimization.linear.SimplexTableau--void-dropPhase1Objective--- -sampler-include-method=-org.apache.commons.math3.optimization.linear.SimplexTableau--int-getRhsOffset--- -sampler-include-method=-org.apache.commons.math3.util.Precision--int-compareTo-double,double,int-- -sampler-include-method=-org.apache.commons.math3.optimization.linear.SimplexTableau--int-getArtificialVariableOffset--- -sampler-include-method=-org.apache.commons.math3.optimization.linear.SimplexTableau--int-getHeight--- -sampler-include-method=-org.apache.commons.math3.util.Precision--int-compareTo-double,double,double-- -sampler-include-method=-org.apache.commons.math3.optimization.linear.SimplexSolver--org.apache.commons.math3.optimization.PointValuePair-doOptimize--- -sampler-include-method=-org.apache.commons.math3.util.FastMath--double-abs-double-- -sampler-include-method=-org.apache.commons.math3.optimization.linear.SimplexSolver--void-solvePhase1-org.apache.commons.math3.optimization.linear.SimplexTableau-- -sampler-include-method=-org.apache.commons.math3.util.Precision--boolean-equals-double,double,double-- -sampler-include-method=-org.apache.commons.math3.optimization.linear.SimplexTableau--boolean-isOptimal--- -sampler-include-method=-org.apache.commons.math3.optimization.linear.SimplexTableau--int-getWidth--- -sampler-include-method=-org.apache.commons.math3.optimization.linear.SimplexTableau--double-getEntry-int,int-- -sampler-include-method=-org.apache.commons.math3.util.FastMath--long-abs-long-- -sampler-include-method=-org.apache.commons.math3.optimization.linear.SimplexTableau--int-getSlackVariableOffset--- -sampler-include-method=-org.apache.commons.math3.util.Precision--boolean-equals-double,double,int-- -sampler-include-method=-org.apache.commons.math3.linear.AbstractRealMatrix--double[]-getRow-int-- -sampler-include-method=-org.apache.commons.math3.linear.AbstractRealMatrix--void-setRowVector-int,org.apache.commons.math3.linear.RealVector-- -sampler-include-method=-org.apache.commons.math3.linear.ArrayRealVector--org.apache.commons.math3.linear.ArrayRealVector-subtract-org.apache.commons.math3.linear.RealVector-- -sampler-include-method=-org.apache.commons.math3.linear.ArrayRealVector--void--init--double[],boolean-- -sampler-include-method=-org.apache.commons.math3.linear.ArrayRealVector--void-checkVectorDimensions-int-- -sampler-include-method=-org.apache.commons.math3.optimization.linear.SimplexTableau--int-getNumObjectiveFunctions--- -sampler-include-method=-org.apache.commons.math3.linear.Array2DRowRealMatrix--int-getRowDimension--- -sampler-include-method=-org.apache.commons.math3.linear.ArrayRealVector--void--init--org.apache.commons.math3.linear.ArrayRealVector,boolean-- -sampler-include-method=-org.apache.commons.math3.optimization.linear.SimplexTableau--int-getOriginalNumDecisionVariables--- -sampler-include-method=-org.apache.commons.math3.linear.Array2DRowRealMatrix--int-getColumnDimension--- -sampler-include-method=-org.apache.commons.math3.linear.AbstractRealMatrix--void--init--int,int-- -sampler-include-method=-org.apache.commons.math3.optimization.linear.SimplexTableau--java.util.List-normalizeConstraints-java.util.Collection-- -sampler-include-method=-org.apache.commons.math3.optimization.linear.SimplexTableau--void-copyArray-double[],double[]-- -sampler-include-method=-org.apache.commons.math3.optimization.linear.SimplexTableau--int-getConstraintTypeCounts-org.apache.commons.math3.optimization.linear.Relationship-- -sampler-include-method=-org.apache.commons.math3.linear.MatrixUtils--void-checkColumnIndex-org.apache.commons.math3.linear.AnyMatrix,int-- -sampler-include-method=-org.apache.commons.math3.linear.MatrixUtils--void-checkRowIndex-org.apache.commons.math3.linear.AnyMatrix,int-- -sampler-include-method=-org.apache.commons.math3.optimization.linear.SimplexTableau--org.apache.commons.math3.optimization.linear.LinearConstraint-normalize-org.apache.commons.math3.optimization.linear.LinearConstraint-- -sampler-include-method=-org.apache.commons.math3.linear.ArrayRealVector--org.apache.commons.math3.linear.RealVector-mapMultiplyToSelf-double-- -sampler-include-method=-org.apache.commons.math3.optimization.linear.SimplexTableau--void--init--org.apache.commons.math3.optimization.linear.LinearObjectiveFunction,java.util.Collection,org.apache.commons.math3.optimization.GoalType,boolean,double,int-- -sampler-include-method=-org.apache.commons.math3.optimization.linear.SimplexTableau--void-initializeColumnLabels--- -sampler-include-method=-org.apache.commons.math3.optimization.linear.SimplexTableau--org.apache.commons.math3.linear.RealMatrix-createTableau-boolean--
3,33,1,prune_s.profile.number,1133
3,33,1,prune_s.profile.time,40967
3,33,1,prune_s.profile.size,288
3,33,1,prune.profile.number,1200
3,33,1,prune.profile.time,40192
3,33,1,prune.profile.size,340
3,33,1,prune.preprocess.size,2718752
3,33,1,prune.preprocess.time,5928
3,33,1,prune.preprocess.number,1572
3,33,1,prune.preprocess.time_p,5152.0
3,33,1,prune.mine.size,46960
3,33,1,prune.mine.time,3279
3,33,1,end
