1,17,5,start
1,17,5,raw.profile.time,22552
1,17,5,coarse-grained.profile.time,37355
1,17,5,coarse-grained.profile.number,2297
1,17,5,coarse-grained.profile.size,15580
1,17,5,fine-grained.profile.time,270050
1,17,5,fine-grained.profile.size,205884
1,17,5,fine-grained.profile.number,16470
1,17,5,fine-grained.preprocess.size,17817280
1,17,5,fine-grained.preprocess.time,59971
1,17,5,fine-grained.preprocess.number,95
1,17,5,fine-grained.preprocess.time_p,58075.0
1,17,5,fine-grained.mine.size,23968
1,17,5,fine-grained.mine.time,87
1,17,5,boost.includes,-sampler-include-method=-org.apache.commons.lang3.text.translate.AggregateTranslator--int-translate-java.lang.CharSequence,int,java.io.Writer--
1,17,5,boost.profile.number,1
1,17,5,boost.profile.time,24550
1,17,5,boost.profile.size,7968
1,17,5,boost.preprocess.size,582512
1,17,5,boost.preprocess.time,4131
1,17,5,boost.preprocess.number,14
1,17,5,boost.preprocess.time_p,3287.0
1,17,5,boost.mine.size,21008
1,17,5,boost.mine.time,80
1,17,5,prune.theta,0.003647
1,17,5,prune.includes,-sampler-include-method=-org.apache.commons.lang3.text.translate.AggregateTranslator--int-translate-java.lang.CharSequence,int,java.io.Writer-- -sampler-include-method=-org.apache.commons.lang3.text.translate.LookupTranslator--int-translate-java.lang.CharSequence,int,java.io.Writer-- -sampler-include-method=-org.apache.commons.lang3.text.translate.CharSequenceTranslator--java.lang.String-translate-java.lang.CharSequence-- -sampler-include-method=-org.apache.commons.lang3.text.translate.CharSequenceTranslator--void-translate-java.lang.CharSequence,java.io.Writer--
1,17,5,prune.includes_diff,-sampler-include-method=-org.apache.commons.lang3.text.translate.LookupTranslator--int-translate-java.lang.CharSequence,int,java.io.Writer-- -sampler-include-method=-org.apache.commons.lang3.text.translate.CharSequenceTranslator--java.lang.String-translate-java.lang.CharSequence-- -sampler-include-method=-org.apache.commons.lang3.text.translate.CharSequenceTranslator--void-translate-java.lang.CharSequence,java.io.Writer--
1,17,5,prune_s.profile.number,81
1,17,5,prune_s.profile.time,26230
1,17,5,prune_s.profile.size,7964
1,17,5,prune.profile.number,90
1,17,5,prune.profile.time,34226
1,17,5,prune.profile.size,7964
1,17,5,prune.preprocess.size,2282736
1,17,5,prune.preprocess.time,6464
1,17,5,prune.preprocess.number,95
1,17,5,prune.preprocess.time_p,5501.0
1,17,5,prune.mine.size,24464
1,17,5,prune.mine.time,91
1,17,5,end
