2,1,10,start
2,1,10,raw.profile.time,45469
2,1,10,coarse-grained.profile.time,262063
2,1,10,coarse-grained.profile.number,8479
2,1,10,coarse-grained.profile.size,61776
2,1,10,fine-grained.profile.time,2518808
2,1,10,fine-grained.profile.size,1623216
2,1,10,fine-grained.profile.number,111180
2,1,10,fine-grained.preprocess.size,45185376
2,1,10,fine-grained.preprocess.time,393247
2,1,10,fine-grained.preprocess.number,576
2,1,10,fine-grained.preprocess.time_p,390387.0
2,1,10,fine-grained.mine.size,62752
2,1,10,fine-grained.mine.time,1037
2,1,10,boost.includes,-sampler-include-method=-org.jfree.chart.plot.CategoryPlot--void-setRenderer-int,org.jfree.chart.renderer.category.CategoryItemRenderer,boolean-- -sampler-include-method=-org.jfree.chart.plot.CategoryPlot--void-setDataset-int,org.jfree.data.category.CategoryDataset-- -sampler-include-method=-org.jfree.chart.plot.CategoryPlot--int-getIndexOf-org.jfree.chart.renderer.category.CategoryItemRenderer-- -sampler-include-method=-org.jfree.chart.renderer.category.AbstractCategoryItemRenderer--org.jfree.chart.LegendItemCollection-getLegendItems---
2,1,10,boost.profile.number,20
2,1,10,boost.profile.time,56167
2,1,10,boost.profile.size,9144
2,1,10,boost.preprocess.size,989152
2,1,10,boost.preprocess.time,4054
2,1,10,boost.preprocess.number,10
2,1,10,boost.preprocess.time_p,3210.0
2,1,10,boost.mine.size,24240
2,1,10,boost.mine.time,59
2,1,10,prune.theta,0.002677
2,1,10,prune.includes,-sampler-include-method=-org.jfree.chart.plot.CategoryPlot--void-setRenderer-int,org.jfree.chart.renderer.category.CategoryItemRenderer,boolean-- -sampler-include-method=-org.jfree.chart.plot.CategoryPlot--void-setDataset-int,org.jfree.data.category.CategoryDataset-- -sampler-include-method=-org.jfree.chart.plot.CategoryPlot--int-getIndexOf-org.jfree.chart.renderer.category.CategoryItemRenderer-- -sampler-include-method=-org.jfree.chart.renderer.category.AbstractCategoryItemRenderer--org.jfree.chart.LegendItemCollection-getLegendItems--- -sampler-include-method=-org.jfree.chart.LegendItemCollection--int-getItemCount--- -sampler-include-method=-org.jfree.chart.plot.DefaultDrawingSupplier--int[]-intArray-double,double,double-- -sampler-include-method=-org.jfree.chart.plot.DefaultDrawingSupplier--int[]-intArray-double,double,double,double-- -sampler-include-method=-org.jfree.chart.plot.DefaultDrawingSupplier--java.awt.Shape[]-createStandardSeriesShapes--- -sampler-include-method=-org.jfree.chart.renderer.category.AbstractCategoryItemRenderer--void-setPlot-org.jfree.chart.plot.CategoryPlot-- -sampler-include-method=-org.jfree.chart.util.ResourceBundleWrapper--java.util.ResourceBundle-getBundle-java.lang.String-- -sampler-include-method=-org.jfree.chart.plot.CategoryPlot--void-mapDatasetToRangeAxes-int,java.util.List-- -sampler-include-method=-org.jfree.chart.plot.CategoryPlot--void-mapDatasetToDomainAxes-int,java.util.List-- -sampler-include-method=-org.jfree.chart.plot.CategoryPlot--org.jfree.data.category.CategoryDataset-getDataset-int-- -sampler-include-method=-org.jfree.chart.plot.CategoryPlot--void-setDomainAxisLocation-int,org.jfree.chart.axis.AxisLocation,boolean-- -sampler-include-method=-org.jfree.chart.plot.CategoryPlot--void-setRangeAxisLocation-int,org.jfree.chart.axis.AxisLocation,boolean-- -sampler-include-method=-org.jfree.chart.plot.CategoryPlot--void--init--org.jfree.data.category.CategoryDataset,org.jfree.chart.axis.CategoryAxis,org.jfree.chart.axis.ValueAxis,org.jfree.chart.renderer.category.CategoryItemRenderer-- -sampler-include-method=-org.jfree.chart.plot.CategoryPlot--org.jfree.chart.axis.ValueAxis-getRangeAxis-int-- -sampler-include-method=-org.jfree.chart.plot.CategoryPlot--void-configureDomainAxes--- -sampler-include-method=-org.jfree.chart.plot.CategoryPlot--void-configureRangeAxes--- -sampler-include-method=-org.jfree.chart.plot.CategoryPlot--void-datasetChanged-org.jfree.data.event.DatasetChangeEvent-- -sampler-include-method=-org.jfree.chart.plot.CategoryPlot--void-checkAxisIndices-java.util.List-- -sampler-include-method=-org.jfree.chart.util.DefaultShadowGenerator--void--init--int,java.awt.Color,float,int,double-- -sampler-include-method=-org.jfree.chart.util.ObjectList--int-indexOf-java.lang.Object-- -sampler-include-method=-org.jfree.chart.util.AbstractObjectList--int-indexOf-java.lang.Object-- -sampler-include-method=-org.jfree.data.KeyedObjects2D--void-setObject-java.lang.Object,java.lang.Comparable,java.lang.Comparable-- -sampler-include-method=-org.jfree.chart.renderer.AbstractRenderer--void-addChangeListener-org.jfree.chart.event.RendererChangeListener-- -sampler-include-method=-org.jfree.data.KeyedObjects--void-setObject-java.lang.Comparable,java.lang.Object-- -sampler-include-method=-org.jfree.data.KeyedObjects--int-getIndex-java.lang.Comparable-- -sampler-include-method=-org.jfree.chart.labels.StandardCategorySeriesLabelGenerator--void--init--java.lang.String-- -sampler-include-method=-org.jfree.chart.util.AbstractObjectList--void-set-int,java.lang.Object-- -sampler-include-method=-org.jfree.chart.util.AbstractObjectList--java.lang.Object-get-int-- -sampler-include-method=-org.jfree.data.general.AbstractDataset--void-addChangeListener-org.jfree.data.event.DatasetChangeListener-- -sampler-include-method=-org.jfree.chart.plot.Plot--void-notifyListeners-org.jfree.chart.event.PlotChangeEvent-- -sampler-include-method=-org.jfree.chart.util.RectangleInsets--void--init--org.jfree.chart.util.UnitType,double,double,double,double-- -sampler-include-method=-org.jfree.chart.renderer.RenderAttributes--void-setDefaultFillPaint-java.awt.Paint-- -sampler-include-method=-org.jfree.chart.renderer.RenderAttributes--void--init--boolean-- -sampler-include-method=-org.jfree.chart.labels.ItemLabelPosition--void--init--org.jfree.chart.labels.ItemLabelAnchor,org.jfree.chart.text.TextAnchor,org.jfree.chart.text.TextAnchor,double-- -sampler-include-method=-org.jfree.data.general.AbstractDataset--void-notifyListeners-org.jfree.data.event.DatasetChangeEvent-- -sampler-include-method=-org.jfree.data.event.DatasetChangeEvent--void--init--java.lang.Object,org.jfree.data.general.Dataset,org.jfree.chart.event.DatasetChangeInfo--
2,1,10,prune.includes_diff,-sampler-include-method=-org.jfree.chart.LegendItemCollection--int-getItemCount--- -sampler-include-method=-org.jfree.chart.plot.DefaultDrawingSupplier--int[]-intArray-double,double,double-- -sampler-include-method=-org.jfree.chart.plot.DefaultDrawingSupplier--int[]-intArray-double,double,double,double-- -sampler-include-method=-org.jfree.chart.plot.DefaultDrawingSupplier--java.awt.Shape[]-createStandardSeriesShapes--- -sampler-include-method=-org.jfree.chart.renderer.category.AbstractCategoryItemRenderer--void-setPlot-org.jfree.chart.plot.CategoryPlot-- -sampler-include-method=-org.jfree.chart.util.ResourceBundleWrapper--java.util.ResourceBundle-getBundle-java.lang.String-- -sampler-include-method=-org.jfree.chart.plot.CategoryPlot--void-mapDatasetToRangeAxes-int,java.util.List-- -sampler-include-method=-org.jfree.chart.plot.CategoryPlot--void-mapDatasetToDomainAxes-int,java.util.List-- -sampler-include-method=-org.jfree.chart.plot.CategoryPlot--org.jfree.data.category.CategoryDataset-getDataset-int-- -sampler-include-method=-org.jfree.chart.plot.CategoryPlot--void-setDomainAxisLocation-int,org.jfree.chart.axis.AxisLocation,boolean-- -sampler-include-method=-org.jfree.chart.plot.CategoryPlot--void-setRangeAxisLocation-int,org.jfree.chart.axis.AxisLocation,boolean-- -sampler-include-method=-org.jfree.chart.plot.CategoryPlot--void--init--org.jfree.data.category.CategoryDataset,org.jfree.chart.axis.CategoryAxis,org.jfree.chart.axis.ValueAxis,org.jfree.chart.renderer.category.CategoryItemRenderer-- -sampler-include-method=-org.jfree.chart.plot.CategoryPlot--org.jfree.chart.axis.ValueAxis-getRangeAxis-int-- -sampler-include-method=-org.jfree.chart.plot.CategoryPlot--void-configureDomainAxes--- -sampler-include-method=-org.jfree.chart.plot.CategoryPlot--void-configureRangeAxes--- -sampler-include-method=-org.jfree.chart.plot.CategoryPlot--void-datasetChanged-org.jfree.data.event.DatasetChangeEvent-- -sampler-include-method=-org.jfree.chart.plot.CategoryPlot--void-checkAxisIndices-java.util.List-- -sampler-include-method=-org.jfree.chart.util.DefaultShadowGenerator--void--init--int,java.awt.Color,float,int,double-- -sampler-include-method=-org.jfree.chart.util.ObjectList--int-indexOf-java.lang.Object-- -sampler-include-method=-org.jfree.chart.util.AbstractObjectList--int-indexOf-java.lang.Object-- -sampler-include-method=-org.jfree.data.KeyedObjects2D--void-setObject-java.lang.Object,java.lang.Comparable,java.lang.Comparable-- -sampler-include-method=-org.jfree.chart.renderer.AbstractRenderer--void-addChangeListener-org.jfree.chart.event.RendererChangeListener-- -sampler-include-method=-org.jfree.data.KeyedObjects--void-setObject-java.lang.Comparable,java.lang.Object-- -sampler-include-method=-org.jfree.data.KeyedObjects--int-getIndex-java.lang.Comparable-- -sampler-include-method=-org.jfree.chart.labels.StandardCategorySeriesLabelGenerator--void--init--java.lang.String-- -sampler-include-method=-org.jfree.chart.util.AbstractObjectList--void-set-int,java.lang.Object-- -sampler-include-method=-org.jfree.chart.util.AbstractObjectList--java.lang.Object-get-int-- -sampler-include-method=-org.jfree.data.general.AbstractDataset--void-addChangeListener-org.jfree.data.event.DatasetChangeListener-- -sampler-include-method=-org.jfree.chart.plot.Plot--void-notifyListeners-org.jfree.chart.event.PlotChangeEvent-- -sampler-include-method=-org.jfree.chart.util.RectangleInsets--void--init--org.jfree.chart.util.UnitType,double,double,double,double-- -sampler-include-method=-org.jfree.chart.renderer.RenderAttributes--void-setDefaultFillPaint-java.awt.Paint-- -sampler-include-method=-org.jfree.chart.renderer.RenderAttributes--void--init--boolean-- -sampler-include-method=-org.jfree.chart.labels.ItemLabelPosition--void--init--org.jfree.chart.labels.ItemLabelAnchor,org.jfree.chart.text.TextAnchor,org.jfree.chart.text.TextAnchor,double-- -sampler-include-method=-org.jfree.data.general.AbstractDataset--void-notifyListeners-org.jfree.data.event.DatasetChangeEvent-- -sampler-include-method=-org.jfree.data.event.DatasetChangeEvent--void--init--java.lang.Object,org.jfree.data.general.Dataset,org.jfree.chart.event.DatasetChangeInfo--
2,1,10,prune_s.profile.number,550
2,1,10,prune_s.profile.time,54502
2,1,10,prune_s.profile.size,9176
2,1,10,prune.profile.number,578
2,1,10,prune.profile.time,52531
2,1,10,prune.profile.size,17916
2,1,10,prune.preprocess.size,41834032
2,1,10,prune.preprocess.time,63115
2,1,10,prune.preprocess.number,576
2,1,10,prune.preprocess.time_p,60692.0
2,1,10,prune.mine.size,62480
2,1,10,prune.mine.time,995
2,1,10,end
