3,4,5,start
3,4,5,raw.profile.time,1721
3,4,5,coarse-grained.profile.time,2195
3,4,5,coarse-grained.profile.number,7530
3,4,5,coarse-grained.profile.size,1260
3,4,5,fine-grained.profile.time,59951
3,4,5,fine-grained.profile.size,78832
3,4,5,fine-grained.profile.number,223455
3,4,5,fine-grained.preprocess.size,15033600
3,4,5,fine-grained.preprocess.time,31256
3,4,5,fine-grained.preprocess.number,4514
3,4,5,fine-grained.preprocess.time_p,29802.0
3,4,5,fine-grained.mine.size,128240
3,4,5,fine-grained.mine.time,12080
3,4,5,boost.includes,-sampler-include-method=-org.apache.commons.math3.geometry.euclidean.threed.Line--org.apache.commons.math3.geometry.euclidean.threed.Vector3D-intersection-org.apache.commons.math3.geometry.euclidean.threed.Line-- -sampler-include-method=-org.apache.commons.math3.geometry.euclidean.threed.Line--boolean-contains-org.apache.commons.math3.geometry.euclidean.threed.Vector3D-- -sampler-include-method=-org.apache.commons.math3.geometry.euclidean.threed.Line--double-distance-org.apache.commons.math3.geometry.euclidean.threed.Vector3D-- -sampler-include-method=-org.apache.commons.math3.geometry.euclidean.twod.SubLine--org.apache.commons.math3.geometry.euclidean.twod.Vector2D-intersection-org.apache.commons.math3.geometry.euclidean.twod.SubLine,boolean-- -sampler-include-method=-org.apache.commons.math3.geometry.euclidean.threed.SubLine--org.apache.commons.math3.geometry.euclidean.threed.Vector3D-intersection-org.apache.commons.math3.geometry.euclidean.threed.SubLine,boolean-- -sampler-include-method=-org.apache.commons.math3.geometry.euclidean.threed.Line--org.apache.commons.math3.geometry.euclidean.threed.Vector3D-closestPoint-org.apache.commons.math3.geometry.euclidean.threed.Line--
3,4,5,boost.profile.number,40
3,4,5,boost.profile.time,1907
3,4,5,boost.profile.size,220
3,4,5,boost.preprocess.size,213040
3,4,5,boost.preprocess.time,1215
3,4,5,boost.preprocess.number,39
3,4,5,boost.preprocess.time_p,505.0
3,4,5,boost.mine.size,19808
3,4,5,boost.mine.time,79
3,4,5,prune.theta,0.022499
3,4,5,prune.includes,-sampler-include-method=-org.apache.commons.math3.geometry.euclidean.threed.Line--org.apache.commons.math3.geometry.euclidean.threed.Vector3D-intersection-org.apache.commons.math3.geometry.euclidean.threed.Line-- -sampler-include-method=-org.apache.commons.math3.geometry.euclidean.threed.Line--boolean-contains-org.apache.commons.math3.geometry.euclidean.threed.Vector3D-- -sampler-include-method=-org.apache.commons.math3.geometry.euclidean.threed.Line--double-distance-org.apache.commons.math3.geometry.euclidean.threed.Vector3D-- -sampler-include-method=-org.apache.commons.math3.geometry.euclidean.twod.SubLine--org.apache.commons.math3.geometry.euclidean.twod.Vector2D-intersection-org.apache.commons.math3.geometry.euclidean.twod.SubLine,boolean-- -sampler-include-method=-org.apache.commons.math3.geometry.euclidean.threed.SubLine--org.apache.commons.math3.geometry.euclidean.threed.Vector3D-intersection-org.apache.commons.math3.geometry.euclidean.threed.SubLine,boolean-- -sampler-include-method=-org.apache.commons.math3.geometry.euclidean.threed.Line--org.apache.commons.math3.geometry.euclidean.threed.Vector3D-closestPoint-org.apache.commons.math3.geometry.euclidean.threed.Line-- -sampler-include-method=-org.apache.commons.math3.geometry.euclidean.threed.Line--double-getAbscissa-org.apache.commons.math3.geometry.euclidean.threed.Vector3D-- -sampler-include-method=-org.apache.commons.math3.geometry.euclidean.threed.Line--org.apache.commons.math3.geometry.euclidean.oned.Vector1D-toSubSpace-org.apache.commons.math3.geometry.Vector-- -sampler-include-method=-org.apache.commons.math3.geometry.euclidean.threed.SubLine--org.apache.commons.math3.geometry.euclidean.oned.IntervalsSet-buildIntervalSet-org.apache.commons.math3.geometry.euclidean.threed.Vector3D,org.apache.commons.math3.geometry.euclidean.threed.Vector3D-- -sampler-include-method=-org.apache.commons.math3.geometry.euclidean.oned.IntervalsSet--org.apache.commons.math3.geometry.partitioning.BSPTree-buildTree-double,double-- -sampler-include-method=-org.apache.commons.math3.geometry.euclidean.twod.SubLine--org.apache.commons.math3.geometry.euclidean.oned.IntervalsSet-buildIntervalSet-org.apache.commons.math3.geometry.euclidean.twod.Vector2D,org.apache.commons.math3.geometry.euclidean.twod.Vector2D-- -sampler-include-method=-org.apache.commons.math3.geometry.euclidean.threed.Vector3D--double-getNorm--- -sampler-include-method=-org.apache.commons.math3.geometry.euclidean.threed.Line--void-reset-org.apache.commons.math3.geometry.euclidean.threed.Vector3D,org.apache.commons.math3.geometry.euclidean.threed.Vector3D-- -sampler-include-method=-org.apache.commons.math3.geometry.euclidean.threed.Vector3D--double-dotProduct-org.apache.commons.math3.geometry.Vector-- -sampler-include-method=-org.apache.commons.math3.geometry.euclidean.threed.Vector3D--void--init--double,org.apache.commons.math3.geometry.euclidean.threed.Vector3D-- -sampler-include-method=-org.apache.commons.math3.geometry.euclidean.threed.Vector3D--void--init--double,org.apache.commons.math3.geometry.euclidean.threed.Vector3D,double,org.apache.commons.math3.geometry.euclidean.threed.Vector3D-- -sampler-include-method=-org.apache.commons.math3.geometry.euclidean.threed.Vector3D--org.apache.commons.math3.geometry.euclidean.threed.Vector3D-subtract-org.apache.commons.math3.geometry.Vector-- -sampler-include-method=-org.apache.commons.math3.geometry.euclidean.threed.Vector3D--double-getNormSq--- -sampler-include-method=-org.apache.commons.math3.util.MathArrays--double-linearCombination-double,double,double,double,double,double-- -sampler-include-method=-org.apache.commons.math3.util.MathArrays--double-linearCombination-double,double,double,double-- -sampler-include-method=-org.apache.commons.math3.geometry.euclidean.twod.Line--org.apache.commons.math3.geometry.euclidean.twod.Vector2D-intersection-org.apache.commons.math3.geometry.euclidean.twod.Line-- -sampler-include-method=-org.apache.commons.math3.geometry.euclidean.twod.Line--org.apache.commons.math3.geometry.euclidean.oned.Vector1D-toSubSpace-org.apache.commons.math3.geometry.Vector-- -sampler-include-method=-org.apache.commons.math3.util.FastMath--int-getExponent-double-- -sampler-include-method=-org.apache.commons.math3.util.FastMath--double-hypot-double,double-- -sampler-include-method=-org.apache.commons.math3.geometry.euclidean.twod.Line--void-reset-org.apache.commons.math3.geometry.euclidean.twod.Vector2D,org.apache.commons.math3.geometry.euclidean.twod.Vector2D-- -sampler-include-method=-org.apache.commons.math3.util.FastMath--double-atan2-double,double-- -sampler-include-method=-org.apache.commons.math3.util.FastMath--double-cosQ-double,double-- -sampler-include-method=-org.apache.commons.math3.util.FastMath--double-polyCosine-double-- -sampler-include-method=-org.apache.commons.math3.util.FastMath--double-cos-double-- -sampler-include-method=-org.apache.commons.math3.util.FastMath--double-polySine-double-- -sampler-include-method=-org.apache.commons.math3.util.FastMath--double-sin-double-- -sampler-include-method=-org.apache.commons.math3.util.FastMath--double-sinQ-double,double-- -sampler-include-method=-org.apache.commons.math3.util.FastMath--double-abs-double-- -sampler-include-method=-org.apache.commons.math3.util.FastMath--double-sqrt-double--
3,4,5,prune.includes_diff,-sampler-include-method=-org.apache.commons.math3.geometry.euclidean.threed.Line--double-getAbscissa-org.apache.commons.math3.geometry.euclidean.threed.Vector3D-- -sampler-include-method=-org.apache.commons.math3.geometry.euclidean.threed.Line--org.apache.commons.math3.geometry.euclidean.oned.Vector1D-toSubSpace-org.apache.commons.math3.geometry.Vector-- -sampler-include-method=-org.apache.commons.math3.geometry.euclidean.threed.SubLine--org.apache.commons.math3.geometry.euclidean.oned.IntervalsSet-buildIntervalSet-org.apache.commons.math3.geometry.euclidean.threed.Vector3D,org.apache.commons.math3.geometry.euclidean.threed.Vector3D-- -sampler-include-method=-org.apache.commons.math3.geometry.euclidean.oned.IntervalsSet--org.apache.commons.math3.geometry.partitioning.BSPTree-buildTree-double,double-- -sampler-include-method=-org.apache.commons.math3.geometry.euclidean.twod.SubLine--org.apache.commons.math3.geometry.euclidean.oned.IntervalsSet-buildIntervalSet-org.apache.commons.math3.geometry.euclidean.twod.Vector2D,org.apache.commons.math3.geometry.euclidean.twod.Vector2D-- -sampler-include-method=-org.apache.commons.math3.geometry.euclidean.threed.Vector3D--double-getNorm--- -sampler-include-method=-org.apache.commons.math3.geometry.euclidean.threed.Line--void-reset-org.apache.commons.math3.geometry.euclidean.threed.Vector3D,org.apache.commons.math3.geometry.euclidean.threed.Vector3D-- -sampler-include-method=-org.apache.commons.math3.geometry.euclidean.threed.Vector3D--double-dotProduct-org.apache.commons.math3.geometry.Vector-- -sampler-include-method=-org.apache.commons.math3.geometry.euclidean.threed.Vector3D--void--init--double,org.apache.commons.math3.geometry.euclidean.threed.Vector3D-- -sampler-include-method=-org.apache.commons.math3.geometry.euclidean.threed.Vector3D--void--init--double,org.apache.commons.math3.geometry.euclidean.threed.Vector3D,double,org.apache.commons.math3.geometry.euclidean.threed.Vector3D-- -sampler-include-method=-org.apache.commons.math3.geometry.euclidean.threed.Vector3D--org.apache.commons.math3.geometry.euclidean.threed.Vector3D-subtract-org.apache.commons.math3.geometry.Vector-- -sampler-include-method=-org.apache.commons.math3.geometry.euclidean.threed.Vector3D--double-getNormSq--- -sampler-include-method=-org.apache.commons.math3.util.MathArrays--double-linearCombination-double,double,double,double,double,double-- -sampler-include-method=-org.apache.commons.math3.util.MathArrays--double-linearCombination-double,double,double,double-- -sampler-include-method=-org.apache.commons.math3.geometry.euclidean.twod.Line--org.apache.commons.math3.geometry.euclidean.twod.Vector2D-intersection-org.apache.commons.math3.geometry.euclidean.twod.Line-- -sampler-include-method=-org.apache.commons.math3.geometry.euclidean.twod.Line--org.apache.commons.math3.geometry.euclidean.oned.Vector1D-toSubSpace-org.apache.commons.math3.geometry.Vector-- -sampler-include-method=-org.apache.commons.math3.util.FastMath--int-getExponent-double-- -sampler-include-method=-org.apache.commons.math3.util.FastMath--double-hypot-double,double-- -sampler-include-method=-org.apache.commons.math3.geometry.euclidean.twod.Line--void-reset-org.apache.commons.math3.geometry.euclidean.twod.Vector2D,org.apache.commons.math3.geometry.euclidean.twod.Vector2D-- -sampler-include-method=-org.apache.commons.math3.util.FastMath--double-atan2-double,double-- -sampler-include-method=-org.apache.commons.math3.util.FastMath--double-cosQ-double,double-- -sampler-include-method=-org.apache.commons.math3.util.FastMath--double-polyCosine-double-- -sampler-include-method=-org.apache.commons.math3.util.FastMath--double-cos-double-- -sampler-include-method=-org.apache.commons.math3.util.FastMath--double-polySine-double-- -sampler-include-method=-org.apache.commons.math3.util.FastMath--double-sin-double-- -sampler-include-method=-org.apache.commons.math3.util.FastMath--double-sinQ-double,double-- -sampler-include-method=-org.apache.commons.math3.util.FastMath--double-abs-double-- -sampler-include-method=-org.apache.commons.math3.util.FastMath--double-sqrt-double--
3,4,5,prune_s.profile.number,3405
3,4,5,prune_s.profile.time,27666
3,4,5,prune_s.profile.size,1452
3,4,5,prune.profile.number,3453
3,4,5,prune.profile.time,27551
3,4,5,prune.profile.size,1456
3,4,5,prune.preprocess.size,8630544
3,4,5,prune.preprocess.time,12123
3,4,5,prune.preprocess.number,4514
3,4,5,prune.preprocess.time_p,10853.0
3,4,5,prune.mine.size,127984
3,4,5,prune.mine.time,13514
3,4,5,end
