3,81,1,start
3,81,1,raw.profile.time,589
3,81,1,coarse-grained.profile.time,1962
3,81,1,coarse-grained.profile.number,3945
3,81,1,coarse-grained.profile.size,432
3,81,1,fine-grained.profile.time,443443
3,81,1,fine-grained.profile.size,27080
3,81,1,fine-grained.profile.number,113692
3,81,1,fine-grained.preprocess.size,8904608
3,81,1,fine-grained.preprocess.time,21059
3,81,1,fine-grained.preprocess.number,6338
3,81,1,fine-grained.preprocess.time_p,19967.0
3,81,1,fine-grained.mine.size,167968
3,81,1,fine-grained.mine.time,28571
3,81,1,boost.includes,-sampler-include-method=-org.apache.commons.math.linear.EigenDecompositionImpl--void--init--double[],double[],double--
3,81,1,boost.profile.number,1
3,81,1,boost.profile.time,879
3,81,1,boost.profile.size,152
3,81,1,boost.preprocess.size,149456
3,81,1,boost.preprocess.time,1150
3,81,1,boost.preprocess.number,17
3,81,1,boost.preprocess.time_p,377.0
3,81,1,boost.mine.size,18864
3,81,1,boost.mine.time,54
3,81,1,prune.theta,0.062933
3,81,1,prune.includes,-sampler-include-method=-org.apache.commons.math.linear.EigenDecompositionImpl--void--init--double[],double[],double-- -sampler-include-method=-org.apache.commons.math.linear.EigenDecompositionImpl--int-countEigenValues-double,int,int-- -sampler-include-method=-org.apache.commons.math.linear.EigenDecompositionImpl--void-updateSigma-double-- -sampler-include-method=-org.apache.commons.math.linear.EigenDecompositionImpl--void-ldlTDecomposition-double,int,int-- -sampler-include-method=-org.apache.commons.math.linear.EigenDecompositionImpl--boolean-flipIfWarranted-int,int-- -sampler-include-method=-org.apache.commons.math.linear.EigenDecompositionImpl--void-initialSplits-int-- -sampler-include-method=-org.apache.commons.math.linear.EigenDecompositionImpl--void-dqds-int,int-- -sampler-include-method=-org.apache.commons.math.linear.EigenDecompositionImpl--void-dqd-int,int-- -sampler-include-method=-org.apache.commons.math.linear.EigenDecompositionImpl--int-goodStep-int,int-- -sampler-include-method=-org.apache.commons.math.linear.EigenDecompositionImpl--void-processGeneralBlock-int-- -sampler-include-method=-org.apache.commons.math.linear.EigenDecompositionImpl--double[]-eigenvaluesRange-int,int-- -sampler-include-method=-org.apache.commons.math.linear.EigenDecompositionImpl--void-computeShiftIncrement-int,int,int-- -sampler-include-method=-org.apache.commons.math.linear.AbstractRealMatrix--double-walkInOptimizedOrder-org.apache.commons.math.linear.RealMatrixPreservingVisitor-- -sampler-include-method=-org.apache.commons.math.linear.AbstractRealMatrix--org.apache.commons.math.linear.RealMatrix-transpose--- -sampler-include-method=-org.apache.commons.math.linear.Array2DRowRealMatrix--double-walkInRowOrder-org.apache.commons.math.linear.RealMatrixPreservingVisitor-- -sampler-include-method=-org.apache.commons.math.linear.AbstractRealMatrix--void--init--int,int-- -sampler-include-method=-org.apache.commons.math.linear.Array2DRowRealMatrix--void-setEntry-int,int,double-- -sampler-include-method=-org.apache.commons.math.linear.MatrixUtils--void-checkMultiplicationCompatible-org.apache.commons.math.linear.AnyMatrix,org.apache.commons.math.linear.AnyMatrix-- -sampler-include-method=-org.apache.commons.math.linear.Array2DRowRealMatrix--void--init--double[][],boolean-- -sampler-include-method=-org.apache.commons.math.linear.Array2DRowRealMatrix--org.apache.commons.math.linear.Array2DRowRealMatrix-multiply-org.apache.commons.math.linear.Array2DRowRealMatrix-- -sampler-include-method=-org.apache.commons.math.linear.MatrixUtils--org.apache.commons.math.linear.RealMatrix-createRealMatrix-double[][]-- -sampler-include-method=-org.apache.commons.math.linear.Array2DRowRealMatrix--void-setSubMatrix-double[][],int,int-- -sampler-include-method=-org.apache.commons.math.linear.Array2DRowRealMatrix--int-getRowDimension--- -sampler-include-method=-org.apache.commons.math.linear.EigenDecompositionImpl--void-decompose--- -sampler-include-method=-org.apache.commons.math.linear.Array2DRowRealMatrix--int-getColumnDimension--- -sampler-include-method=-org.apache.commons.math.linear.EigenDecompositionImpl--java.util.List-computeSplits--- -sampler-include-method=-org.apache.commons.math.linear.EigenDecompositionImpl--void-computeGershgorinCircles--- -sampler-include-method=-org.apache.commons.math.linear.EigenDecompositionImpl--void-findEigenvalues---
3,81,1,prune.includes_diff,-sampler-include-method=-org.apache.commons.math.linear.EigenDecompositionImpl--int-countEigenValues-double,int,int-- -sampler-include-method=-org.apache.commons.math.linear.EigenDecompositionImpl--void-updateSigma-double-- -sampler-include-method=-org.apache.commons.math.linear.EigenDecompositionImpl--void-ldlTDecomposition-double,int,int-- -sampler-include-method=-org.apache.commons.math.linear.EigenDecompositionImpl--boolean-flipIfWarranted-int,int-- -sampler-include-method=-org.apache.commons.math.linear.EigenDecompositionImpl--void-initialSplits-int-- -sampler-include-method=-org.apache.commons.math.linear.EigenDecompositionImpl--void-dqds-int,int-- -sampler-include-method=-org.apache.commons.math.linear.EigenDecompositionImpl--void-dqd-int,int-- -sampler-include-method=-org.apache.commons.math.linear.EigenDecompositionImpl--int-goodStep-int,int-- -sampler-include-method=-org.apache.commons.math.linear.EigenDecompositionImpl--void-processGeneralBlock-int-- -sampler-include-method=-org.apache.commons.math.linear.EigenDecompositionImpl--double[]-eigenvaluesRange-int,int-- -sampler-include-method=-org.apache.commons.math.linear.EigenDecompositionImpl--void-computeShiftIncrement-int,int,int-- -sampler-include-method=-org.apache.commons.math.linear.AbstractRealMatrix--double-walkInOptimizedOrder-org.apache.commons.math.linear.RealMatrixPreservingVisitor-- -sampler-include-method=-org.apache.commons.math.linear.AbstractRealMatrix--org.apache.commons.math.linear.RealMatrix-transpose--- -sampler-include-method=-org.apache.commons.math.linear.Array2DRowRealMatrix--double-walkInRowOrder-org.apache.commons.math.linear.RealMatrixPreservingVisitor-- -sampler-include-method=-org.apache.commons.math.linear.AbstractRealMatrix--void--init--int,int-- -sampler-include-method=-org.apache.commons.math.linear.Array2DRowRealMatrix--void-setEntry-int,int,double-- -sampler-include-method=-org.apache.commons.math.linear.MatrixUtils--void-checkMultiplicationCompatible-org.apache.commons.math.linear.AnyMatrix,org.apache.commons.math.linear.AnyMatrix-- -sampler-include-method=-org.apache.commons.math.linear.Array2DRowRealMatrix--void--init--double[][],boolean-- -sampler-include-method=-org.apache.commons.math.linear.Array2DRowRealMatrix--org.apache.commons.math.linear.Array2DRowRealMatrix-multiply-org.apache.commons.math.linear.Array2DRowRealMatrix-- -sampler-include-method=-org.apache.commons.math.linear.MatrixUtils--org.apache.commons.math.linear.RealMatrix-createRealMatrix-double[][]-- -sampler-include-method=-org.apache.commons.math.linear.Array2DRowRealMatrix--void-setSubMatrix-double[][],int,int-- -sampler-include-method=-org.apache.commons.math.linear.Array2DRowRealMatrix--int-getRowDimension--- -sampler-include-method=-org.apache.commons.math.linear.EigenDecompositionImpl--void-decompose--- -sampler-include-method=-org.apache.commons.math.linear.Array2DRowRealMatrix--int-getColumnDimension--- -sampler-include-method=-org.apache.commons.math.linear.EigenDecompositionImpl--java.util.List-computeSplits--- -sampler-include-method=-org.apache.commons.math.linear.EigenDecompositionImpl--void-computeGershgorinCircles--- -sampler-include-method=-org.apache.commons.math.linear.EigenDecompositionImpl--void-findEigenvalues---
3,81,1,prune_s.profile.number,5816
3,81,1,prune_s.profile.time,20195
3,81,1,prune_s.profile.size,1488
3,81,1,prune.profile.number,5825
3,81,1,prune.profile.time,17521
3,81,1,prune.profile.size,1488
3,81,1,prune.preprocess.size,5371712
3,81,1,prune.preprocess.time,10001
3,81,1,prune.preprocess.number,6338
3,81,1,prune.preprocess.time_p,8701.0
3,81,1,prune.mine.size,167984
3,81,1,prune.mine.time,26360
3,81,1,end
