1,63,10,start
1,63,10,raw.profile.time,23433
1,63,10,coarse-grained.profile.time,51328
1,63,10,coarse-grained.profile.number,2023
1,63,10,coarse-grained.profile.size,12900
1,63,10,fine-grained.profile.time,3994029
1,63,10,fine-grained.profile.size,151732
1,63,10,fine-grained.profile.number,14850
1,63,10,fine-grained.preprocess.size,27597920
1,63,10,fine-grained.preprocess.time,70280
1,63,10,fine-grained.preprocess.number,957
1,63,10,fine-grained.preprocess.time_p,67535.0
1,63,10,fine-grained.mine.size,50736
1,63,10,fine-grained.mine.time,1363
1,63,10,boost.includes,-sampler-include-method=-org.apache.commons.lang.time.DurationFormatUtils--int-reduceAndCorrect-java.util.Calendar,java.util.Calendar,int,int--
1,63,10,boost.profile.number,2
1,63,10,boost.profile.time,30288
1,63,10,boost.profile.size,6592
1,63,10,boost.preprocess.size,552160
1,63,10,boost.preprocess.time,3510
1,63,10,boost.preprocess.number,18
1,63,10,boost.preprocess.time_p,2713.0
1,63,10,boost.mine.size,20768
1,63,10,boost.mine.time,96
1,63,10,prune.theta,0.005904
1,63,10,prune.includes,-sampler-include-method=-org.apache.commons.lang.time.DurationFormatUtils--int-reduceAndCorrect-java.util.Calendar,java.util.Calendar,int,int-- -sampler-include-method=-org.apache.commons.lang.time.DurationFormatUtils--java.lang.String-formatPeriod-long,long,java.lang.String,boolean,java.util.TimeZone-- -sampler-include-method=-org.apache.commons.lang.time.DurationFormatUtils-Token--void-increment--- -sampler-include-method=-org.apache.commons.lang.time.DurationFormatUtils-Token--boolean-containsTokenWithValue-org.apache.commons.lang.time.DurationFormatUtils-Token[],java.lang.Object-- -sampler-include-method=-org.apache.commons.lang.time.DurationFormatUtils--java.lang.String-format-org.apache.commons.lang.time.DurationFormatUtils-Token[],int,int,int,int,int,int,int,boolean-- -sampler-include-method=-org.apache.commons.lang.time.DurationFormatUtils--org.apache.commons.lang.time.DurationFormatUtils-Token[]-lexx-java.lang.String-- -sampler-include-method=-org.apache.commons.lang.StringUtils--java.lang.String-leftPad-java.lang.String,int,char--
1,63,10,prune.includes_diff,-sampler-include-method=-org.apache.commons.lang.time.DurationFormatUtils--java.lang.String-formatPeriod-long,long,java.lang.String,boolean,java.util.TimeZone-- -sampler-include-method=-org.apache.commons.lang.time.DurationFormatUtils-Token--void-increment--- -sampler-include-method=-org.apache.commons.lang.time.DurationFormatUtils-Token--boolean-containsTokenWithValue-org.apache.commons.lang.time.DurationFormatUtils-Token[],java.lang.Object-- -sampler-include-method=-org.apache.commons.lang.time.DurationFormatUtils--java.lang.String-format-org.apache.commons.lang.time.DurationFormatUtils-Token[],int,int,int,int,int,int,int,boolean-- -sampler-include-method=-org.apache.commons.lang.time.DurationFormatUtils--org.apache.commons.lang.time.DurationFormatUtils-Token[]-lexx-java.lang.String-- -sampler-include-method=-org.apache.commons.lang.StringUtils--java.lang.String-leftPad-java.lang.String,int,char--
1,63,10,prune_s.profile.number,784
1,63,10,prune_s.profile.time,32002
1,63,10,prune_s.profile.size,12900
1,63,10,prune.profile.number,794
1,63,10,prune.profile.time,30161
1,63,10,prune.profile.size,12900
1,63,10,prune.preprocess.size,17091184
1,63,10,prune.preprocess.time,22592
1,63,10,prune.preprocess.number,957
1,63,10,prune.preprocess.time_p,20887.0
1,63,10,prune.mine.size,50544
1,63,10,prune.mine.time,1925
1,63,10,end
