2,11,1,start
2,11,1,raw.profile.time,37321
2,11,1,coarse-grained.profile.time,220055
2,11,1,coarse-grained.profile.number,7380
2,11,1,coarse-grained.profile.size,43448
2,11,1,fine-grained.profile.time,2386344
2,11,1,fine-grained.profile.size,1179808
2,11,1,fine-grained.profile.number,98509
2,11,1,fine-grained.preprocess.size,44421248
2,11,1,fine-grained.preprocess.time,247895
2,11,1,fine-grained.preprocess.number,56
2,11,1,fine-grained.preprocess.time_p,244957.0
2,11,1,fine-grained.mine.size,22304
2,11,1,fine-grained.mine.time,58
2,11,1,boost.includes,-sampler-include-method=-org.jfree.chart.util.ShapeUtilities--boolean-equal-java.awt.geom.GeneralPath,java.awt.geom.GeneralPath--
2,11,1,boost.profile.number,42
2,11,1,boost.profile.time,46472
2,11,1,boost.profile.size,7488
2,11,1,boost.preprocess.size,998000
2,11,1,boost.preprocess.time,3923
2,11,1,boost.preprocess.number,55
2,11,1,boost.preprocess.time_p,3063.0
2,11,1,boost.mine.size,21280
2,11,1,boost.mine.time,54
2,11,1,prune.theta,0.003814
2,11,1,prune.includes,-sampler-include-method=-org.jfree.chart.util.ShapeUtilities--boolean-equal-java.awt.geom.GeneralPath,java.awt.geom.GeneralPath-- -sampler-include-method=-org.jfree.chart.util.ShapeUtilities--void--clinit----
2,11,1,prune.includes_diff,-sampler-include-method=-org.jfree.chart.util.ShapeUtilities--void--clinit----
2,11,1,prune_s.profile.number,-7
2,11,1,prune_s.profile.time,46466
2,11,1,prune_s.profile.size,7488
2,11,1,prune.profile.number,43
2,11,1,prune.profile.time,40693
2,11,1,prune.profile.size,7488
2,11,1,prune.preprocess.size,1414176
2,11,1,prune.preprocess.time,3761
2,11,1,prune.preprocess.number,56
2,11,1,prune.preprocess.time_p,3095.0
2,11,1,prune.mine.size,22288
2,11,1,prune.mine.time,96
2,11,1,end
