3,43,10,start
3,43,10,raw.profile.time,5056
3,43,10,coarse-grained.profile.time,11146
3,43,10,coarse-grained.profile.number,5722
3,43,10,coarse-grained.profile.size,1580
3,43,10,fine-grained.profile.time,1438723
3,43,10,fine-grained.profile.size,91504
3,43,10,fine-grained.profile.number,172981
3,43,10,fine-grained.preprocess.size,9524784
3,43,10,fine-grained.preprocess.time,31706
3,43,10,fine-grained.preprocess.number,1549
3,43,10,fine-grained.preprocess.time_p,29931.0
3,43,10,fine-grained.mine.size,50416
3,43,10,fine-grained.mine.time,1929
3,43,10,boost.includes,-sampler-include-method=-org.apache.commons.math.stat.descriptive.SummaryStatistics--void-checkEmpty--- -sampler-include-method=-org.apache.commons.math.stat.descriptive.AbstractUnivariateStatistic--boolean-test-double[],int,int,boolean--
3,43,10,boost.profile.number,14
3,43,10,boost.profile.time,4906
3,43,10,boost.profile.size,332
3,43,10,boost.preprocess.size,167200
3,43,10,boost.preprocess.time,1443
3,43,10,boost.preprocess.number,13
3,43,10,boost.preprocess.time_p,790.0
3,43,10,boost.mine.size,19264
3,43,10,boost.mine.time,46
3,43,10,prune.theta,0.087911
3,43,10,prune.includes,-sampler-include-method=-org.apache.commons.math.stat.descriptive.SummaryStatistics--void-checkEmpty--- -sampler-include-method=-org.apache.commons.math.stat.descriptive.AbstractUnivariateStatistic--boolean-test-double[],int,int,boolean-- -sampler-include-method=-org.apache.commons.math.stat.descriptive.AbstractStorelessUnivariateStatistic--double-evaluate-double[]-- -sampler-include-method=-org.apache.commons.math.stat.descriptive.summary.SumOfLogs--void-increment-double-- -sampler-include-method=-org.apache.commons.math.stat.descriptive.SummaryStatistics--void-addValue-double-- -sampler-include-method=-org.apache.commons.math.stat.descriptive.rank.Max--void-increment-double-- -sampler-include-method=-org.apache.commons.math.stat.descriptive.rank.Min--void-increment-double-- -sampler-include-method=-org.apache.commons.math.stat.descriptive.summary.Sum--void-increment-double-- -sampler-include-method=-org.apache.commons.math.stat.descriptive.summary.SumOfSquares--void-increment-double-- -sampler-include-method=-org.apache.commons.math.stat.descriptive.moment.SecondMoment--void-increment-double-- -sampler-include-method=-org.apache.commons.math.stat.descriptive.moment.FirstMoment--void-increment-double-- -sampler-include-method=-org.apache.commons.math.util.FastMath--double-sqrt-double-- -sampler-include-method=-org.apache.commons.math.util.FastMath--double-log-double-- -sampler-include-method=-org.apache.commons.math.stat.descriptive.moment.GeometricMean--double-evaluate-double[],int,int-- -sampler-include-method=-org.apache.commons.math.stat.descriptive.summary.SumOfLogs--double-evaluate-double[],int,int-- -sampler-include-method=-org.apache.commons.math.util.FastMath--double-log-double,double[]-- -sampler-include-method=-org.apache.commons.math.stat.descriptive.summary.Sum--double-evaluate-double[],int,int-- -sampler-include-method=-org.apache.commons.math.stat.descriptive.moment.Mean--double-evaluate-double[],int,int-- -sampler-include-method=-org.apache.commons.math.stat.descriptive.AbstractUnivariateStatistic--boolean-test-double[],int,int-- -sampler-include-method=-org.apache.commons.math.stat.descriptive.moment.Variance--double-evaluate-double[]-- -sampler-include-method=-org.apache.commons.math.stat.descriptive.SummaryStatistics--double-getGeometricMean--- -sampler-include-method=-org.apache.commons.math.stat.descriptive.moment.GeometricMean--double-getResult--- -sampler-include-method=-org.apache.commons.math.stat.descriptive.moment.Variance--void-clear--- -sampler-include-method=-org.apache.commons.math.stat.descriptive.moment.Variance--double-evaluate-double[],int,int-- -sampler-include-method=-org.apache.commons.math.stat.descriptive.moment.Variance--double-evaluate-double[],double,int,int-- -sampler-include-method=-org.apache.commons.math.stat.descriptive.SummaryStatistics--double-getMean--- -sampler-include-method=-org.apache.commons.math.util.FastMath--double-exp-double-- -sampler-include-method=-org.apache.commons.math.stat.descriptive.SummaryStatistics--double-getVariance--- -sampler-include-method=-org.apache.commons.math.stat.descriptive.moment.Variance--double-getResult--- -sampler-include-method=-org.apache.commons.math.util.FastMath--double-exp-double,double,double[]--
3,43,10,prune.includes_diff,-sampler-include-method=-org.apache.commons.math.stat.descriptive.AbstractStorelessUnivariateStatistic--double-evaluate-double[]-- -sampler-include-method=-org.apache.commons.math.stat.descriptive.summary.SumOfLogs--void-increment-double-- -sampler-include-method=-org.apache.commons.math.stat.descriptive.SummaryStatistics--void-addValue-double-- -sampler-include-method=-org.apache.commons.math.stat.descriptive.rank.Max--void-increment-double-- -sampler-include-method=-org.apache.commons.math.stat.descriptive.rank.Min--void-increment-double-- -sampler-include-method=-org.apache.commons.math.stat.descriptive.summary.Sum--void-increment-double-- -sampler-include-method=-org.apache.commons.math.stat.descriptive.summary.SumOfSquares--void-increment-double-- -sampler-include-method=-org.apache.commons.math.stat.descriptive.moment.SecondMoment--void-increment-double-- -sampler-include-method=-org.apache.commons.math.stat.descriptive.moment.FirstMoment--void-increment-double-- -sampler-include-method=-org.apache.commons.math.util.FastMath--double-sqrt-double-- -sampler-include-method=-org.apache.commons.math.util.FastMath--double-log-double-- -sampler-include-method=-org.apache.commons.math.stat.descriptive.moment.GeometricMean--double-evaluate-double[],int,int-- -sampler-include-method=-org.apache.commons.math.stat.descriptive.summary.SumOfLogs--double-evaluate-double[],int,int-- -sampler-include-method=-org.apache.commons.math.util.FastMath--double-log-double,double[]-- -sampler-include-method=-org.apache.commons.math.stat.descriptive.summary.Sum--double-evaluate-double[],int,int-- -sampler-include-method=-org.apache.commons.math.stat.descriptive.moment.Mean--double-evaluate-double[],int,int-- -sampler-include-method=-org.apache.commons.math.stat.descriptive.AbstractUnivariateStatistic--boolean-test-double[],int,int-- -sampler-include-method=-org.apache.commons.math.stat.descriptive.moment.Variance--double-evaluate-double[]-- -sampler-include-method=-org.apache.commons.math.stat.descriptive.SummaryStatistics--double-getGeometricMean--- -sampler-include-method=-org.apache.commons.math.stat.descriptive.moment.GeometricMean--double-getResult--- -sampler-include-method=-org.apache.commons.math.stat.descriptive.moment.Variance--void-clear--- -sampler-include-method=-org.apache.commons.math.stat.descriptive.moment.Variance--double-evaluate-double[],int,int-- -sampler-include-method=-org.apache.commons.math.stat.descriptive.moment.Variance--double-evaluate-double[],double,int,int-- -sampler-include-method=-org.apache.commons.math.stat.descriptive.SummaryStatistics--double-getMean--- -sampler-include-method=-org.apache.commons.math.util.FastMath--double-exp-double-- -sampler-include-method=-org.apache.commons.math.stat.descriptive.SummaryStatistics--double-getVariance--- -sampler-include-method=-org.apache.commons.math.stat.descriptive.moment.Variance--double-getResult--- -sampler-include-method=-org.apache.commons.math.util.FastMath--double-exp-double,double,double[]--
3,43,10,prune_s.profile.number,1654
3,43,10,prune_s.profile.time,88644
3,43,10,prune_s.profile.size,1020
3,43,10,prune.profile.number,1676
3,43,10,prune.profile.time,92635
3,43,10,prune.profile.size,1028
3,43,10,prune.preprocess.size,4388160
3,43,10,prune.preprocess.time,6343
3,43,10,prune.preprocess.number,1549
3,43,10,prune.preprocess.time_p,5302.0
3,43,10,prune.mine.size,50464
3,43,10,prune.mine.time,1255
3,43,10,end
