1,27,10,start
1,27,10,raw.profile.time,19444
1,27,10,coarse-grained.profile.time,34281
1,27,10,coarse-grained.profile.number,2213
1,27,10,coarse-grained.profile.size,14592
1,27,10,fine-grained.profile.time,262366
1,27,10,fine-grained.profile.size,185952
1,27,10,fine-grained.profile.number,15689
1,27,10,fine-grained.preprocess.size,34117440
1,27,10,fine-grained.preprocess.time,81104
1,27,10,fine-grained.preprocess.number,521
1,27,10,fine-grained.preprocess.time_p,78124.0
1,27,10,fine-grained.mine.size,92352
1,27,10,fine-grained.mine.time,3772
1,27,10,boost.includes,-sampler-include-method=-org.apache.commons.lang3.math.NumberUtils--java.lang.Float-createFloat-java.lang.String-- -sampler-include-method=-org.apache.commons.lang3.math.NumberUtils--java.lang.Integer-createInteger-java.lang.String--
1,27,10,boost.profile.number,-6
1,27,10,boost.profile.time,25842
1,27,10,boost.profile.size,7448
1,27,10,boost.preprocess.size,399840
1,27,10,boost.preprocess.time,2759
1,27,10,boost.preprocess.number,2
1,27,10,boost.preprocess.time_p,2066.0
1,27,10,boost.mine.size,22464
1,27,10,boost.mine.time,95
1,27,10,prune.theta,0.005316
1,27,10,prune.includes,-sampler-include-method=-org.apache.commons.lang3.math.NumberUtils--java.lang.Float-createFloat-java.lang.String-- -sampler-include-method=-org.apache.commons.lang3.math.NumberUtils--java.lang.Integer-createInteger-java.lang.String-- -sampler-include-method=-org.apache.commons.lang3.math.NumberUtils--java.lang.Double-createDouble-java.lang.String-- -sampler-include-method=-org.apache.commons.lang3.math.NumberUtils--java.math.BigInteger-createBigInteger-java.lang.String-- -sampler-include-method=-org.apache.commons.lang3.math.NumberUtils--java.math.BigDecimal-createBigDecimal-java.lang.String-- -sampler-include-method=-org.apache.commons.lang3.math.NumberUtils--boolean-isAllZeros-java.lang.String-- -sampler-include-method=-org.apache.commons.lang3.math.NumberUtils--java.lang.Number-createNumber-java.lang.String-- -sampler-include-method=-org.apache.commons.lang3.math.NumberUtils--java.lang.Long-createLong-java.lang.String-- -sampler-include-method=-org.apache.commons.lang3.math.NumberUtils--boolean-isDigits-java.lang.String-- -sampler-include-method=-org.apache.commons.lang3.StringUtils--boolean-isBlank-java.lang.CharSequence-- -sampler-include-method=-org.apache.commons.lang3.SystemUtils--float-getJavaVersionAsFloat--- -sampler-include-method=-org.apache.commons.lang3.SystemUtils--int-getJavaVersionAsInt--- -sampler-include-method=-org.apache.commons.lang3.SystemUtils--boolean-getJavaVersionMatches-java.lang.String-- -sampler-include-method=-org.apache.commons.lang3.SystemUtils--boolean-getOSMatches-java.lang.String,java.lang.String-- -sampler-include-method=-org.apache.commons.lang3.SystemUtils--boolean-getOSMatchesName-java.lang.String-- -sampler-include-method=-org.apache.commons.lang3.SystemUtils--boolean-isJavaVersionMatch-java.lang.String,java.lang.String-- -sampler-include-method=-org.apache.commons.lang3.SystemUtils--boolean-isJavaVersionAtLeast-float-- -sampler-include-method=-org.apache.commons.lang3.SystemUtils--java.lang.String-getJavaVersionTrimmed--- -sampler-include-method=-org.apache.commons.lang3.SystemUtils--void--clinit---- -sampler-include-method=-org.apache.commons.lang3.SystemUtils--boolean-isOSNameMatch-java.lang.String,java.lang.String-- -sampler-include-method=-org.apache.commons.lang3.SystemUtils--boolean-isOSMatch-java.lang.String,java.lang.String,java.lang.String,java.lang.String-- -sampler-include-method=-org.apache.commons.lang3.SystemUtils--int-toVersionInt-int[]-- -sampler-include-method=-org.apache.commons.lang3.SystemUtils--float-toVersionFloat-int[]-- -sampler-include-method=-org.apache.commons.lang3.SystemUtils--int[]-toJavaVersionIntArray-java.lang.String,int-- -sampler-include-method=-org.apache.commons.lang3.StringUtils--boolean-isEmpty-java.lang.CharSequence--
1,27,10,prune.includes_diff,-sampler-include-method=-org.apache.commons.lang3.math.NumberUtils--java.lang.Double-createDouble-java.lang.String-- -sampler-include-method=-org.apache.commons.lang3.math.NumberUtils--java.math.BigInteger-createBigInteger-java.lang.String-- -sampler-include-method=-org.apache.commons.lang3.math.NumberUtils--java.math.BigDecimal-createBigDecimal-java.lang.String-- -sampler-include-method=-org.apache.commons.lang3.math.NumberUtils--boolean-isAllZeros-java.lang.String-- -sampler-include-method=-org.apache.commons.lang3.math.NumberUtils--java.lang.Number-createNumber-java.lang.String-- -sampler-include-method=-org.apache.commons.lang3.math.NumberUtils--java.lang.Long-createLong-java.lang.String-- -sampler-include-method=-org.apache.commons.lang3.math.NumberUtils--boolean-isDigits-java.lang.String-- -sampler-include-method=-org.apache.commons.lang3.StringUtils--boolean-isBlank-java.lang.CharSequence-- -sampler-include-method=-org.apache.commons.lang3.SystemUtils--float-getJavaVersionAsFloat--- -sampler-include-method=-org.apache.commons.lang3.SystemUtils--int-getJavaVersionAsInt--- -sampler-include-method=-org.apache.commons.lang3.SystemUtils--boolean-getJavaVersionMatches-java.lang.String-- -sampler-include-method=-org.apache.commons.lang3.SystemUtils--boolean-getOSMatches-java.lang.String,java.lang.String-- -sampler-include-method=-org.apache.commons.lang3.SystemUtils--boolean-getOSMatchesName-java.lang.String-- -sampler-include-method=-org.apache.commons.lang3.SystemUtils--boolean-isJavaVersionMatch-java.lang.String,java.lang.String-- -sampler-include-method=-org.apache.commons.lang3.SystemUtils--boolean-isJavaVersionAtLeast-float-- -sampler-include-method=-org.apache.commons.lang3.SystemUtils--java.lang.String-getJavaVersionTrimmed--- -sampler-include-method=-org.apache.commons.lang3.SystemUtils--void--clinit---- -sampler-include-method=-org.apache.commons.lang3.SystemUtils--boolean-isOSNameMatch-java.lang.String,java.lang.String-- -sampler-include-method=-org.apache.commons.lang3.SystemUtils--boolean-isOSMatch-java.lang.String,java.lang.String,java.lang.String,java.lang.String-- -sampler-include-method=-org.apache.commons.lang3.SystemUtils--int-toVersionInt-int[]-- -sampler-include-method=-org.apache.commons.lang3.SystemUtils--float-toVersionFloat-int[]-- -sampler-include-method=-org.apache.commons.lang3.SystemUtils--int[]-toJavaVersionIntArray-java.lang.String,int-- -sampler-include-method=-org.apache.commons.lang3.StringUtils--boolean-isEmpty-java.lang.CharSequence--
1,27,10,prune_s.profile.number,575
1,27,10,prune_s.profile.time,24936
1,27,10,prune_s.profile.size,14588
1,27,10,prune.profile.number,577
1,27,10,prune.profile.time,26215
1,27,10,prune.profile.size,14588
1,27,10,prune.preprocess.size,17074656
1,27,10,prune.preprocess.time,29575
1,27,10,prune.preprocess.number,521
1,27,10,prune.preprocess.time_p,27420.0
1,27,10,prune.mine.size,92352
1,27,10,prune.mine.time,4182
1,27,10,end
