1,3,1,start
1,3,1,raw.profile.time,53889
1,3,1,coarse-grained.profile.time,46995
1,3,1,coarse-grained.profile.number,2540
1,3,1,coarse-grained.profile.size,18688
1,3,1,fine-grained.profile.time,282252
1,3,1,fine-grained.profile.size,329580
1,3,1,fine-grained.profile.number,21691
1,3,1,fine-grained.preprocess.size,26164864
1,3,1,fine-grained.preprocess.time,59997
1,3,1,fine-grained.preprocess.number,177
1,3,1,fine-grained.preprocess.time_p,58033.0
1,3,1,fine-grained.mine.size,26096
1,3,1,fine-grained.mine.time,65
1,3,1,boost.includes,-sampler-include-method=-org.apache.commons.lang3.math.NumberUtils--java.lang.Float-createFloat-java.lang.String-- -sampler-include-method=-org.apache.commons.lang3.math.NumberUtils--boolean-isAllZeros-java.lang.String--
1,3,1,boost.profile.number,2
1,3,1,boost.profile.time,64970
1,3,1,boost.profile.size,9540
1,3,1,boost.preprocess.size,651360
1,3,1,boost.preprocess.time,4198
1,3,1,boost.preprocess.number,7
1,3,1,boost.preprocess.time_p,3449.0
1,3,1,boost.mine.size,22336
1,3,1,boost.mine.time,88
1,3,1,prune.theta,0.003806
1,3,1,prune.includes,-sampler-include-method=-org.apache.commons.lang3.math.NumberUtils--java.lang.Float-createFloat-java.lang.String-- -sampler-include-method=-org.apache.commons.lang3.math.NumberUtils--boolean-isAllZeros-java.lang.String-- -sampler-include-method=-org.apache.commons.lang3.math.NumberUtils--java.lang.Number-createNumber-java.lang.String-- -sampler-include-method=-org.apache.commons.lang3.StringUtils--boolean-isBlank-java.lang.CharSequence--
1,3,1,prune.includes_diff,-sampler-include-method=-org.apache.commons.lang3.math.NumberUtils--java.lang.Number-createNumber-java.lang.String-- -sampler-include-method=-org.apache.commons.lang3.StringUtils--boolean-isBlank-java.lang.CharSequence--
1,3,1,prune_s.profile.number,232
1,3,1,prune_s.profile.time,46148
1,3,1,prune_s.profile.size,9540
1,3,1,prune.profile.number,242
1,3,1,prune.profile.time,57932
1,3,1,prune.profile.size,9540
1,3,1,prune.preprocess.size,2331456
1,3,1,prune.preprocess.time,7207
1,3,1,prune.preprocess.number,177
1,3,1,prune.preprocess.time_p,6455.0
1,3,1,prune.mine.size,26384
1,3,1,prune.mine.time,88
1,3,1,end
