2,14,10,start
2,14,10,raw.profile.time,50864
2,14,10,coarse-grained.profile.time,249441
2,14,10,coarse-grained.profile.number,7366
2,14,10,coarse-grained.profile.size,43060
2,14,10,fine-grained.profile.time,2402503
2,14,10,fine-grained.profile.size,1169292
2,14,10,fine-grained.profile.number,98434
2,14,10,fine-grained.preprocess.size,44402048
2,14,10,fine-grained.preprocess.time,242367
2,14,10,fine-grained.preprocess.number,89
2,14,10,fine-grained.preprocess.time_p,238906.0
2,14,10,fine-grained.mine.size,38432
2,14,10,fine-grained.mine.time,112
2,14,10,boost.includes,-sampler-include-method=-org.jfree.chart.plot.Marker--void--init--java.awt.Paint,java.awt.Stroke,java.awt.Paint,java.awt.Stroke,float-- -sampler-include-method=-org.jfree.chart.util.AbstractObjectList--java.lang.Object-get-int-- -sampler-include-method=-org.jfree.chart.util.AbstractObjectList--void-set-int,java.lang.Object--
2,14,10,boost.profile.number,18
2,14,10,boost.profile.time,43177
2,14,10,boost.profile.size,7424
2,14,10,boost.preprocess.size,810368
2,14,10,boost.preprocess.time,3472
2,14,10,boost.preprocess.number,19
2,14,10,boost.preprocess.time_p,2628.0
2,14,10,boost.mine.size,22592
2,14,10,boost.mine.time,86
2,14,10,prune.theta,0.006530
2,14,10,prune.includes,-sampler-include-method=-org.jfree.chart.plot.Marker--void--init--java.awt.Paint,java.awt.Stroke,java.awt.Paint,java.awt.Stroke,float-- -sampler-include-method=-org.jfree.chart.util.AbstractObjectList--java.lang.Object-get-int-- -sampler-include-method=-org.jfree.chart.util.AbstractObjectList--void-set-int,java.lang.Object-- -sampler-include-method=-org.jfree.chart.plot.Plot--void-notifyListeners-org.jfree.chart.event.PlotChangeEvent-- -sampler-include-method=-org.jfree.chart.util.RectangleInsets--void--init--org.jfree.chart.util.UnitType,double,double,double,double-- -sampler-include-method=-org.jfree.chart.plot.XYPlot--void-datasetChanged-org.jfree.data.general.DatasetChangeEvent-- -sampler-include-method=-org.jfree.chart.plot.XYPlot--org.jfree.data.xy.XYDataset-getDataset-int-- -sampler-include-method=-org.jfree.chart.plot.XYPlot--void--init--org.jfree.data.xy.XYDataset,org.jfree.chart.axis.ValueAxis,org.jfree.chart.axis.ValueAxis,org.jfree.chart.renderer.xy.XYItemRenderer-- -sampler-include-method=-org.jfree.chart.plot.XYPlot--void-configureDomainAxes--- -sampler-include-method=-org.jfree.chart.plot.XYPlot--void-configureRangeAxes--- -sampler-include-method=-org.jfree.chart.plot.CategoryPlot--org.jfree.data.category.CategoryDataset-getDataset-int-- -sampler-include-method=-org.jfree.chart.plot.CategoryPlot--void-setRangeAxisLocation-int,org.jfree.chart.axis.AxisLocation,boolean-- -sampler-include-method=-org.jfree.chart.plot.CategoryPlot--void-setDomainAxisLocation-int,org.jfree.chart.axis.AxisLocation,boolean-- -sampler-include-method=-org.jfree.chart.plot.CategoryPlot--void--init--org.jfree.data.category.CategoryDataset,org.jfree.chart.axis.CategoryAxis,org.jfree.chart.axis.ValueAxis,org.jfree.chart.renderer.category.CategoryItemRenderer-- -sampler-include-method=-org.jfree.chart.plot.CategoryPlot--org.jfree.chart.axis.ValueAxis-getRangeAxis-int-- -sampler-include-method=-org.jfree.chart.plot.CategoryPlot--void-configureDomainAxes--- -sampler-include-method=-org.jfree.chart.plot.CategoryPlot--void-configureRangeAxes--- -sampler-include-method=-org.jfree.chart.plot.CategoryPlot--void-addRangeMarker-int,org.jfree.chart.plot.Marker,org.jfree.chart.util.Layer,boolean-- -sampler-include-method=-org.jfree.chart.plot.CategoryPlot--void-datasetChanged-org.jfree.data.general.DatasetChangeEvent-- -sampler-include-method=-org.jfree.chart.plot.Marker--void-addChangeListener-org.jfree.chart.event.MarkerChangeListener--
2,14,10,prune.includes_diff,-sampler-include-method=-org.jfree.chart.plot.Plot--void-notifyListeners-org.jfree.chart.event.PlotChangeEvent-- -sampler-include-method=-org.jfree.chart.util.RectangleInsets--void--init--org.jfree.chart.util.UnitType,double,double,double,double-- -sampler-include-method=-org.jfree.chart.plot.XYPlot--void-datasetChanged-org.jfree.data.general.DatasetChangeEvent-- -sampler-include-method=-org.jfree.chart.plot.XYPlot--org.jfree.data.xy.XYDataset-getDataset-int-- -sampler-include-method=-org.jfree.chart.plot.XYPlot--void--init--org.jfree.data.xy.XYDataset,org.jfree.chart.axis.ValueAxis,org.jfree.chart.axis.ValueAxis,org.jfree.chart.renderer.xy.XYItemRenderer-- -sampler-include-method=-org.jfree.chart.plot.XYPlot--void-configureDomainAxes--- -sampler-include-method=-org.jfree.chart.plot.XYPlot--void-configureRangeAxes--- -sampler-include-method=-org.jfree.chart.plot.CategoryPlot--org.jfree.data.category.CategoryDataset-getDataset-int-- -sampler-include-method=-org.jfree.chart.plot.CategoryPlot--void-setRangeAxisLocation-int,org.jfree.chart.axis.AxisLocation,boolean-- -sampler-include-method=-org.jfree.chart.plot.CategoryPlot--void-setDomainAxisLocation-int,org.jfree.chart.axis.AxisLocation,boolean-- -sampler-include-method=-org.jfree.chart.plot.CategoryPlot--void--init--org.jfree.data.category.CategoryDataset,org.jfree.chart.axis.CategoryAxis,org.jfree.chart.axis.ValueAxis,org.jfree.chart.renderer.category.CategoryItemRenderer-- -sampler-include-method=-org.jfree.chart.plot.CategoryPlot--org.jfree.chart.axis.ValueAxis-getRangeAxis-int-- -sampler-include-method=-org.jfree.chart.plot.CategoryPlot--void-configureDomainAxes--- -sampler-include-method=-org.jfree.chart.plot.CategoryPlot--void-configureRangeAxes--- -sampler-include-method=-org.jfree.chart.plot.CategoryPlot--void-addRangeMarker-int,org.jfree.chart.plot.Marker,org.jfree.chart.util.Layer,boolean-- -sampler-include-method=-org.jfree.chart.plot.CategoryPlot--void-datasetChanged-org.jfree.data.general.DatasetChangeEvent-- -sampler-include-method=-org.jfree.chart.plot.Marker--void-addChangeListener-org.jfree.chart.event.MarkerChangeListener--
2,14,10,prune_s.profile.number,51
2,14,10,prune_s.profile.time,43030
2,14,10,prune_s.profile.size,7420
2,14,10,prune.profile.number,77
2,14,10,prune.profile.time,41899
2,14,10,prune.profile.size,7424
2,14,10,prune.preprocess.size,4398528
2,14,10,prune.preprocess.time,7476
2,14,10,prune.preprocess.number,80
2,14,10,prune.preprocess.time_p,6485.0
2,14,10,prune.mine.size,33712
2,14,10,prune.mine.time,88
2,14,10,end
