2,25,5,start
2,25,5,raw.profile.time,44691
2,25,5,coarse-grained.profile.time,216515
2,25,5,coarse-grained.profile.number,7153
2,25,5,coarse-grained.profile.size,38960
2,25,5,fine-grained.profile.time,2416219
2,25,5,fine-grained.profile.size,1031984
2,25,5,fine-grained.profile.number,96176
2,25,5,fine-grained.preprocess.size,45385136
2,25,5,fine-grained.preprocess.time,3624902
2,25,5,fine-grained.preprocess.number,6193
2,25,5,fine-grained.preprocess.time_p,3621766.0
2,25,5,fine-grained.mine.size,622480
2,25,5,fine-grained.mine.time,94011
2,25,5,boost.includes,-sampler-include-method=-org.jfree.chart.renderer.category.StatisticalBarRenderer--void-drawItem-java.awt.Graphics2D,org.jfree.chart.renderer.category.CategoryItemRendererState,java.awt.geom.Rectangle2D,org.jfree.chart.plot.CategoryPlot,org.jfree.chart.axis.CategoryAxis,org.jfree.chart.axis.ValueAxis,org.jfree.data.category.CategoryDataset,int,int,int-- -sampler-include-method=-org.jfree.data.statistics.DefaultStatisticalCategoryDataset--java.lang.Number-getMeanValue-int,int-- -sampler-include-method=-org.jfree.data.statistics.DefaultStatisticalCategoryDataset--java.lang.Number-getStdDevValue-int,int-- -sampler-include-method=-org.jfree.data.statistics.DefaultStatisticalCategoryDataset--int-getRowCount--- -sampler-include-method=-org.jfree.data.statistics.DefaultStatisticalCategoryDataset--int-getColumnCount--- -sampler-include-method=-org.jfree.data.statistics.DefaultStatisticalCategoryDataset--org.jfree.data.Range-getRangeBounds-boolean--
2,25,5,boost.profile.number,20
2,25,5,boost.profile.time,49830
2,25,5,boost.profile.size,6720
2,25,5,boost.preprocess.size,1526112
2,25,5,boost.preprocess.time,4045
2,25,5,boost.preprocess.number,19
2,25,5,boost.preprocess.time_p,3103.0
2,25,5,boost.mine.size,24544
2,25,5,boost.mine.time,49
2,25,5,prune.theta,0.009578
2,25,5,prune.includes,-sampler-include-method=-org.jfree.chart.renderer.category.StatisticalBarRenderer--void-drawItem-java.awt.Graphics2D,org.jfree.chart.renderer.category.CategoryItemRendererState,java.awt.geom.Rectangle2D,org.jfree.chart.plot.CategoryPlot,org.jfree.chart.axis.CategoryAxis,org.jfree.chart.axis.ValueAxis,org.jfree.data.category.CategoryDataset,int,int,int-- -sampler-include-method=-org.jfree.data.statistics.DefaultStatisticalCategoryDataset--java.lang.Number-getMeanValue-int,int-- -sampler-include-method=-org.jfree.data.statistics.DefaultStatisticalCategoryDataset--java.lang.Number-getStdDevValue-int,int-- -sampler-include-method=-org.jfree.data.statistics.DefaultStatisticalCategoryDataset--int-getRowCount--- -sampler-include-method=-org.jfree.data.statistics.DefaultStatisticalCategoryDataset--int-getColumnCount--- -sampler-include-method=-org.jfree.data.statistics.DefaultStatisticalCategoryDataset--org.jfree.data.Range-getRangeBounds-boolean-- -sampler-include-method=-org.jfree.data.statistics.DefaultStatisticalCategoryDataset--void-add-java.lang.Number,java.lang.Number,java.lang.Comparable,java.lang.Comparable-- -sampler-include-method=-org.jfree.chart.renderer.category.BarRenderer--void-calculateBarWidth-org.jfree.chart.plot.CategoryPlot,java.awt.geom.Rectangle2D,int,org.jfree.chart.renderer.category.CategoryItemRendererState-- -sampler-include-method=-org.jfree.chart.renderer.category.BarRenderer--org.jfree.chart.renderer.category.CategoryItemRendererState-initialise-java.awt.Graphics2D,java.awt.geom.Rectangle2D,org.jfree.chart.plot.CategoryPlot,int,org.jfree.chart.plot.PlotRenderingInfo-- -sampler-include-method=-org.jfree.chart.renderer.category.AbstractCategoryItemRenderer--org.jfree.chart.labels.CategoryItemLabelGenerator-getItemLabelGenerator-int,int-- -sampler-include-method=-org.jfree.data.KeyedObjects2D--java.lang.Object-getObject-int,int-- -sampler-include-method=-org.jfree.chart.renderer.category.AbstractCategoryItemRenderer--org.jfree.chart.axis.CategoryAxis-getDomainAxis-org.jfree.chart.plot.CategoryPlot,int-- -sampler-include-method=-org.jfree.data.KeyedObjects--java.lang.Object-getObject-java.lang.Comparable-- -sampler-include-method=-org.jfree.data.KeyedObjects2D--int-getRowCount--- -sampler-include-method=-org.jfree.data.KeyedObjects2D--int-getColumnCount--- -sampler-include-method=-org.jfree.chart.renderer.category.BarRenderer--org.jfree.chart.LegendItem-getLegendItem-int,int-- -sampler-include-method=-org.jfree.data.KeyedObjects--java.lang.Object-getObject-int-- -sampler-include-method=-org.jfree.chart.LegendItem--void-setFillPaintTransformer-org.jfree.chart.util.GradientPaintTransformer-- -sampler-include-method=-org.jfree.data.KeyedObjects2D--void-setObject-java.lang.Object,java.lang.Comparable,java.lang.Comparable-- -sampler-include-method=-org.jfree.data.KeyedObjects--void-setObject-java.lang.Comparable,java.lang.Object-- -sampler-include-method=-org.jfree.data.KeyedObjects--int-getIndex-java.lang.Comparable-- -sampler-include-method=-org.jfree.chart.JFreeChart--java.awt.image.BufferedImage-createBufferedImage-int,int,int,org.jfree.chart.ChartRenderingInfo-- -sampler-include-method=-org.jfree.chart.axis.CategoryAxis--java.awt.Paint-getTickLabelPaint-java.lang.Comparable-- -sampler-include-method=-org.jfree.chart.axis.CategoryAxis--java.awt.Font-getTickLabelFont-java.lang.Comparable-- -sampler-include-method=-org.jfree.chart.renderer.category.AbstractCategoryItemRenderer--org.jfree.chart.renderer.category.CategoryItemRendererState-initialise-java.awt.Graphics2D,java.awt.geom.Rectangle2D,org.jfree.chart.plot.CategoryPlot,int,org.jfree.chart.plot.PlotRenderingInfo-- -sampler-include-method=-org.jfree.chart.util.ShapeUtilities--java.awt.Shape-rotateShape-java.awt.Shape,double,float,float-- -sampler-include-method=-org.jfree.chart.axis.CategoryAxis--double-getCategoryEnd-int,int,java.awt.geom.Rectangle2D,org.jfree.chart.util.RectangleEdge-- -sampler-include-method=-org.jfree.chart.axis.CategoryAxis--double-calculateCategoryGapSize-int,java.awt.geom.Rectangle2D,org.jfree.chart.util.RectangleEdge-- -sampler-include-method=-org.jfree.chart.text.TextBlock--java.awt.Shape-calculateBounds-java.awt.Graphics2D,float,float,org.jfree.chart.text.TextBlockAnchor,float,float,double-- -sampler-include-method=-org.jfree.chart.axis.CategoryAxis--double-getCategoryStart-int,int,java.awt.geom.Rectangle2D,org.jfree.chart.util.RectangleEdge-- -sampler-include-method=-org.jfree.chart.axis.CategoryAxis--org.jfree.chart.axis.AxisState-draw-java.awt.Graphics2D,double,java.awt.geom.Rectangle2D,java.awt.geom.Rectangle2D,org.jfree.chart.util.RectangleEdge,org.jfree.chart.plot.PlotRenderingInfo-- -sampler-include-method=-org.jfree.chart.renderer.category.AbstractCategoryItemRenderer--void-drawRangeGridline-java.awt.Graphics2D,org.jfree.chart.plot.CategoryPlot,org.jfree.chart.axis.ValueAxis,java.awt.geom.Rectangle2D,double-- -sampler-include-method=-org.jfree.chart.axis.Axis--void-drawAxisLine-java.awt.Graphics2D,double,java.awt.geom.Rectangle2D,org.jfree.chart.util.RectangleEdge-- -sampler-include-method=-org.jfree.chart.renderer.category.AbstractCategoryItemRenderer--void-drawRangeMarker-java.awt.Graphics2D,org.jfree.chart.plot.CategoryPlot,org.jfree.chart.axis.ValueAxis,org.jfree.chart.plot.Marker,java.awt.geom.Rectangle2D-- -sampler-include-method=-org.jfree.data.Range--org.jfree.data.Range-expandToInclude-org.jfree.data.Range,double-- -sampler-include-method=-org.jfree.chart.axis.CategoryAxis--double-calculateCategorySize-int,java.awt.geom.Rectangle2D,org.jfree.chart.util.RectangleEdge-- -sampler-include-method=-org.jfree.chart.plot.CategoryPlot--org.jfree.chart.util.RectangleEdge-getRangeAxisEdge-int-- -sampler-include-method=-org.jfree.chart.plot.CategoryPlot--org.jfree.chart.util.RectangleEdge-getDomainAxisEdge-int-- -sampler-include-method=-org.jfree.chart.plot.CategoryPlot--org.jfree.chart.axis.ValueAxis-getRangeAxisForDataset-int-- -sampler-include-method=-org.jfree.chart.plot.CategoryPlot--org.jfree.chart.axis.CategoryAxis-getDomainAxisForDataset-int-- -sampler-include-method=-org.jfree.chart.plot.CategoryPlot--java.util.Collection-getRangeMarkers-int,org.jfree.chart.util.Layer-- -sampler-include-method=-org.jfree.chart.plot.CategoryPlot--java.util.Collection-getDomainMarkers-int,org.jfree.chart.util.Layer-- -sampler-include-method=-org.jfree.chart.plot.CategoryPlot--org.jfree.chart.axis.AxisLocation-getRangeAxisLocation-int-- -sampler-include-method=-org.jfree.chart.plot.CategoryPlot--org.jfree.chart.axis.AxisLocation-getDomainAxisLocation-int-- -sampler-include-method=-org.jfree.chart.axis.CategoryLabelPositions--org.jfree.chart.axis.CategoryLabelPosition-getLabelPosition-org.jfree.chart.util.RectangleEdge-- -sampler-include-method=-org.jfree.chart.plot.CategoryPlot--void-drawRangeMarkers-java.awt.Graphics2D,java.awt.geom.Rectangle2D,int,org.jfree.chart.util.Layer-- -sampler-include-method=-org.jfree.chart.plot.CategoryPlot--void-drawDomainMarkers-java.awt.Graphics2D,java.awt.geom.Rectangle2D,int,org.jfree.chart.util.Layer-- -sampler-include-method=-org.jfree.chart.renderer.category.AbstractCategoryItemRenderer--void-drawAnnotations-java.awt.Graphics2D,java.awt.geom.Rectangle2D,org.jfree.chart.axis.CategoryAxis,org.jfree.chart.axis.ValueAxis,org.jfree.chart.util.Layer,org.jfree.chart.plot.PlotRenderingInfo-- -sampler-include-method=-org.jfree.chart.plot.CategoryPlot--void-drawRangeGridlines-java.awt.Graphics2D,java.awt.geom.Rectangle2D,java.util.List-- -sampler-include-method=-org.jfree.chart.plot.CategoryPlot--java.util.List-datasetsMappedToDomainAxis-int-- -sampler-include-method=-org.jfree.chart.plot.CategoryPlot--java.util.List-getCategoriesForAxis-org.jfree.chart.axis.CategoryAxis-- -sampler-include-method=-org.jfree.chart.plot.CategoryPlot--void-drawDomainGridlines-java.awt.Graphics2D,java.awt.geom.Rectangle2D-- -sampler-include-method=-org.jfree.chart.plot.CategoryPlot--org.jfree.chart.axis.AxisSpace-calculateRangeAxisSpace-java.awt.Graphics2D,java.awt.geom.Rectangle2D,org.jfree.chart.axis.AxisSpace-- -sampler-include-method=-org.jfree.chart.plot.CategoryPlot--org.jfree.chart.axis.AxisSpace-calculateDomainAxisSpace-java.awt.Graphics2D,java.awt.geom.Rectangle2D,org.jfree.chart.axis.AxisSpace-- -sampler-include-method=-org.jfree.chart.plot.CategoryPlot--org.jfree.chart.LegendItemCollection-getLegendItems--- -sampler-include-method=-org.jfree.chart.axis.CategoryAxis--java.util.List-refreshTicks-java.awt.Graphics2D,org.jfree.chart.axis.AxisState,java.awt.geom.Rectangle2D,org.jfree.chart.util.RectangleEdge-- -sampler-include-method=-org.jfree.chart.axis.CategoryAxis--org.jfree.chart.axis.AxisSpace-reserveSpace-java.awt.Graphics2D,org.jfree.chart.plot.Plot,java.awt.geom.Rectangle2D,org.jfree.chart.util.RectangleEdge,org.jfree.chart.axis.AxisSpace-- -sampler-include-method=-org.jfree.chart.plot.CategoryPlot--java.util.Map-drawAxes-java.awt.Graphics2D,java.awt.geom.Rectangle2D,java.awt.geom.Rectangle2D,org.jfree.chart.plot.PlotRenderingInfo-- -sampler-include-method=-org.jfree.chart.plot.CategoryPlot--boolean-render-java.awt.Graphics2D,java.awt.geom.Rectangle2D,int,org.jfree.chart.plot.PlotRenderingInfo-- -sampler-include-method=-org.jfree.chart.axis.CategoryAxis--org.jfree.chart.axis.AxisState-drawCategoryLabels-java.awt.Graphics2D,java.awt.geom.Rectangle2D,java.awt.geom.Rectangle2D,org.jfree.chart.util.RectangleEdge,org.jfree.chart.axis.AxisState,org.jfree.chart.plot.PlotRenderingInfo-- -sampler-include-method=-org.jfree.chart.plot.CategoryPlot--void-draw-java.awt.Graphics2D,java.awt.geom.Rectangle2D,java.awt.geom.Point2D,org.jfree.chart.plot.PlotState,org.jfree.chart.plot.PlotRenderingInfo-- -sampler-include-method=-org.jfree.data.general.DatasetUtilities--boolean-isEmptyOrNull-org.jfree.data.category.CategoryDataset-- -sampler-include-method=-org.jfree.chart.axis.CategoryAxis--int-hashCode--- -sampler-include-method=-org.jfree.chart.renderer.RendererState--org.jfree.chart.entity.EntityCollection-getEntityCollection--- -sampler-include-method=-org.jfree.chart.labels.StandardCategorySeriesLabelGenerator--java.lang.String-generateLabel-org.jfree.data.category.CategoryDataset,int-- -sampler-include-method=-org.jfree.chart.plot.CategoryPlot--org.jfree.chart.axis.CategoryAxis-getDomainAxis-int-- -sampler-include-method=-org.jfree.chart.renderer.category.BarRenderer--org.jfree.data.Range-findRangeBounds-org.jfree.data.category.CategoryDataset-- -sampler-include-method=-org.jfree.chart.renderer.category.AbstractCategoryItemRenderer--org.jfree.chart.plot.DrawingSupplier-getDrawingSupplier--- -sampler-include-method=-org.jfree.chart.renderer.AbstractRenderer--java.awt.Paint-lookupSeriesOutlinePaint-int-- -sampler-include-method=-org.jfree.chart.util.RectangleEdge--boolean-equals-java.lang.Object-- -sampler-include-method=-org.jfree.chart.title.LegendItemBlockContainer--java.lang.Object-draw-java.awt.Graphics2D,java.awt.geom.Rectangle2D,java.lang.Object-- -sampler-include-method=-org.jfree.chart.block.FlowArrangement--org.jfree.chart.util.Size2D-arrangeRR-org.jfree.chart.block.BlockContainer,java.awt.Graphics2D,org.jfree.chart.block.RectangleConstraint-- -sampler-include-method=-org.jfree.chart.title.LegendGraphic--org.jfree.chart.util.Size2D-arrangeNN-java.awt.Graphics2D-- -sampler-include-method=-org.jfree.chart.title.LegendTitle--org.jfree.chart.block.Block-createLegendItemBlock-org.jfree.chart.LegendItem-- -sampler-include-method=-org.jfree.chart.block.LabelBlock--org.jfree.chart.util.Size2D-arrange-java.awt.Graphics2D,org.jfree.chart.block.RectangleConstraint-- -sampler-include-method=-org.jfree.chart.block.CenterArrangement--org.jfree.chart.util.Size2D-arrangeNN-org.jfree.chart.block.BlockContainer,java.awt.Graphics2D-- -sampler-include-method=-org.jfree.chart.block.LabelBlock--java.lang.Object-draw-java.awt.Graphics2D,java.awt.geom.Rectangle2D,java.lang.Object-- -sampler-include-method=-org.jfree.chart.block.FlowArrangement--org.jfree.chart.util.Size2D-arrange-org.jfree.chart.block.BlockContainer,java.awt.Graphics2D,org.jfree.chart.block.RectangleConstraint-- -sampler-include-method=-org.jfree.chart.block.CenterArrangement--org.jfree.chart.util.Size2D-arrange-org.jfree.chart.block.BlockContainer,java.awt.Graphics2D,org.jfree.chart.block.RectangleConstraint-- -sampler-include-method=-org.jfree.chart.util.ShapeUtilities--java.awt.Shape-createTranslatedShape-java.awt.Shape,org.jfree.chart.util.RectangleAnchor,double,double-- -sampler-include-method=-org.jfree.chart.title.LegendGraphic--org.jfree.chart.util.Size2D-arrange-java.awt.Graphics2D,org.jfree.chart.block.RectangleConstraint-- -sampler-include-method=-org.jfree.chart.title.LegendGraphic--void-draw-java.awt.Graphics2D,java.awt.geom.Rectangle2D-- -sampler-include-method=-org.jfree.chart.util.RectangleAnchor--java.awt.geom.Point2D-coordinates-java.awt.geom.Rectangle2D,org.jfree.chart.util.RectangleAnchor-- -sampler-include-method=-org.jfree.chart.block.FlowArrangement--org.jfree.chart.util.Size2D-arrangeNN-org.jfree.chart.block.BlockContainer,java.awt.Graphics2D-- -sampler-include-method=-org.jfree.chart.title.LegendGraphic--void-setFillPaintTransformer-org.jfree.chart.util.GradientPaintTransformer-- -sampler-include-method=-org.jfree.chart.title.LegendGraphic--void-setShapeLocation-org.jfree.chart.util.RectangleAnchor-- -sampler-include-method=-org.jfree.chart.title.LegendGraphic--void-setShapeAnchor-org.jfree.chart.util.RectangleAnchor-- -sampler-include-method=-org.jfree.chart.block.BorderArrangement--org.jfree.chart.util.Size2D-arrangeNN-org.jfree.chart.block.BlockContainer,java.awt.Graphics2D-- -sampler-include-method=-org.jfree.chart.block.BorderArrangement--org.jfree.chart.util.Size2D-arrange-org.jfree.chart.block.BlockContainer,java.awt.Graphics2D,org.jfree.chart.block.RectangleConstraint-- -sampler-include-method=-org.jfree.chart.text.G2TextMeasurer--float-getStringWidth-java.lang.String,int,int-- -sampler-include-method=-org.jfree.chart.axis.NumberAxis--org.jfree.chart.axis.AxisState-draw-java.awt.Graphics2D,double,java.awt.geom.Rectangle2D,java.awt.geom.Rectangle2D,org.jfree.chart.util.RectangleEdge,org.jfree.chart.plot.PlotRenderingInfo-- -sampler-include-method=-org.jfree.chart.text.TextUtilities--org.jfree.chart.text.TextBlock-createTextBlock-java.lang.String,java.awt.Font,java.awt.Paint-- -sampler-include-method=-org.jfree.chart.text.TextUtilities--int-nextLineBreak-java.lang.String,int,float,java.text.BreakIterator,org.jfree.chart.text.TextMeasurer-- -sampler-include-method=-org.jfree.chart.text.TextUtilities--org.jfree.chart.text.TextBlock-createTextBlock-java.lang.String,java.awt.Font,java.awt.Paint,float,int,org.jfree.chart.text.TextMeasurer-- -sampler-include-method=-org.jfree.chart.renderer.AbstractRenderer--java.awt.Stroke-lookupSeriesOutlineStroke-int-- -sampler-include-method=-org.jfree.chart.title.LegendGraphic--void--init--java.awt.Shape,java.awt.Paint-- -sampler-include-method=-org.jfree.chart.axis.ValueAxis--void-drawAxisLine-java.awt.Graphics2D,double,java.awt.geom.Rectangle2D,org.jfree.chart.util.RectangleEdge-- -sampler-include-method=-org.jfree.chart.renderer.AbstractRenderer--boolean-isSeriesVisibleInLegend-int-- -sampler-include-method=-org.jfree.chart.axis.NumberAxis--java.util.List-refreshTicks-java.awt.Graphics2D,org.jfree.chart.axis.AxisState,java.awt.geom.Rectangle2D,org.jfree.chart.util.RectangleEdge-- -sampler-include-method=-org.jfree.chart.axis.NumberAxis--void-selectAutoTickUnit-java.awt.Graphics2D,java.awt.geom.Rectangle2D,org.jfree.chart.util.RectangleEdge-- -sampler-include-method=-org.jfree.chart.axis.ValueAxis--double-lengthToJava2D-double,java.awt.geom.Rectangle2D,org.jfree.chart.util.RectangleEdge-- -sampler-include-method=-org.jfree.chart.axis.NumberAxis--double-calculateLowestVisibleTickValue--- -sampler-include-method=-org.jfree.chart.axis.NumberAxis--int-calculateVisibleTickCount--- -sampler-include-method=-org.jfree.chart.axis.NumberAxis--double-valueToJava2D-double,java.awt.geom.Rectangle2D,org.jfree.chart.util.RectangleEdge-- -sampler-include-method=-org.jfree.chart.axis.NumberAxis--int-hashCode--- -sampler-include-method=-org.jfree.chart.axis.NumberAxis--void-setTickUnit-org.jfree.chart.axis.NumberTickUnit,boolean,boolean-- -sampler-include-method=-org.jfree.chart.axis.AxisCollection--void-add-org.jfree.chart.axis.Axis,org.jfree.chart.util.RectangleEdge-- -sampler-include-method=-org.jfree.chart.plot.Plot--org.jfree.chart.util.RectangleEdge-resolveRangeAxisLocation-org.jfree.chart.axis.AxisLocation,org.jfree.chart.plot.PlotOrientation-- -sampler-include-method=-org.jfree.chart.plot.Plot--org.jfree.chart.util.RectangleEdge-resolveDomainAxisLocation-org.jfree.chart.axis.AxisLocation,org.jfree.chart.plot.PlotOrientation-- -sampler-include-method=-org.jfree.chart.block.AbstractBlock--void-setBounds-java.awt.geom.Rectangle2D-- -sampler-include-method=-org.jfree.chart.axis.AxisState--void-cursorLeft-double-- -sampler-include-method=-org.jfree.chart.block.BorderArrangement--void-add-org.jfree.chart.block.Block,java.lang.Object-- -sampler-include-method=-org.jfree.chart.axis.Axis--java.awt.geom.Rectangle2D-getLabelEnclosure-java.awt.Graphics2D,org.jfree.chart.util.RectangleEdge-- -sampler-include-method=-org.jfree.chart.axis.TickUnits--org.jfree.chart.axis.TickUnit-getCeilingTickUnit-org.jfree.chart.axis.TickUnit-- -sampler-include-method=-org.jfree.chart.axis.AxisSpace--void-add-double,org.jfree.chart.util.RectangleEdge-- -sampler-include-method=-org.jfree.chart.plot.Plot--void-fillBackground-java.awt.Graphics2D,java.awt.geom.Rectangle2D,org.jfree.chart.plot.PlotOrientation-- -sampler-include-method=-org.jfree.chart.axis.ValueAxis--org.jfree.chart.axis.AxisSpace-reserveSpace-java.awt.Graphics2D,org.jfree.chart.plot.Plot,java.awt.geom.Rectangle2D,org.jfree.chart.util.RectangleEdge,org.jfree.chart.axis.AxisSpace-- -sampler-include-method=-org.jfree.chart.plot.Plot--void-drawBackgroundImage-java.awt.Graphics2D,java.awt.geom.Rectangle2D-- -sampler-include-method=-org.jfree.chart.axis.ValueAxis--float[]-calculateAnchorPoint-org.jfree.chart.axis.ValueTick,double,java.awt.geom.Rectangle2D,org.jfree.chart.util.RectangleEdge-- -sampler-include-method=-org.jfree.chart.util.RectangleInsets--java.awt.geom.Rectangle2D-createOutsetRectangle-java.awt.geom.Rectangle2D,boolean,boolean-- -sampler-include-method=-org.jfree.chart.text.TextUtilities--void-drawRotatedString-java.lang.String,java.awt.Graphics2D,float,float,org.jfree.chart.text.TextAnchor,double,org.jfree.chart.text.TextAnchor-- -sampler-include-method=-org.jfree.chart.axis.AxisSpace--java.awt.geom.Rectangle2D-shrink-java.awt.geom.Rectangle2D,java.awt.geom.Rectangle2D-- -sampler-include-method=-org.jfree.chart.text.TextUtilities--float[]-deriveRotationAnchorOffsets-java.awt.Graphics2D,java.lang.String,org.jfree.chart.text.TextAnchor-- -sampler-include-method=-org.jfree.chart.axis.ValueAxis--org.jfree.chart.axis.AxisState-drawTickMarksAndLabels-java.awt.Graphics2D,double,java.awt.geom.Rectangle2D,java.awt.geom.Rectangle2D,org.jfree.chart.util.RectangleEdge,org.jfree.chart.plot.PlotRenderingInfo-- -sampler-include-method=-org.jfree.chart.axis.Axis--org.jfree.chart.axis.AxisState-drawLabel-java.lang.String,java.awt.Graphics2D,java.awt.geom.Rectangle2D,java.awt.geom.Rectangle2D,org.jfree.chart.util.RectangleEdge,org.jfree.chart.axis.AxisState,org.jfree.chart.plot.PlotRenderingInfo-- -sampler-include-method=-org.jfree.chart.axis.NumberTick--void--init--java.lang.Number,java.lang.String,org.jfree.chart.text.TextAnchor,org.jfree.chart.text.TextAnchor,double-- -sampler-include-method=-org.jfree.chart.plot.CategoryPlot--org.jfree.chart.renderer.category.CategoryItemRenderer-getRenderer-int-- -sampler-include-method=-org.jfree.chart.util.Layer--boolean-equals-java.lang.Object-- -sampler-include-method=-org.jfree.chart.block.BlockContainer--boolean-isEmpty--- -sampler-include-method=-org.jfree.chart.title.LegendTitle--java.lang.Object-draw-java.awt.Graphics2D,java.awt.geom.Rectangle2D,java.lang.Object-- -sampler-include-method=-org.jfree.chart.util.RectangleEdge--boolean-isLeftOrRight-org.jfree.chart.util.RectangleEdge-- -sampler-include-method=-org.jfree.chart.renderer.AbstractRenderer--boolean-isSeriesVisible-int-- -sampler-include-method=-org.jfree.chart.text.TextFragment--org.jfree.chart.util.Size2D-calculateDimensions-java.awt.Graphics2D-- -sampler-include-method=-org.jfree.chart.text.TextLine--float-calculateBaselineOffset-java.awt.Graphics2D,org.jfree.chart.text.TextAnchor-- -sampler-include-method=-org.jfree.chart.title.LegendTitle--org.jfree.chart.util.Size2D-arrange-java.awt.Graphics2D,org.jfree.chart.block.RectangleConstraint-- -sampler-include-method=-org.jfree.chart.text.TextLine--org.jfree.chart.util.Size2D-calculateDimensions-java.awt.Graphics2D-- -sampler-include-method=-org.jfree.chart.text.TextBlock--org.jfree.chart.util.Size2D-calculateDimensions-java.awt.Graphics2D-- -sampler-include-method=-org.jfree.chart.text.TextFragment--void-draw-java.awt.Graphics2D,float,float,org.jfree.chart.text.TextAnchor,float,float,double-- -sampler-include-method=-org.jfree.chart.title.LegendTitle--void-fetchLegendItems--- -sampler-include-method=-org.jfree.chart.text.TextFragment--float-calculateBaselineOffset-java.awt.Graphics2D,org.jfree.chart.text.TextAnchor-- -sampler-include-method=-org.jfree.chart.block.BlockContainer--java.lang.Object-draw-java.awt.Graphics2D,java.awt.geom.Rectangle2D,java.lang.Object-- -sampler-include-method=-org.jfree.chart.text.TextUtilities--void-drawRotatedString-java.lang.String,java.awt.Graphics2D,float,float,org.jfree.chart.text.TextAnchor,double,float,float-- -sampler-include-method=-org.jfree.chart.text.TextLine--void-draw-java.awt.Graphics2D,float,float,org.jfree.chart.text.TextAnchor,float,float,double-- -sampler-include-method=-org.jfree.chart.text.TextBlock--float[]-calculateOffsets-org.jfree.chart.text.TextBlockAnchor,double,double-- -sampler-include-method=-org.jfree.chart.text.TextBlock--void-draw-java.awt.Graphics2D,float,float,org.jfree.chart.text.TextBlockAnchor,float,float,double-- -sampler-include-method=-org.jfree.chart.block.LineBorder--void-draw-java.awt.Graphics2D,java.awt.geom.Rectangle2D-- -sampler-include-method=-org.jfree.chart.block.BlockContainer--void-setArrangement-org.jfree.chart.block.Arrangement-- -sampler-include-method=-org.jfree.chart.LegendItemCollection--int-getItemCount--- -sampler-include-method=-org.jfree.chart.block.AbstractBlock--double-trimToContentHeight-double-- -sampler-include-method=-org.jfree.chart.block.AbstractBlock--double-trimToContentWidth-double-- -sampler-include-method=-org.jfree.chart.JFreeChart--void-notifyListeners-org.jfree.chart.event.ChartProgressEvent-- -sampler-include-method=-org.jfree.chart.text.TextUtilities--void-drawRotatedString-java.lang.String,java.awt.Graphics2D,float,float,double,float,float-- -sampler-include-method=-org.jfree.chart.util.RectangleInsets--double-trimWidth-double-- -sampler-include-method=-org.jfree.chart.util.RectangleInsets--double-trimHeight-double-- -sampler-include-method=-org.jfree.chart.block.AbstractBlock--org.jfree.data.Range-trimToContentHeight-org.jfree.data.Range-- -sampler-include-method=-org.jfree.chart.block.AbstractBlock--org.jfree.data.Range-trimToContentWidth-org.jfree.data.Range-- -sampler-include-method=-org.jfree.chart.text.TextUtilities--java.awt.geom.Rectangle2D-getTextBounds-java.lang.String,java.awt.Graphics2D,java.awt.FontMetrics-- -sampler-include-method=-org.jfree.chart.JFreeChart--java.awt.geom.Rectangle2D-createAlignedRectangle2D-org.jfree.chart.util.Size2D,java.awt.geom.Rectangle2D,org.jfree.chart.util.HorizontalAlignment,org.jfree.chart.util.VerticalAlignment-- -sampler-include-method=-org.jfree.chart.JFreeChart--void-draw-java.awt.Graphics2D,java.awt.geom.Rectangle2D,java.awt.geom.Point2D,org.jfree.chart.ChartRenderingInfo-- -sampler-include-method=-org.jfree.chart.util.RectangleInsets--void-trim-java.awt.geom.Rectangle2D-- -sampler-include-method=-org.jfree.chart.block.BlockBorder--void-draw-java.awt.Graphics2D,java.awt.geom.Rectangle2D-- -sampler-include-method=-org.jfree.chart.JFreeChart--org.jfree.chart.entity.EntityCollection-drawTitle-org.jfree.chart.title.Title,java.awt.Graphics2D,java.awt.geom.Rectangle2D,boolean-- -sampler-include-method=-org.jfree.chart.text.TextUtilities--float[]-deriveTextBoundsAnchorOffsets-java.awt.Graphics2D,java.lang.String,org.jfree.chart.text.TextAnchor-- -sampler-include-method=-org.jfree.chart.axis.TickType--boolean-equals-java.lang.Object-- -sampler-include-method=-org.jfree.chart.block.AbstractBlock--double-calculateTotalHeight-double-- -sampler-include-method=-org.jfree.chart.block.AbstractBlock--double-calculateTotalWidth-double-- -sampler-include-method=-org.jfree.chart.util.RectangleInsets--double-calculateTopInset-double-- -sampler-include-method=-org.jfree.chart.util.RectangleInsets--double-calculateBottomInset-double-- -sampler-include-method=-org.jfree.chart.util.RectangleInsets--double-calculateLeftInset-double-- -sampler-include-method=-org.jfree.chart.util.RectangleInsets--double-calculateRightInset-double-- -sampler-include-method=-org.jfree.chart.block.AbstractBlock--org.jfree.chart.block.RectangleConstraint-toContentConstraint-org.jfree.chart.block.RectangleConstraint-- -sampler-include-method=-org.jfree.chart.util.RectangleInsets--double-extendWidth-double-- -sampler-include-method=-org.jfree.chart.util.RectangleInsets--double-extendHeight-double-- -sampler-include-method=-org.jfree.chart.text.TextLine--void--init--java.lang.String,java.awt.Font,java.awt.Paint-- -sampler-include-method=-org.jfree.chart.util.RectangleInsets--double-calculateTopOutset-double-- -sampler-include-method=-org.jfree.chart.util.RectangleInsets--double-calculateBottomOutset-double-- -sampler-include-method=-org.jfree.chart.util.RectangleInsets--double-calculateLeftOutset-double-- -sampler-include-method=-org.jfree.chart.util.RectangleInsets--double-calculateRightOutset-double-- -sampler-include-method=-org.jfree.chart.block.RectangleConstraint--void--init--double,org.jfree.data.Range,org.jfree.chart.block.LengthConstraintType,double,org.jfree.data.Range,org.jfree.chart.block.LengthConstraintType-- -sampler-include-method=-org.jfree.chart.text.TextFragment--void--init--java.lang.String,java.awt.Font,java.awt.Paint,float-- -sampler-include-method=-org.jfree.chart.util.RectangleEdge--boolean-isTopOrBottom-org.jfree.chart.util.RectangleEdge-- -sampler-include-method=-org.jfree.chart.renderer.AbstractRenderer--java.awt.Paint-lookupSeriesPaint-int-- -sampler-include-method=-org.jfree.chart.axis.Tick--void--init--java.lang.String,org.jfree.chart.text.TextAnchor,org.jfree.chart.text.TextAnchor,double-- -sampler-include-method=-org.jfree.data.Range--boolean-contains-double-- -sampler-include-method=-org.jfree.chart.plot.DefaultDrawingSupplier--java.awt.Paint-getNextPaint--- -sampler-include-method=-org.jfree.chart.plot.Plot--org.jfree.chart.plot.DrawingSupplier-getDrawingSupplier--- -sampler-include-method=-org.jfree.data.general.DatasetUtilities--org.jfree.data.Range-findRangeBounds-org.jfree.data.category.CategoryDataset,boolean-- -sampler-include-method=-org.jfree.chart.LegendItem--void--init--java.lang.String,java.lang.String,java.lang.String,java.lang.String,boolean,java.awt.Shape,boolean,java.awt.Paint,boolean,java.awt.Paint,java.awt.Stroke,boolean,java.awt.Shape,java.awt.Stroke,java.awt.Paint-- -sampler-include-method=-org.jfree.chart.renderer.category.StatisticalBarRenderer--void-drawHorizontalItem-java.awt.Graphics2D,org.jfree.chart.renderer.category.CategoryItemRendererState,java.awt.geom.Rectangle2D,org.jfree.chart.plot.CategoryPlot,org.jfree.chart.axis.CategoryAxis,org.jfree.chart.axis.ValueAxis,org.jfree.data.statistics.StatisticalCategoryDataset,int,int-- -sampler-include-method=-org.jfree.chart.plot.CategoryPlot--org.jfree.chart.renderer.category.CategoryItemRenderer-getRendererForDataset-org.jfree.data.category.CategoryDataset-- -sampler-include-method=-org.jfree.chart.renderer.category.AbstractCategoryItemRenderer--void-setPlot-org.jfree.chart.plot.CategoryPlot-- -sampler-include-method=-org.jfree.chart.plot.CategoryPlot--org.jfree.data.Range-getDataRange-org.jfree.chart.axis.ValueAxis-- -sampler-include-method=-org.jfree.chart.plot.CategoryPlot--java.util.List-datasetsMappedToRangeAxis-int-- -sampler-include-method=-org.jfree.chart.plot.CategoryPlot--org.jfree.data.category.CategoryDataset-getDataset-int-- -sampler-include-method=-org.jfree.chart.plot.CategoryPlot--void-setRangeAxisLocation-int,org.jfree.chart.axis.AxisLocation,boolean-- -sampler-include-method=-org.jfree.chart.plot.CategoryPlot--void-setDomainAxisLocation-int,org.jfree.chart.axis.AxisLocation,boolean-- -sampler-include-method=-org.jfree.chart.plot.CategoryPlot--void-addRangeMarker-int,org.jfree.chart.plot.Marker,org.jfree.chart.util.Layer-- -sampler-include-method=-org.jfree.chart.plot.CategoryPlot--void--init--org.jfree.data.category.CategoryDataset,org.jfree.chart.axis.CategoryAxis,org.jfree.chart.axis.ValueAxis,org.jfree.chart.renderer.category.CategoryItemRenderer-- -sampler-include-method=-org.jfree.chart.plot.CategoryPlot--org.jfree.chart.axis.ValueAxis-getRangeAxis-int-- -sampler-include-method=-org.jfree.chart.plot.CategoryPlot--void-configureRangeAxes--- -sampler-include-method=-org.jfree.chart.plot.CategoryPlot--void-configureDomainAxes--- -sampler-include-method=-org.jfree.chart.plot.CategoryPlot--void-datasetChanged-org.jfree.data.general.DatasetChangeEvent-- -sampler-include-method=-org.jfree.chart.axis.Axis--void-setTickMarksVisible-boolean-- -sampler-include-method=-org.jfree.chart.renderer.category.StatisticalBarRenderer--void-drawVerticalItem-java.awt.Graphics2D,org.jfree.chart.renderer.category.CategoryItemRendererState,java.awt.geom.Rectangle2D,org.jfree.chart.plot.CategoryPlot,org.jfree.chart.axis.CategoryAxis,org.jfree.chart.axis.ValueAxis,org.jfree.data.statistics.StatisticalCategoryDataset,int,int-- -sampler-include-method=-org.jfree.chart.plot.Marker--void-addChangeListener-org.jfree.chart.event.MarkerChangeListener-- -sampler-include-method=-org.jfree.chart.plot.Marker--void--init--java.awt.Paint,java.awt.Stroke,java.awt.Paint,java.awt.Stroke,float-- -sampler-include-method=-org.jfree.chart.title.Title--void-setPosition-org.jfree.chart.util.RectangleEdge-- -sampler-include-method=-org.jfree.chart.block.AbstractBlock--void-setMargin-org.jfree.chart.util.RectangleInsets-- -sampler-include-method=-org.jfree.chart.block.AbstractBlock--void-setFrame-org.jfree.chart.block.BlockFrame-- -sampler-include-method=-org.jfree.chart.block.LineBorder--void--init--java.awt.Paint,java.awt.Stroke,org.jfree.chart.util.RectangleInsets-- -sampler-include-method=-org.jfree.chart.title.Title--void-notifyListeners-org.jfree.chart.event.TitleChangeEvent-- -sampler-include-method=-org.jfree.chart.block.BlockContainer--void--init--org.jfree.chart.block.Arrangement-- -sampler-include-method=-org.jfree.chart.title.Title--void-addChangeListener-org.jfree.chart.event.TitleChangeListener-- -sampler-include-method=-org.jfree.chart.JFreeChart--void--init--java.lang.String,java.awt.Font,org.jfree.chart.plot.Plot,boolean-- -sampler-include-method=-org.jfree.data.Range--org.jfree.data.Range-combine-org.jfree.data.Range,org.jfree.data.Range-- -sampler-include-method=-org.jfree.chart.util.ObjectList--int-indexOf-java.lang.Object-- -sampler-include-method=-org.jfree.chart.util.AbstractObjectList--int-indexOf-java.lang.Object-- -sampler-include-method=-org.jfree.chart.renderer.AbstractRenderer--void-addChangeListener-org.jfree.chart.event.RendererChangeListener-- -sampler-include-method=-org.jfree.chart.axis.NumberAxis--void-configure--- -sampler-include-method=-org.jfree.chart.plot.Plot--void-addChangeListener-org.jfree.chart.event.PlotChangeListener-- -sampler-include-method=-org.jfree.chart.axis.Axis--void-addChangeListener-org.jfree.chart.event.AxisChangeListener-- -sampler-include-method=-org.jfree.chart.axis.NumberAxis--void-autoAdjustRange--- -sampler-include-method=-org.jfree.chart.title.Title--void--init--org.jfree.chart.util.RectangleEdge,org.jfree.chart.util.HorizontalAlignment,org.jfree.chart.util.VerticalAlignment,org.jfree.chart.util.RectangleInsets-- -sampler-include-method=-org.jfree.chart.block.AbstractBlock--void-setPadding-org.jfree.chart.util.RectangleInsets-- -sampler-include-method=-org.jfree.chart.labels.StandardCategorySeriesLabelGenerator--void--init--java.lang.String-- -sampler-include-method=-org.jfree.chart.util.StandardGradientPaintTransformer--void--init--org.jfree.chart.util.GradientPaintTransformType-- -sampler-include-method=-org.jfree.chart.axis.ValueAxis--void-setRange-org.jfree.data.Range,boolean,boolean-- -sampler-include-method=-org.jfree.chart.axis.Axis--void-notifyListeners-org.jfree.chart.event.AxisChangeEvent-- -sampler-include-method=-org.jfree.chart.axis.NumberTickUnit--void--init--double,java.text.NumberFormat-- -sampler-include-method=-org.jfree.chart.util.AbstractObjectList--java.lang.Object-get-int-- -sampler-include-method=-org.jfree.chart.util.AbstractObjectList--void-set-int,java.lang.Object-- -sampler-include-method=-org.jfree.chart.axis.TickUnits--void-add-org.jfree.chart.axis.TickUnit-- -sampler-include-method=-org.jfree.chart.axis.TickUnit--int-compareTo-java.lang.Object-- -sampler-include-method=-org.jfree.data.general.AbstractDataset--void-addChangeListener-org.jfree.data.general.DatasetChangeListener-- -sampler-include-method=-org.jfree.chart.plot.Plot--void-notifyListeners-org.jfree.chart.event.PlotChangeEvent-- -sampler-include-method=-org.jfree.chart.axis.CategoryAxis--double-calculateTextBlockHeight-org.jfree.chart.text.TextBlock,org.jfree.chart.axis.CategoryLabelPosition,java.awt.Graphics2D-- -sampler-include-method=-org.jfree.data.Range--void--init--double,double-- -sampler-include-method=-org.jfree.chart.axis.CategoryAxis--double-calculateTextBlockWidth-org.jfree.chart.text.TextBlock,org.jfree.chart.axis.CategoryLabelPosition,java.awt.Graphics2D-- -sampler-include-method=-org.jfree.chart.axis.AxisState--void-cursorUp-double-- -sampler-include-method=-org.jfree.chart.util.RectangleInsets--void--init--org.jfree.chart.util.UnitType,double,double,double,double-- -sampler-include-method=-org.jfree.data.general.AbstractDataset--void-notifyListeners-org.jfree.data.general.DatasetChangeEvent-- -sampler-include-method=-org.jfree.chart.labels.ItemLabelPosition--void--init--org.jfree.chart.labels.ItemLabelAnchor,org.jfree.chart.text.TextAnchor,org.jfree.chart.text.TextAnchor,double-- -sampler-include-method=-org.jfree.chart.axis.NumberAxis--void-selectHorizontalAutoTickUnit-java.awt.Graphics2D,java.awt.geom.Rectangle2D,org.jfree.chart.util.RectangleEdge-- -sampler-include-method=-org.jfree.chart.axis.NumberAxis--java.util.List-refreshTicksHorizontal-java.awt.Graphics2D,java.awt.geom.Rectangle2D,org.jfree.chart.util.RectangleEdge-- -sampler-include-method=-org.jfree.chart.axis.NumberAxis--double-estimateMaximumTickLabelWidth-java.awt.Graphics2D,org.jfree.chart.axis.TickUnit-- -sampler-include-method=-org.jfree.chart.axis.AxisState--void-cursorDown-double-- -sampler-include-method=-org.jfree.chart.axis.NumberAxis--double-estimateMaximumTickLabelHeight-java.awt.Graphics2D-- -sampler-include-method=-org.jfree.chart.axis.NumberAxis--void-selectVerticalAutoTickUnit-java.awt.Graphics2D,java.awt.geom.Rectangle2D,org.jfree.chart.util.RectangleEdge-- -sampler-include-method=-org.jfree.chart.axis.NumberAxis--java.util.List-refreshTicksVertical-java.awt.Graphics2D,java.awt.geom.Rectangle2D,org.jfree.chart.util.RectangleEdge-- -sampler-include-method=-org.jfree.chart.axis.ValueAxis--double-findMaximumTickLabelHeight-java.util.List,java.awt.Graphics2D,java.awt.geom.Rectangle2D,boolean-- -sampler-include-method=-org.jfree.chart.axis.ValueAxis--double-findMaximumTickLabelWidth-java.util.List,java.awt.Graphics2D,java.awt.geom.Rectangle2D,boolean-- -sampler-include-method=-org.jfree.chart.plot.CategoryPlot--void-setOrientation-org.jfree.chart.plot.PlotOrientation--
2,25,5,prune.includes_diff,-sampler-include-method=-org.jfree.data.statistics.DefaultStatisticalCategoryDataset--void-add-java.lang.Number,java.lang.Number,java.lang.Comparable,java.lang.Comparable-- -sampler-include-method=-org.jfree.chart.renderer.category.BarRenderer--void-calculateBarWidth-org.jfree.chart.plot.CategoryPlot,java.awt.geom.Rectangle2D,int,org.jfree.chart.renderer.category.CategoryItemRendererState-- -sampler-include-method=-org.jfree.chart.renderer.category.BarRenderer--org.jfree.chart.renderer.category.CategoryItemRendererState-initialise-java.awt.Graphics2D,java.awt.geom.Rectangle2D,org.jfree.chart.plot.CategoryPlot,int,org.jfree.chart.plot.PlotRenderingInfo-- -sampler-include-method=-org.jfree.chart.renderer.category.AbstractCategoryItemRenderer--org.jfree.chart.labels.CategoryItemLabelGenerator-getItemLabelGenerator-int,int-- -sampler-include-method=-org.jfree.data.KeyedObjects2D--java.lang.Object-getObject-int,int-- -sampler-include-method=-org.jfree.chart.renderer.category.AbstractCategoryItemRenderer--org.jfree.chart.axis.CategoryAxis-getDomainAxis-org.jfree.chart.plot.CategoryPlot,int-- -sampler-include-method=-org.jfree.data.KeyedObjects--java.lang.Object-getObject-java.lang.Comparable-- -sampler-include-method=-org.jfree.data.KeyedObjects2D--int-getRowCount--- -sampler-include-method=-org.jfree.data.KeyedObjects2D--int-getColumnCount--- -sampler-include-method=-org.jfree.chart.renderer.category.BarRenderer--org.jfree.chart.LegendItem-getLegendItem-int,int-- -sampler-include-method=-org.jfree.data.KeyedObjects--java.lang.Object-getObject-int-- -sampler-include-method=-org.jfree.chart.LegendItem--void-setFillPaintTransformer-org.jfree.chart.util.GradientPaintTransformer-- -sampler-include-method=-org.jfree.data.KeyedObjects2D--void-setObject-java.lang.Object,java.lang.Comparable,java.lang.Comparable-- -sampler-include-method=-org.jfree.data.KeyedObjects--void-setObject-java.lang.Comparable,java.lang.Object-- -sampler-include-method=-org.jfree.data.KeyedObjects--int-getIndex-java.lang.Comparable-- -sampler-include-method=-org.jfree.chart.JFreeChart--java.awt.image.BufferedImage-createBufferedImage-int,int,int,org.jfree.chart.ChartRenderingInfo-- -sampler-include-method=-org.jfree.chart.axis.CategoryAxis--java.awt.Paint-getTickLabelPaint-java.lang.Comparable-- -sampler-include-method=-org.jfree.chart.axis.CategoryAxis--java.awt.Font-getTickLabelFont-java.lang.Comparable-- -sampler-include-method=-org.jfree.chart.renderer.category.AbstractCategoryItemRenderer--org.jfree.chart.renderer.category.CategoryItemRendererState-initialise-java.awt.Graphics2D,java.awt.geom.Rectangle2D,org.jfree.chart.plot.CategoryPlot,int,org.jfree.chart.plot.PlotRenderingInfo-- -sampler-include-method=-org.jfree.chart.util.ShapeUtilities--java.awt.Shape-rotateShape-java.awt.Shape,double,float,float-- -sampler-include-method=-org.jfree.chart.axis.CategoryAxis--double-getCategoryEnd-int,int,java.awt.geom.Rectangle2D,org.jfree.chart.util.RectangleEdge-- -sampler-include-method=-org.jfree.chart.axis.CategoryAxis--double-calculateCategoryGapSize-int,java.awt.geom.Rectangle2D,org.jfree.chart.util.RectangleEdge-- -sampler-include-method=-org.jfree.chart.text.TextBlock--java.awt.Shape-calculateBounds-java.awt.Graphics2D,float,float,org.jfree.chart.text.TextBlockAnchor,float,float,double-- -sampler-include-method=-org.jfree.chart.axis.CategoryAxis--double-getCategoryStart-int,int,java.awt.geom.Rectangle2D,org.jfree.chart.util.RectangleEdge-- -sampler-include-method=-org.jfree.chart.axis.CategoryAxis--org.jfree.chart.axis.AxisState-draw-java.awt.Graphics2D,double,java.awt.geom.Rectangle2D,java.awt.geom.Rectangle2D,org.jfree.chart.util.RectangleEdge,org.jfree.chart.plot.PlotRenderingInfo-- -sampler-include-method=-org.jfree.chart.renderer.category.AbstractCategoryItemRenderer--void-drawRangeGridline-java.awt.Graphics2D,org.jfree.chart.plot.CategoryPlot,org.jfree.chart.axis.ValueAxis,java.awt.geom.Rectangle2D,double-- -sampler-include-method=-org.jfree.chart.axis.Axis--void-drawAxisLine-java.awt.Graphics2D,double,java.awt.geom.Rectangle2D,org.jfree.chart.util.RectangleEdge-- -sampler-include-method=-org.jfree.chart.renderer.category.AbstractCategoryItemRenderer--void-drawRangeMarker-java.awt.Graphics2D,org.jfree.chart.plot.CategoryPlot,org.jfree.chart.axis.ValueAxis,org.jfree.chart.plot.Marker,java.awt.geom.Rectangle2D-- -sampler-include-method=-org.jfree.data.Range--org.jfree.data.Range-expandToInclude-org.jfree.data.Range,double-- -sampler-include-method=-org.jfree.chart.axis.CategoryAxis--double-calculateCategorySize-int,java.awt.geom.Rectangle2D,org.jfree.chart.util.RectangleEdge-- -sampler-include-method=-org.jfree.chart.plot.CategoryPlot--org.jfree.chart.util.RectangleEdge-getRangeAxisEdge-int-- -sampler-include-method=-org.jfree.chart.plot.CategoryPlot--org.jfree.chart.util.RectangleEdge-getDomainAxisEdge-int-- -sampler-include-method=-org.jfree.chart.plot.CategoryPlot--org.jfree.chart.axis.ValueAxis-getRangeAxisForDataset-int-- -sampler-include-method=-org.jfree.chart.plot.CategoryPlot--org.jfree.chart.axis.CategoryAxis-getDomainAxisForDataset-int-- -sampler-include-method=-org.jfree.chart.plot.CategoryPlot--java.util.Collection-getRangeMarkers-int,org.jfree.chart.util.Layer-- -sampler-include-method=-org.jfree.chart.plot.CategoryPlot--java.util.Collection-getDomainMarkers-int,org.jfree.chart.util.Layer-- -sampler-include-method=-org.jfree.chart.plot.CategoryPlot--org.jfree.chart.axis.AxisLocation-getRangeAxisLocation-int-- -sampler-include-method=-org.jfree.chart.plot.CategoryPlot--org.jfree.chart.axis.AxisLocation-getDomainAxisLocation-int-- -sampler-include-method=-org.jfree.chart.axis.CategoryLabelPositions--org.jfree.chart.axis.CategoryLabelPosition-getLabelPosition-org.jfree.chart.util.RectangleEdge-- -sampler-include-method=-org.jfree.chart.plot.CategoryPlot--void-drawRangeMarkers-java.awt.Graphics2D,java.awt.geom.Rectangle2D,int,org.jfree.chart.util.Layer-- -sampler-include-method=-org.jfree.chart.plot.CategoryPlot--void-drawDomainMarkers-java.awt.Graphics2D,java.awt.geom.Rectangle2D,int,org.jfree.chart.util.Layer-- -sampler-include-method=-org.jfree.chart.renderer.category.AbstractCategoryItemRenderer--void-drawAnnotations-java.awt.Graphics2D,java.awt.geom.Rectangle2D,org.jfree.chart.axis.CategoryAxis,org.jfree.chart.axis.ValueAxis,org.jfree.chart.util.Layer,org.jfree.chart.plot.PlotRenderingInfo-- -sampler-include-method=-org.jfree.chart.plot.CategoryPlot--void-drawRangeGridlines-java.awt.Graphics2D,java.awt.geom.Rectangle2D,java.util.List-- -sampler-include-method=-org.jfree.chart.plot.CategoryPlot--java.util.List-datasetsMappedToDomainAxis-int-- -sampler-include-method=-org.jfree.chart.plot.CategoryPlot--java.util.List-getCategoriesForAxis-org.jfree.chart.axis.CategoryAxis-- -sampler-include-method=-org.jfree.chart.plot.CategoryPlot--void-drawDomainGridlines-java.awt.Graphics2D,java.awt.geom.Rectangle2D-- -sampler-include-method=-org.jfree.chart.plot.CategoryPlot--org.jfree.chart.axis.AxisSpace-calculateRangeAxisSpace-java.awt.Graphics2D,java.awt.geom.Rectangle2D,org.jfree.chart.axis.AxisSpace-- -sampler-include-method=-org.jfree.chart.plot.CategoryPlot--org.jfree.chart.axis.AxisSpace-calculateDomainAxisSpace-java.awt.Graphics2D,java.awt.geom.Rectangle2D,org.jfree.chart.axis.AxisSpace-- -sampler-include-method=-org.jfree.chart.plot.CategoryPlot--org.jfree.chart.LegendItemCollection-getLegendItems--- -sampler-include-method=-org.jfree.chart.axis.CategoryAxis--java.util.List-refreshTicks-java.awt.Graphics2D,org.jfree.chart.axis.AxisState,java.awt.geom.Rectangle2D,org.jfree.chart.util.RectangleEdge-- -sampler-include-method=-org.jfree.chart.axis.CategoryAxis--org.jfree.chart.axis.AxisSpace-reserveSpace-java.awt.Graphics2D,org.jfree.chart.plot.Plot,java.awt.geom.Rectangle2D,org.jfree.chart.util.RectangleEdge,org.jfree.chart.axis.AxisSpace-- -sampler-include-method=-org.jfree.chart.plot.CategoryPlot--java.util.Map-drawAxes-java.awt.Graphics2D,java.awt.geom.Rectangle2D,java.awt.geom.Rectangle2D,org.jfree.chart.plot.PlotRenderingInfo-- -sampler-include-method=-org.jfree.chart.plot.CategoryPlot--boolean-render-java.awt.Graphics2D,java.awt.geom.Rectangle2D,int,org.jfree.chart.plot.PlotRenderingInfo-- -sampler-include-method=-org.jfree.chart.axis.CategoryAxis--org.jfree.chart.axis.AxisState-drawCategoryLabels-java.awt.Graphics2D,java.awt.geom.Rectangle2D,java.awt.geom.Rectangle2D,org.jfree.chart.util.RectangleEdge,org.jfree.chart.axis.AxisState,org.jfree.chart.plot.PlotRenderingInfo-- -sampler-include-method=-org.jfree.chart.plot.CategoryPlot--void-draw-java.awt.Graphics2D,java.awt.geom.Rectangle2D,java.awt.geom.Point2D,org.jfree.chart.plot.PlotState,org.jfree.chart.plot.PlotRenderingInfo-- -sampler-include-method=-org.jfree.data.general.DatasetUtilities--boolean-isEmptyOrNull-org.jfree.data.category.CategoryDataset-- -sampler-include-method=-org.jfree.chart.axis.CategoryAxis--int-hashCode--- -sampler-include-method=-org.jfree.chart.renderer.RendererState--org.jfree.chart.entity.EntityCollection-getEntityCollection--- -sampler-include-method=-org.jfree.chart.labels.StandardCategorySeriesLabelGenerator--java.lang.String-generateLabel-org.jfree.data.category.CategoryDataset,int-- -sampler-include-method=-org.jfree.chart.plot.CategoryPlot--org.jfree.chart.axis.CategoryAxis-getDomainAxis-int-- -sampler-include-method=-org.jfree.chart.renderer.category.BarRenderer--org.jfree.data.Range-findRangeBounds-org.jfree.data.category.CategoryDataset-- -sampler-include-method=-org.jfree.chart.renderer.category.AbstractCategoryItemRenderer--org.jfree.chart.plot.DrawingSupplier-getDrawingSupplier--- -sampler-include-method=-org.jfree.chart.renderer.AbstractRenderer--java.awt.Paint-lookupSeriesOutlinePaint-int-- -sampler-include-method=-org.jfree.chart.util.RectangleEdge--boolean-equals-java.lang.Object-- -sampler-include-method=-org.jfree.chart.title.LegendItemBlockContainer--java.lang.Object-draw-java.awt.Graphics2D,java.awt.geom.Rectangle2D,java.lang.Object-- -sampler-include-method=-org.jfree.chart.block.FlowArrangement--org.jfree.chart.util.Size2D-arrangeRR-org.jfree.chart.block.BlockContainer,java.awt.Graphics2D,org.jfree.chart.block.RectangleConstraint-- -sampler-include-method=-org.jfree.chart.title.LegendGraphic--org.jfree.chart.util.Size2D-arrangeNN-java.awt.Graphics2D-- -sampler-include-method=-org.jfree.chart.title.LegendTitle--org.jfree.chart.block.Block-createLegendItemBlock-org.jfree.chart.LegendItem-- -sampler-include-method=-org.jfree.chart.block.LabelBlock--org.jfree.chart.util.Size2D-arrange-java.awt.Graphics2D,org.jfree.chart.block.RectangleConstraint-- -sampler-include-method=-org.jfree.chart.block.CenterArrangement--org.jfree.chart.util.Size2D-arrangeNN-org.jfree.chart.block.BlockContainer,java.awt.Graphics2D-- -sampler-include-method=-org.jfree.chart.block.LabelBlock--java.lang.Object-draw-java.awt.Graphics2D,java.awt.geom.Rectangle2D,java.lang.Object-- -sampler-include-method=-org.jfree.chart.block.FlowArrangement--org.jfree.chart.util.Size2D-arrange-org.jfree.chart.block.BlockContainer,java.awt.Graphics2D,org.jfree.chart.block.RectangleConstraint-- -sampler-include-method=-org.jfree.chart.block.CenterArrangement--org.jfree.chart.util.Size2D-arrange-org.jfree.chart.block.BlockContainer,java.awt.Graphics2D,org.jfree.chart.block.RectangleConstraint-- -sampler-include-method=-org.jfree.chart.util.ShapeUtilities--java.awt.Shape-createTranslatedShape-java.awt.Shape,org.jfree.chart.util.RectangleAnchor,double,double-- -sampler-include-method=-org.jfree.chart.title.LegendGraphic--org.jfree.chart.util.Size2D-arrange-java.awt.Graphics2D,org.jfree.chart.block.RectangleConstraint-- -sampler-include-method=-org.jfree.chart.title.LegendGraphic--void-draw-java.awt.Graphics2D,java.awt.geom.Rectangle2D-- -sampler-include-method=-org.jfree.chart.util.RectangleAnchor--java.awt.geom.Point2D-coordinates-java.awt.geom.Rectangle2D,org.jfree.chart.util.RectangleAnchor-- -sampler-include-method=-org.jfree.chart.block.FlowArrangement--org.jfree.chart.util.Size2D-arrangeNN-org.jfree.chart.block.BlockContainer,java.awt.Graphics2D-- -sampler-include-method=-org.jfree.chart.title.LegendGraphic--void-setFillPaintTransformer-org.jfree.chart.util.GradientPaintTransformer-- -sampler-include-method=-org.jfree.chart.title.LegendGraphic--void-setShapeLocation-org.jfree.chart.util.RectangleAnchor-- -sampler-include-method=-org.jfree.chart.title.LegendGraphic--void-setShapeAnchor-org.jfree.chart.util.RectangleAnchor-- -sampler-include-method=-org.jfree.chart.block.BorderArrangement--org.jfree.chart.util.Size2D-arrangeNN-org.jfree.chart.block.BlockContainer,java.awt.Graphics2D-- -sampler-include-method=-org.jfree.chart.block.BorderArrangement--org.jfree.chart.util.Size2D-arrange-org.jfree.chart.block.BlockContainer,java.awt.Graphics2D,org.jfree.chart.block.RectangleConstraint-- -sampler-include-method=-org.jfree.chart.text.G2TextMeasurer--float-getStringWidth-java.lang.String,int,int-- -sampler-include-method=-org.jfree.chart.axis.NumberAxis--org.jfree.chart.axis.AxisState-draw-java.awt.Graphics2D,double,java.awt.geom.Rectangle2D,java.awt.geom.Rectangle2D,org.jfree.chart.util.RectangleEdge,org.jfree.chart.plot.PlotRenderingInfo-- -sampler-include-method=-org.jfree.chart.text.TextUtilities--org.jfree.chart.text.TextBlock-createTextBlock-java.lang.String,java.awt.Font,java.awt.Paint-- -sampler-include-method=-org.jfree.chart.text.TextUtilities--int-nextLineBreak-java.lang.String,int,float,java.text.BreakIterator,org.jfree.chart.text.TextMeasurer-- -sampler-include-method=-org.jfree.chart.text.TextUtilities--org.jfree.chart.text.TextBlock-createTextBlock-java.lang.String,java.awt.Font,java.awt.Paint,float,int,org.jfree.chart.text.TextMeasurer-- -sampler-include-method=-org.jfree.chart.renderer.AbstractRenderer--java.awt.Stroke-lookupSeriesOutlineStroke-int-- -sampler-include-method=-org.jfree.chart.title.LegendGraphic--void--init--java.awt.Shape,java.awt.Paint-- -sampler-include-method=-org.jfree.chart.axis.ValueAxis--void-drawAxisLine-java.awt.Graphics2D,double,java.awt.geom.Rectangle2D,org.jfree.chart.util.RectangleEdge-- -sampler-include-method=-org.jfree.chart.renderer.AbstractRenderer--boolean-isSeriesVisibleInLegend-int-- -sampler-include-method=-org.jfree.chart.axis.NumberAxis--java.util.List-refreshTicks-java.awt.Graphics2D,org.jfree.chart.axis.AxisState,java.awt.geom.Rectangle2D,org.jfree.chart.util.RectangleEdge-- -sampler-include-method=-org.jfree.chart.axis.NumberAxis--void-selectAutoTickUnit-java.awt.Graphics2D,java.awt.geom.Rectangle2D,org.jfree.chart.util.RectangleEdge-- -sampler-include-method=-org.jfree.chart.axis.ValueAxis--double-lengthToJava2D-double,java.awt.geom.Rectangle2D,org.jfree.chart.util.RectangleEdge-- -sampler-include-method=-org.jfree.chart.axis.NumberAxis--double-calculateLowestVisibleTickValue--- -sampler-include-method=-org.jfree.chart.axis.NumberAxis--int-calculateVisibleTickCount--- -sampler-include-method=-org.jfree.chart.axis.NumberAxis--double-valueToJava2D-double,java.awt.geom.Rectangle2D,org.jfree.chart.util.RectangleEdge-- -sampler-include-method=-org.jfree.chart.axis.NumberAxis--int-hashCode--- -sampler-include-method=-org.jfree.chart.axis.NumberAxis--void-setTickUnit-org.jfree.chart.axis.NumberTickUnit,boolean,boolean-- -sampler-include-method=-org.jfree.chart.axis.AxisCollection--void-add-org.jfree.chart.axis.Axis,org.jfree.chart.util.RectangleEdge-- -sampler-include-method=-org.jfree.chart.plot.Plot--org.jfree.chart.util.RectangleEdge-resolveRangeAxisLocation-org.jfree.chart.axis.AxisLocation,org.jfree.chart.plot.PlotOrientation-- -sampler-include-method=-org.jfree.chart.plot.Plot--org.jfree.chart.util.RectangleEdge-resolveDomainAxisLocation-org.jfree.chart.axis.AxisLocation,org.jfree.chart.plot.PlotOrientation-- -sampler-include-method=-org.jfree.chart.block.AbstractBlock--void-setBounds-java.awt.geom.Rectangle2D-- -sampler-include-method=-org.jfree.chart.axis.AxisState--void-cursorLeft-double-- -sampler-include-method=-org.jfree.chart.block.BorderArrangement--void-add-org.jfree.chart.block.Block,java.lang.Object-- -sampler-include-method=-org.jfree.chart.axis.Axis--java.awt.geom.Rectangle2D-getLabelEnclosure-java.awt.Graphics2D,org.jfree.chart.util.RectangleEdge-- -sampler-include-method=-org.jfree.chart.axis.TickUnits--org.jfree.chart.axis.TickUnit-getCeilingTickUnit-org.jfree.chart.axis.TickUnit-- -sampler-include-method=-org.jfree.chart.axis.AxisSpace--void-add-double,org.jfree.chart.util.RectangleEdge-- -sampler-include-method=-org.jfree.chart.plot.Plot--void-fillBackground-java.awt.Graphics2D,java.awt.geom.Rectangle2D,org.jfree.chart.plot.PlotOrientation-- -sampler-include-method=-org.jfree.chart.axis.ValueAxis--org.jfree.chart.axis.AxisSpace-reserveSpace-java.awt.Graphics2D,org.jfree.chart.plot.Plot,java.awt.geom.Rectangle2D,org.jfree.chart.util.RectangleEdge,org.jfree.chart.axis.AxisSpace-- -sampler-include-method=-org.jfree.chart.plot.Plot--void-drawBackgroundImage-java.awt.Graphics2D,java.awt.geom.Rectangle2D-- -sampler-include-method=-org.jfree.chart.axis.ValueAxis--float[]-calculateAnchorPoint-org.jfree.chart.axis.ValueTick,double,java.awt.geom.Rectangle2D,org.jfree.chart.util.RectangleEdge-- -sampler-include-method=-org.jfree.chart.util.RectangleInsets--java.awt.geom.Rectangle2D-createOutsetRectangle-java.awt.geom.Rectangle2D,boolean,boolean-- -sampler-include-method=-org.jfree.chart.text.TextUtilities--void-drawRotatedString-java.lang.String,java.awt.Graphics2D,float,float,org.jfree.chart.text.TextAnchor,double,org.jfree.chart.text.TextAnchor-- -sampler-include-method=-org.jfree.chart.axis.AxisSpace--java.awt.geom.Rectangle2D-shrink-java.awt.geom.Rectangle2D,java.awt.geom.Rectangle2D-- -sampler-include-method=-org.jfree.chart.text.TextUtilities--float[]-deriveRotationAnchorOffsets-java.awt.Graphics2D,java.lang.String,org.jfree.chart.text.TextAnchor-- -sampler-include-method=-org.jfree.chart.axis.ValueAxis--org.jfree.chart.axis.AxisState-drawTickMarksAndLabels-java.awt.Graphics2D,double,java.awt.geom.Rectangle2D,java.awt.geom.Rectangle2D,org.jfree.chart.util.RectangleEdge,org.jfree.chart.plot.PlotRenderingInfo-- -sampler-include-method=-org.jfree.chart.axis.Axis--org.jfree.chart.axis.AxisState-drawLabel-java.lang.String,java.awt.Graphics2D,java.awt.geom.Rectangle2D,java.awt.geom.Rectangle2D,org.jfree.chart.util.RectangleEdge,org.jfree.chart.axis.AxisState,org.jfree.chart.plot.PlotRenderingInfo-- -sampler-include-method=-org.jfree.chart.axis.NumberTick--void--init--java.lang.Number,java.lang.String,org.jfree.chart.text.TextAnchor,org.jfree.chart.text.TextAnchor,double-- -sampler-include-method=-org.jfree.chart.plot.CategoryPlot--org.jfree.chart.renderer.category.CategoryItemRenderer-getRenderer-int-- -sampler-include-method=-org.jfree.chart.util.Layer--boolean-equals-java.lang.Object-- -sampler-include-method=-org.jfree.chart.block.BlockContainer--boolean-isEmpty--- -sampler-include-method=-org.jfree.chart.title.LegendTitle--java.lang.Object-draw-java.awt.Graphics2D,java.awt.geom.Rectangle2D,java.lang.Object-- -sampler-include-method=-org.jfree.chart.util.RectangleEdge--boolean-isLeftOrRight-org.jfree.chart.util.RectangleEdge-- -sampler-include-method=-org.jfree.chart.renderer.AbstractRenderer--boolean-isSeriesVisible-int-- -sampler-include-method=-org.jfree.chart.text.TextFragment--org.jfree.chart.util.Size2D-calculateDimensions-java.awt.Graphics2D-- -sampler-include-method=-org.jfree.chart.text.TextLine--float-calculateBaselineOffset-java.awt.Graphics2D,org.jfree.chart.text.TextAnchor-- -sampler-include-method=-org.jfree.chart.title.LegendTitle--org.jfree.chart.util.Size2D-arrange-java.awt.Graphics2D,org.jfree.chart.block.RectangleConstraint-- -sampler-include-method=-org.jfree.chart.text.TextLine--org.jfree.chart.util.Size2D-calculateDimensions-java.awt.Graphics2D-- -sampler-include-method=-org.jfree.chart.text.TextBlock--org.jfree.chart.util.Size2D-calculateDimensions-java.awt.Graphics2D-- -sampler-include-method=-org.jfree.chart.text.TextFragment--void-draw-java.awt.Graphics2D,float,float,org.jfree.chart.text.TextAnchor,float,float,double-- -sampler-include-method=-org.jfree.chart.title.LegendTitle--void-fetchLegendItems--- -sampler-include-method=-org.jfree.chart.text.TextFragment--float-calculateBaselineOffset-java.awt.Graphics2D,org.jfree.chart.text.TextAnchor-- -sampler-include-method=-org.jfree.chart.block.BlockContainer--java.lang.Object-draw-java.awt.Graphics2D,java.awt.geom.Rectangle2D,java.lang.Object-- -sampler-include-method=-org.jfree.chart.text.TextUtilities--void-drawRotatedString-java.lang.String,java.awt.Graphics2D,float,float,org.jfree.chart.text.TextAnchor,double,float,float-- -sampler-include-method=-org.jfree.chart.text.TextLine--void-draw-java.awt.Graphics2D,float,float,org.jfree.chart.text.TextAnchor,float,float,double-- -sampler-include-method=-org.jfree.chart.text.TextBlock--float[]-calculateOffsets-org.jfree.chart.text.TextBlockAnchor,double,double-- -sampler-include-method=-org.jfree.chart.text.TextBlock--void-draw-java.awt.Graphics2D,float,float,org.jfree.chart.text.TextBlockAnchor,float,float,double-- -sampler-include-method=-org.jfree.chart.block.LineBorder--void-draw-java.awt.Graphics2D,java.awt.geom.Rectangle2D-- -sampler-include-method=-org.jfree.chart.block.BlockContainer--void-setArrangement-org.jfree.chart.block.Arrangement-- -sampler-include-method=-org.jfree.chart.LegendItemCollection--int-getItemCount--- -sampler-include-method=-org.jfree.chart.block.AbstractBlock--double-trimToContentHeight-double-- -sampler-include-method=-org.jfree.chart.block.AbstractBlock--double-trimToContentWidth-double-- -sampler-include-method=-org.jfree.chart.JFreeChart--void-notifyListeners-org.jfree.chart.event.ChartProgressEvent-- -sampler-include-method=-org.jfree.chart.text.TextUtilities--void-drawRotatedString-java.lang.String,java.awt.Graphics2D,float,float,double,float,float-- -sampler-include-method=-org.jfree.chart.util.RectangleInsets--double-trimWidth-double-- -sampler-include-method=-org.jfree.chart.util.RectangleInsets--double-trimHeight-double-- -sampler-include-method=-org.jfree.chart.block.AbstractBlock--org.jfree.data.Range-trimToContentHeight-org.jfree.data.Range-- -sampler-include-method=-org.jfree.chart.block.AbstractBlock--org.jfree.data.Range-trimToContentWidth-org.jfree.data.Range-- -sampler-include-method=-org.jfree.chart.text.TextUtilities--java.awt.geom.Rectangle2D-getTextBounds-java.lang.String,java.awt.Graphics2D,java.awt.FontMetrics-- -sampler-include-method=-org.jfree.chart.JFreeChart--java.awt.geom.Rectangle2D-createAlignedRectangle2D-org.jfree.chart.util.Size2D,java.awt.geom.Rectangle2D,org.jfree.chart.util.HorizontalAlignment,org.jfree.chart.util.VerticalAlignment-- -sampler-include-method=-org.jfree.chart.JFreeChart--void-draw-java.awt.Graphics2D,java.awt.geom.Rectangle2D,java.awt.geom.Point2D,org.jfree.chart.ChartRenderingInfo-- -sampler-include-method=-org.jfree.chart.util.RectangleInsets--void-trim-java.awt.geom.Rectangle2D-- -sampler-include-method=-org.jfree.chart.block.BlockBorder--void-draw-java.awt.Graphics2D,java.awt.geom.Rectangle2D-- -sampler-include-method=-org.jfree.chart.JFreeChart--org.jfree.chart.entity.EntityCollection-drawTitle-org.jfree.chart.title.Title,java.awt.Graphics2D,java.awt.geom.Rectangle2D,boolean-- -sampler-include-method=-org.jfree.chart.text.TextUtilities--float[]-deriveTextBoundsAnchorOffsets-java.awt.Graphics2D,java.lang.String,org.jfree.chart.text.TextAnchor-- -sampler-include-method=-org.jfree.chart.axis.TickType--boolean-equals-java.lang.Object-- -sampler-include-method=-org.jfree.chart.block.AbstractBlock--double-calculateTotalHeight-double-- -sampler-include-method=-org.jfree.chart.block.AbstractBlock--double-calculateTotalWidth-double-- -sampler-include-method=-org.jfree.chart.util.RectangleInsets--double-calculateTopInset-double-- -sampler-include-method=-org.jfree.chart.util.RectangleInsets--double-calculateBottomInset-double-- -sampler-include-method=-org.jfree.chart.util.RectangleInsets--double-calculateLeftInset-double-- -sampler-include-method=-org.jfree.chart.util.RectangleInsets--double-calculateRightInset-double-- -sampler-include-method=-org.jfree.chart.block.AbstractBlock--org.jfree.chart.block.RectangleConstraint-toContentConstraint-org.jfree.chart.block.RectangleConstraint-- -sampler-include-method=-org.jfree.chart.util.RectangleInsets--double-extendWidth-double-- -sampler-include-method=-org.jfree.chart.util.RectangleInsets--double-extendHeight-double-- -sampler-include-method=-org.jfree.chart.text.TextLine--void--init--java.lang.String,java.awt.Font,java.awt.Paint-- -sampler-include-method=-org.jfree.chart.util.RectangleInsets--double-calculateTopOutset-double-- -sampler-include-method=-org.jfree.chart.util.RectangleInsets--double-calculateBottomOutset-double-- -sampler-include-method=-org.jfree.chart.util.RectangleInsets--double-calculateLeftOutset-double-- -sampler-include-method=-org.jfree.chart.util.RectangleInsets--double-calculateRightOutset-double-- -sampler-include-method=-org.jfree.chart.block.RectangleConstraint--void--init--double,org.jfree.data.Range,org.jfree.chart.block.LengthConstraintType,double,org.jfree.data.Range,org.jfree.chart.block.LengthConstraintType-- -sampler-include-method=-org.jfree.chart.text.TextFragment--void--init--java.lang.String,java.awt.Font,java.awt.Paint,float-- -sampler-include-method=-org.jfree.chart.util.RectangleEdge--boolean-isTopOrBottom-org.jfree.chart.util.RectangleEdge-- -sampler-include-method=-org.jfree.chart.renderer.AbstractRenderer--java.awt.Paint-lookupSeriesPaint-int-- -sampler-include-method=-org.jfree.chart.axis.Tick--void--init--java.lang.String,org.jfree.chart.text.TextAnchor,org.jfree.chart.text.TextAnchor,double-- -sampler-include-method=-org.jfree.data.Range--boolean-contains-double-- -sampler-include-method=-org.jfree.chart.plot.DefaultDrawingSupplier--java.awt.Paint-getNextPaint--- -sampler-include-method=-org.jfree.chart.plot.Plot--org.jfree.chart.plot.DrawingSupplier-getDrawingSupplier--- -sampler-include-method=-org.jfree.data.general.DatasetUtilities--org.jfree.data.Range-findRangeBounds-org.jfree.data.category.CategoryDataset,boolean-- -sampler-include-method=-org.jfree.chart.LegendItem--void--init--java.lang.String,java.lang.String,java.lang.String,java.lang.String,boolean,java.awt.Shape,boolean,java.awt.Paint,boolean,java.awt.Paint,java.awt.Stroke,boolean,java.awt.Shape,java.awt.Stroke,java.awt.Paint-- -sampler-include-method=-org.jfree.chart.renderer.category.StatisticalBarRenderer--void-drawHorizontalItem-java.awt.Graphics2D,org.jfree.chart.renderer.category.CategoryItemRendererState,java.awt.geom.Rectangle2D,org.jfree.chart.plot.CategoryPlot,org.jfree.chart.axis.CategoryAxis,org.jfree.chart.axis.ValueAxis,org.jfree.data.statistics.StatisticalCategoryDataset,int,int-- -sampler-include-method=-org.jfree.chart.plot.CategoryPlot--org.jfree.chart.renderer.category.CategoryItemRenderer-getRendererForDataset-org.jfree.data.category.CategoryDataset-- -sampler-include-method=-org.jfree.chart.renderer.category.AbstractCategoryItemRenderer--void-setPlot-org.jfree.chart.plot.CategoryPlot-- -sampler-include-method=-org.jfree.chart.plot.CategoryPlot--org.jfree.data.Range-getDataRange-org.jfree.chart.axis.ValueAxis-- -sampler-include-method=-org.jfree.chart.plot.CategoryPlot--java.util.List-datasetsMappedToRangeAxis-int-- -sampler-include-method=-org.jfree.chart.plot.CategoryPlot--org.jfree.data.category.CategoryDataset-getDataset-int-- -sampler-include-method=-org.jfree.chart.plot.CategoryPlot--void-setRangeAxisLocation-int,org.jfree.chart.axis.AxisLocation,boolean-- -sampler-include-method=-org.jfree.chart.plot.CategoryPlot--void-setDomainAxisLocation-int,org.jfree.chart.axis.AxisLocation,boolean-- -sampler-include-method=-org.jfree.chart.plot.CategoryPlot--void-addRangeMarker-int,org.jfree.chart.plot.Marker,org.jfree.chart.util.Layer-- -sampler-include-method=-org.jfree.chart.plot.CategoryPlot--void--init--org.jfree.data.category.CategoryDataset,org.jfree.chart.axis.CategoryAxis,org.jfree.chart.axis.ValueAxis,org.jfree.chart.renderer.category.CategoryItemRenderer-- -sampler-include-method=-org.jfree.chart.plot.CategoryPlot--org.jfree.chart.axis.ValueAxis-getRangeAxis-int-- -sampler-include-method=-org.jfree.chart.plot.CategoryPlot--void-configureRangeAxes--- -sampler-include-method=-org.jfree.chart.plot.CategoryPlot--void-configureDomainAxes--- -sampler-include-method=-org.jfree.chart.plot.CategoryPlot--void-datasetChanged-org.jfree.data.general.DatasetChangeEvent-- -sampler-include-method=-org.jfree.chart.axis.Axis--void-setTickMarksVisible-boolean-- -sampler-include-method=-org.jfree.chart.renderer.category.StatisticalBarRenderer--void-drawVerticalItem-java.awt.Graphics2D,org.jfree.chart.renderer.category.CategoryItemRendererState,java.awt.geom.Rectangle2D,org.jfree.chart.plot.CategoryPlot,org.jfree.chart.axis.CategoryAxis,org.jfree.chart.axis.ValueAxis,org.jfree.data.statistics.StatisticalCategoryDataset,int,int-- -sampler-include-method=-org.jfree.chart.plot.Marker--void-addChangeListener-org.jfree.chart.event.MarkerChangeListener-- -sampler-include-method=-org.jfree.chart.plot.Marker--void--init--java.awt.Paint,java.awt.Stroke,java.awt.Paint,java.awt.Stroke,float-- -sampler-include-method=-org.jfree.chart.title.Title--void-setPosition-org.jfree.chart.util.RectangleEdge-- -sampler-include-method=-org.jfree.chart.block.AbstractBlock--void-setMargin-org.jfree.chart.util.RectangleInsets-- -sampler-include-method=-org.jfree.chart.block.AbstractBlock--void-setFrame-org.jfree.chart.block.BlockFrame-- -sampler-include-method=-org.jfree.chart.block.LineBorder--void--init--java.awt.Paint,java.awt.Stroke,org.jfree.chart.util.RectangleInsets-- -sampler-include-method=-org.jfree.chart.title.Title--void-notifyListeners-org.jfree.chart.event.TitleChangeEvent-- -sampler-include-method=-org.jfree.chart.block.BlockContainer--void--init--org.jfree.chart.block.Arrangement-- -sampler-include-method=-org.jfree.chart.title.Title--void-addChangeListener-org.jfree.chart.event.TitleChangeListener-- -sampler-include-method=-org.jfree.chart.JFreeChart--void--init--java.lang.String,java.awt.Font,org.jfree.chart.plot.Plot,boolean-- -sampler-include-method=-org.jfree.data.Range--org.jfree.data.Range-combine-org.jfree.data.Range,org.jfree.data.Range-- -sampler-include-method=-org.jfree.chart.util.ObjectList--int-indexOf-java.lang.Object-- -sampler-include-method=-org.jfree.chart.util.AbstractObjectList--int-indexOf-java.lang.Object-- -sampler-include-method=-org.jfree.chart.renderer.AbstractRenderer--void-addChangeListener-org.jfree.chart.event.RendererChangeListener-- -sampler-include-method=-org.jfree.chart.axis.NumberAxis--void-configure--- -sampler-include-method=-org.jfree.chart.plot.Plot--void-addChangeListener-org.jfree.chart.event.PlotChangeListener-- -sampler-include-method=-org.jfree.chart.axis.Axis--void-addChangeListener-org.jfree.chart.event.AxisChangeListener-- -sampler-include-method=-org.jfree.chart.axis.NumberAxis--void-autoAdjustRange--- -sampler-include-method=-org.jfree.chart.title.Title--void--init--org.jfree.chart.util.RectangleEdge,org.jfree.chart.util.HorizontalAlignment,org.jfree.chart.util.VerticalAlignment,org.jfree.chart.util.RectangleInsets-- -sampler-include-method=-org.jfree.chart.block.AbstractBlock--void-setPadding-org.jfree.chart.util.RectangleInsets-- -sampler-include-method=-org.jfree.chart.labels.StandardCategorySeriesLabelGenerator--void--init--java.lang.String-- -sampler-include-method=-org.jfree.chart.util.StandardGradientPaintTransformer--void--init--org.jfree.chart.util.GradientPaintTransformType-- -sampler-include-method=-org.jfree.chart.axis.ValueAxis--void-setRange-org.jfree.data.Range,boolean,boolean-- -sampler-include-method=-org.jfree.chart.axis.Axis--void-notifyListeners-org.jfree.chart.event.AxisChangeEvent-- -sampler-include-method=-org.jfree.chart.axis.NumberTickUnit--void--init--double,java.text.NumberFormat-- -sampler-include-method=-org.jfree.chart.util.AbstractObjectList--java.lang.Object-get-int-- -sampler-include-method=-org.jfree.chart.util.AbstractObjectList--void-set-int,java.lang.Object-- -sampler-include-method=-org.jfree.chart.axis.TickUnits--void-add-org.jfree.chart.axis.TickUnit-- -sampler-include-method=-org.jfree.chart.axis.TickUnit--int-compareTo-java.lang.Object-- -sampler-include-method=-org.jfree.data.general.AbstractDataset--void-addChangeListener-org.jfree.data.general.DatasetChangeListener-- -sampler-include-method=-org.jfree.chart.plot.Plot--void-notifyListeners-org.jfree.chart.event.PlotChangeEvent-- -sampler-include-method=-org.jfree.chart.axis.CategoryAxis--double-calculateTextBlockHeight-org.jfree.chart.text.TextBlock,org.jfree.chart.axis.CategoryLabelPosition,java.awt.Graphics2D-- -sampler-include-method=-org.jfree.data.Range--void--init--double,double-- -sampler-include-method=-org.jfree.chart.axis.CategoryAxis--double-calculateTextBlockWidth-org.jfree.chart.text.TextBlock,org.jfree.chart.axis.CategoryLabelPosition,java.awt.Graphics2D-- -sampler-include-method=-org.jfree.chart.axis.AxisState--void-cursorUp-double-- -sampler-include-method=-org.jfree.chart.util.RectangleInsets--void--init--org.jfree.chart.util.UnitType,double,double,double,double-- -sampler-include-method=-org.jfree.data.general.AbstractDataset--void-notifyListeners-org.jfree.data.general.DatasetChangeEvent-- -sampler-include-method=-org.jfree.chart.labels.ItemLabelPosition--void--init--org.jfree.chart.labels.ItemLabelAnchor,org.jfree.chart.text.TextAnchor,org.jfree.chart.text.TextAnchor,double-- -sampler-include-method=-org.jfree.chart.axis.NumberAxis--void-selectHorizontalAutoTickUnit-java.awt.Graphics2D,java.awt.geom.Rectangle2D,org.jfree.chart.util.RectangleEdge-- -sampler-include-method=-org.jfree.chart.axis.NumberAxis--java.util.List-refreshTicksHorizontal-java.awt.Graphics2D,java.awt.geom.Rectangle2D,org.jfree.chart.util.RectangleEdge-- -sampler-include-method=-org.jfree.chart.axis.NumberAxis--double-estimateMaximumTickLabelWidth-java.awt.Graphics2D,org.jfree.chart.axis.TickUnit-- -sampler-include-method=-org.jfree.chart.axis.AxisState--void-cursorDown-double-- -sampler-include-method=-org.jfree.chart.axis.NumberAxis--double-estimateMaximumTickLabelHeight-java.awt.Graphics2D-- -sampler-include-method=-org.jfree.chart.axis.NumberAxis--void-selectVerticalAutoTickUnit-java.awt.Graphics2D,java.awt.geom.Rectangle2D,org.jfree.chart.util.RectangleEdge-- -sampler-include-method=-org.jfree.chart.axis.NumberAxis--java.util.List-refreshTicksVertical-java.awt.Graphics2D,java.awt.geom.Rectangle2D,org.jfree.chart.util.RectangleEdge-- -sampler-include-method=-org.jfree.chart.axis.ValueAxis--double-findMaximumTickLabelHeight-java.util.List,java.awt.Graphics2D,java.awt.geom.Rectangle2D,boolean-- -sampler-include-method=-org.jfree.chart.axis.ValueAxis--double-findMaximumTickLabelWidth-java.util.List,java.awt.Graphics2D,java.awt.geom.Rectangle2D,boolean-- -sampler-include-method=-org.jfree.chart.plot.CategoryPlot--void-setOrientation-org.jfree.chart.plot.PlotOrientation--
2,25,5,prune_s.profile.number,6935
2,25,5,prune_s.profile.time,70423
2,25,5,prune_s.profile.size,77644
2,25,5,prune.profile.number,6963
2,25,5,prune.profile.time,79438
2,25,5,prune.profile.size,77644
2,25,5,prune.preprocess.size,42746640
2,25,5,prune.preprocess.time,2998294
2,25,5,prune.preprocess.number,6185
2,25,5,prune.preprocess.time_p,2995816.0
2,25,5,prune.mine.size,622288
2,25,5,prune.mine.time,74766
2,25,5,end
