1,59,10,start
1,59,10,raw.profile.time,20594
1,59,10,coarse-grained.profile.time,63602
1,59,10,coarse-grained.profile.number,2032
1,59,10,coarse-grained.profile.size,13024
1,59,10,fine-grained.profile.time,3975993
1,59,10,fine-grained.profile.size,159580
1,59,10,fine-grained.profile.number,15002
1,59,10,fine-grained.preprocess.size,10974928
1,59,10,fine-grained.preprocess.time,43307
1,59,10,fine-grained.preprocess.number,16
1,59,10,fine-grained.preprocess.time_p,42067.0
1,59,10,fine-grained.mine.size,22528
1,59,10,fine-grained.mine.time,104
1,59,10,boost.includes,-sampler-include-method=-org.apache.commons.lang.text.StrBuilder--org.apache.commons.lang.text.StrBuilder-appendFixedWidthPadRight-java.lang.Object,int,char--
1,59,10,boost.profile.number,61
1,59,10,boost.profile.time,27138
1,59,10,boost.profile.size,6652
1,59,10,boost.preprocess.size,612672
1,59,10,boost.preprocess.time,3913
1,59,10,boost.preprocess.number,11
1,59,10,boost.preprocess.time_p,3166.0
1,59,10,boost.mine.size,20976
1,59,10,boost.mine.time,91
1,59,10,prune.theta,0.005854
1,59,10,prune.includes,-sampler-include-method=-org.apache.commons.lang.text.StrBuilder--org.apache.commons.lang.text.StrBuilder-appendFixedWidthPadRight-java.lang.Object,int,char-- -sampler-include-method=-org.apache.commons.lang.text.StrBuilder--void--init--int-- -sampler-include-method=-org.apache.commons.lang.text.StrBuilder--org.apache.commons.lang.text.StrBuilder-ensureCapacity-int--
1,59,10,prune.includes_diff,-sampler-include-method=-org.apache.commons.lang.text.StrBuilder--void--init--int-- -sampler-include-method=-org.apache.commons.lang.text.StrBuilder--org.apache.commons.lang.text.StrBuilder-ensureCapacity-int--
1,59,10,prune_s.profile.number,-3
1,59,10,prune_s.profile.time,26813
1,59,10,prune_s.profile.size,6652
1,59,10,prune.profile.number,66
1,59,10,prune.profile.time,29531
1,59,10,prune.profile.size,6652
1,59,10,prune.preprocess.size,902496
1,59,10,prune.preprocess.time,3463
1,59,10,prune.preprocess.number,16
1,59,10,prune.preprocess.time_p,2745.0
1,59,10,prune.mine.size,21872
1,59,10,prune.mine.time,59
1,59,10,end
