3,48,1,start
3,48,1,raw.profile.time,2409
3,48,1,coarse-grained.profile.time,3415
3,48,1,coarse-grained.profile.number,5384
3,48,1,coarse-grained.profile.size,596
3,48,1,fine-grained.profile.time,172521
3,48,1,fine-grained.profile.size,40044
3,48,1,fine-grained.profile.number,163837
3,48,1,fine-grained.preprocess.size,9004128
3,48,1,fine-grained.preprocess.time,20336
3,48,1,fine-grained.preprocess.number,5048
3,48,1,fine-grained.preprocess.time_p,18803.0
3,48,1,fine-grained.mine.size,149776
3,48,1,fine-grained.mine.time,14494
3,48,1,boost.includes,-sampler-include-method=-org.apache.commons.math.exception.util.LocalizedFormats--java.lang.String-getLocalizedString-java.util.Locale-- -sampler-include-method=-org.apache.commons.math.exception.util.ExceptionContext--java.lang.String-buildMessage-java.util.Locale,java.lang.String--
3,48,1,boost.profile.number,3
3,48,1,boost.profile.time,3099
3,48,1,boost.profile.size,156
3,48,1,boost.preprocess.size,149680
3,48,1,boost.preprocess.time,831
3,48,1,boost.preprocess.number,13
3,48,1,boost.preprocess.time_p,196.0
3,48,1,boost.mine.size,19600
3,48,1,boost.mine.time,61
3,48,1,prune.theta,0.183122
3,48,1,prune.includes,-sampler-include-method=-org.apache.commons.math.exception.util.LocalizedFormats--java.lang.String-getLocalizedString-java.util.Locale-- -sampler-include-method=-org.apache.commons.math.exception.util.ExceptionContext--java.lang.String-buildMessage-java.util.Locale,java.lang.String-- -sampler-include-method=-org.apache.commons.math.analysis.solvers.BaseSecantSolver-1--void--clinit---- -sampler-include-method=-org.apache.commons.math.exception.util.ArgUtils--java.lang.Object[]-flatten-java.lang.Object[]-- -sampler-include-method=-org.apache.commons.math.util.FastMath--double-expint-int,double[]-- -sampler-include-method=-org.apache.commons.math.util.FastMath--void-splitAdd-double[],double[],double[]-- -sampler-include-method=-org.apache.commons.math.util.FastMath--double-slowexp-double,double[]-- -sampler-include-method=-org.apache.commons.math.util.FastMath--void-split-double,double[]-- -sampler-include-method=-org.apache.commons.math.util.FastMath--double-slowCos-double,double[]-- -sampler-include-method=-org.apache.commons.math.util.FastMath--double-slowSin-double,double[]-- -sampler-include-method=-org.apache.commons.math.util.FastMath--void--clinit---- -sampler-include-method=-org.apache.commons.math.util.FastMath--void-splitMult-double[],double[],double[]-- -sampler-include-method=-org.apache.commons.math.util.FastMath--double[]-slowLog-double-- -sampler-include-method=-org.apache.commons.math.util.FastMath--void-resplit-double[]-- -sampler-include-method=-org.apache.commons.math.util.FastMath--void-buildSinCosTables--- -sampler-include-method=-org.apache.commons.math.util.FastMath--void-quadMult-double[],double[],double[]-- -sampler-include-method=-org.apache.commons.math.util.FastMath--void-splitReciprocal-double[],double[]-- -sampler-include-method=-org.apache.commons.math.analysis.solvers.BaseSecantSolver--double-solve-int,org.apache.commons.math.analysis.UnivariateRealFunction,double,double,double-- -sampler-include-method=-org.apache.commons.math.analysis.solvers.BaseAbstractUnivariateRealSolver--double-solve-int,org.apache.commons.math.analysis.UnivariateRealFunction,double,double-- -sampler-include-method=-org.apache.commons.math.util.FastMath--double-abs-double-- -sampler-include-method=-org.apache.commons.math.util.FastMath--double-max-double,double-- -sampler-include-method=-org.apache.commons.math.analysis.solvers.UnivariateRealSolverUtils--void-verifyInterval-double,double-- -sampler-include-method=-org.apache.commons.math.analysis.solvers.BaseSecantSolver--double-solve-int,org.apache.commons.math.analysis.UnivariateRealFunction,double,double,double,org.apache.commons.math.analysis.solvers.AllowedSolution-- -sampler-include-method=-org.apache.commons.math.analysis.solvers.UnivariateRealSolverUtils--void-verifyBracketing-org.apache.commons.math.analysis.UnivariateRealFunction,double,double-- -sampler-include-method=-org.apache.commons.math.analysis.solvers.UnivariateRealSolverUtils--boolean-isBracketing-org.apache.commons.math.analysis.UnivariateRealFunction,double,double-- -sampler-include-method=-org.apache.commons.math.analysis.solvers.BaseSecantSolver--double-doSolve--- -sampler-include-method=-org.apache.commons.math.util.MathUtils--void-checkNotNull-java.lang.Object-- -sampler-include-method=-org.apache.commons.math.analysis.solvers.BaseAbstractUnivariateRealSolver--double-computeObjectiveValue-double-- -sampler-include-method=-org.apache.commons.math.analysis.solvers.BaseAbstractUnivariateRealSolver--double-solve-int,org.apache.commons.math.analysis.UnivariateRealFunction,double,double,double-- -sampler-include-method=-org.apache.commons.math.util.Incrementor--void-incrementCount---
3,48,1,prune.includes_diff,-sampler-include-method=-org.apache.commons.math.analysis.solvers.BaseSecantSolver-1--void--clinit---- -sampler-include-method=-org.apache.commons.math.exception.util.ArgUtils--java.lang.Object[]-flatten-java.lang.Object[]-- -sampler-include-method=-org.apache.commons.math.util.FastMath--double-expint-int,double[]-- -sampler-include-method=-org.apache.commons.math.util.FastMath--void-splitAdd-double[],double[],double[]-- -sampler-include-method=-org.apache.commons.math.util.FastMath--double-slowexp-double,double[]-- -sampler-include-method=-org.apache.commons.math.util.FastMath--void-split-double,double[]-- -sampler-include-method=-org.apache.commons.math.util.FastMath--double-slowCos-double,double[]-- -sampler-include-method=-org.apache.commons.math.util.FastMath--double-slowSin-double,double[]-- -sampler-include-method=-org.apache.commons.math.util.FastMath--void--clinit---- -sampler-include-method=-org.apache.commons.math.util.FastMath--void-splitMult-double[],double[],double[]-- -sampler-include-method=-org.apache.commons.math.util.FastMath--double[]-slowLog-double-- -sampler-include-method=-org.apache.commons.math.util.FastMath--void-resplit-double[]-- -sampler-include-method=-org.apache.commons.math.util.FastMath--void-buildSinCosTables--- -sampler-include-method=-org.apache.commons.math.util.FastMath--void-quadMult-double[],double[],double[]-- -sampler-include-method=-org.apache.commons.math.util.FastMath--void-splitReciprocal-double[],double[]-- -sampler-include-method=-org.apache.commons.math.analysis.solvers.BaseSecantSolver--double-solve-int,org.apache.commons.math.analysis.UnivariateRealFunction,double,double,double-- -sampler-include-method=-org.apache.commons.math.analysis.solvers.BaseAbstractUnivariateRealSolver--double-solve-int,org.apache.commons.math.analysis.UnivariateRealFunction,double,double-- -sampler-include-method=-org.apache.commons.math.util.FastMath--double-abs-double-- -sampler-include-method=-org.apache.commons.math.util.FastMath--double-max-double,double-- -sampler-include-method=-org.apache.commons.math.analysis.solvers.UnivariateRealSolverUtils--void-verifyInterval-double,double-- -sampler-include-method=-org.apache.commons.math.analysis.solvers.BaseSecantSolver--double-solve-int,org.apache.commons.math.analysis.UnivariateRealFunction,double,double,double,org.apache.commons.math.analysis.solvers.AllowedSolution-- -sampler-include-method=-org.apache.commons.math.analysis.solvers.UnivariateRealSolverUtils--void-verifyBracketing-org.apache.commons.math.analysis.UnivariateRealFunction,double,double-- -sampler-include-method=-org.apache.commons.math.analysis.solvers.UnivariateRealSolverUtils--boolean-isBracketing-org.apache.commons.math.analysis.UnivariateRealFunction,double,double-- -sampler-include-method=-org.apache.commons.math.analysis.solvers.BaseSecantSolver--double-doSolve--- -sampler-include-method=-org.apache.commons.math.util.MathUtils--void-checkNotNull-java.lang.Object-- -sampler-include-method=-org.apache.commons.math.analysis.solvers.BaseAbstractUnivariateRealSolver--double-computeObjectiveValue-double-- -sampler-include-method=-org.apache.commons.math.analysis.solvers.BaseAbstractUnivariateRealSolver--double-solve-int,org.apache.commons.math.analysis.UnivariateRealFunction,double,double,double-- -sampler-include-method=-org.apache.commons.math.util.Incrementor--void-incrementCount---
3,48,1,prune_s.profile.number,2870
3,48,1,prune_s.profile.time,162019
3,48,1,prune_s.profile.size,836
3,48,1,prune.profile.number,2881
3,48,1,prune.profile.time,166427
3,48,1,prune.profile.size,836
3,48,1,prune.preprocess.size,4391648
3,48,1,prune.preprocess.time,7643
3,48,1,prune.preprocess.number,5048
3,48,1,prune.preprocess.time_p,6733.0
3,48,1,prune.mine.size,149728
3,48,1,prune.mine.time,9608
3,48,1,end
