3,50,5,start
3,50,5,raw.profile.time,2670
3,50,5,coarse-grained.profile.time,4234
3,50,5,coarse-grained.profile.number,5345
3,50,5,coarse-grained.profile.size,588
3,50,5,fine-grained.profile.time,180477
3,50,5,fine-grained.profile.size,40204
3,50,5,fine-grained.profile.number,164485
3,50,5,fine-grained.preprocess.size,9176736
3,50,5,fine-grained.preprocess.time,19184
3,50,5,fine-grained.preprocess.number,5118
3,50,5,fine-grained.preprocess.time_p,18039.0
3,50,5,fine-grained.mine.size,1499792
3,50,5,fine-grained.mine.time,90778
3,50,5,boost.includes,-sampler-include-method=-org.apache.commons.math.analysis.solvers.BaseSecantSolver-1--void--clinit----
3,50,5,boost.profile.number,0
3,50,5,boost.profile.time,2357
3,50,5,boost.profile.size,156
3,50,5,boost.preprocess.size,148864
3,50,5,boost.preprocess.time,986
3,50,5,boost.preprocess.number,8
3,50,5,boost.preprocess.time_p,170.0
3,50,5,boost.mine.size,19248
3,50,5,boost.mine.time,88
3,50,5,prune.theta,0.082854
3,50,5,prune.includes,-sampler-include-method=-org.apache.commons.math.analysis.solvers.BaseSecantSolver-1--void--clinit---- -sampler-include-method=-org.apache.commons.math.util.FastMath--double-expint-int,double[]-- -sampler-include-method=-org.apache.commons.math.util.FastMath--void-splitAdd-double[],double[],double[]-- -sampler-include-method=-org.apache.commons.math.util.FastMath--double-slowexp-double,double[]-- -sampler-include-method=-org.apache.commons.math.util.FastMath--void-split-double,double[]-- -sampler-include-method=-org.apache.commons.math.util.FastMath--double-slowSin-double,double[]-- -sampler-include-method=-org.apache.commons.math.util.FastMath--double-slowCos-double,double[]-- -sampler-include-method=-org.apache.commons.math.util.FastMath--void--clinit---- -sampler-include-method=-org.apache.commons.math.util.FastMath--void-splitMult-double[],double[],double[]-- -sampler-include-method=-org.apache.commons.math.util.FastMath--double[]-slowLog-double-- -sampler-include-method=-org.apache.commons.math.util.FastMath--void-resplit-double[]-- -sampler-include-method=-org.apache.commons.math.util.FastMath--void-buildSinCosTables--- -sampler-include-method=-org.apache.commons.math.util.FastMath--void-quadMult-double[],double[],double[]-- -sampler-include-method=-org.apache.commons.math.util.FastMath--void-splitReciprocal-double[],double[]-- -sampler-include-method=-org.apache.commons.math.analysis.solvers.BaseSecantSolver--double-solve-int,org.apache.commons.math.analysis.UnivariateRealFunction,double,double,double-- -sampler-include-method=-org.apache.commons.math.analysis.solvers.BaseAbstractUnivariateRealSolver--double-solve-int,org.apache.commons.math.analysis.UnivariateRealFunction,double,double-- -sampler-include-method=-org.apache.commons.math.util.FastMath--double-abs-double-- -sampler-include-method=-org.apache.commons.math.util.FastMath--double-max-double,double-- -sampler-include-method=-org.apache.commons.math.analysis.solvers.UnivariateRealSolverUtils--void-verifyInterval-double,double-- -sampler-include-method=-org.apache.commons.math.analysis.solvers.BaseSecantSolver--double-solve-int,org.apache.commons.math.analysis.UnivariateRealFunction,double,double,double,org.apache.commons.math.analysis.solvers.AllowedSolution-- -sampler-include-method=-org.apache.commons.math.analysis.solvers.UnivariateRealSolverUtils--void-verifyBracketing-org.apache.commons.math.analysis.UnivariateRealFunction,double,double-- -sampler-include-method=-org.apache.commons.math.analysis.solvers.UnivariateRealSolverUtils--boolean-isBracketing-org.apache.commons.math.analysis.UnivariateRealFunction,double,double-- -sampler-include-method=-org.apache.commons.math.analysis.solvers.BaseSecantSolver--double-doSolve--- -sampler-include-method=-org.apache.commons.math.util.MathUtils--void-checkNotNull-java.lang.Object-- -sampler-include-method=-org.apache.commons.math.analysis.solvers.BaseAbstractUnivariateRealSolver--double-computeObjectiveValue-double-- -sampler-include-method=-org.apache.commons.math.analysis.solvers.BaseAbstractUnivariateRealSolver--double-solve-int,org.apache.commons.math.analysis.UnivariateRealFunction,double,double,double-- -sampler-include-method=-org.apache.commons.math.util.Incrementor--void-incrementCount---
3,50,5,prune.includes_diff,-sampler-include-method=-org.apache.commons.math.util.FastMath--double-expint-int,double[]-- -sampler-include-method=-org.apache.commons.math.util.FastMath--void-splitAdd-double[],double[],double[]-- -sampler-include-method=-org.apache.commons.math.util.FastMath--double-slowexp-double,double[]-- -sampler-include-method=-org.apache.commons.math.util.FastMath--void-split-double,double[]-- -sampler-include-method=-org.apache.commons.math.util.FastMath--double-slowSin-double,double[]-- -sampler-include-method=-org.apache.commons.math.util.FastMath--double-slowCos-double,double[]-- -sampler-include-method=-org.apache.commons.math.util.FastMath--void--clinit---- -sampler-include-method=-org.apache.commons.math.util.FastMath--void-splitMult-double[],double[],double[]-- -sampler-include-method=-org.apache.commons.math.util.FastMath--double[]-slowLog-double-- -sampler-include-method=-org.apache.commons.math.util.FastMath--void-resplit-double[]-- -sampler-include-method=-org.apache.commons.math.util.FastMath--void-buildSinCosTables--- -sampler-include-method=-org.apache.commons.math.util.FastMath--void-quadMult-double[],double[],double[]-- -sampler-include-method=-org.apache.commons.math.util.FastMath--void-splitReciprocal-double[],double[]-- -sampler-include-method=-org.apache.commons.math.analysis.solvers.BaseSecantSolver--double-solve-int,org.apache.commons.math.analysis.UnivariateRealFunction,double,double,double-- -sampler-include-method=-org.apache.commons.math.analysis.solvers.BaseAbstractUnivariateRealSolver--double-solve-int,org.apache.commons.math.analysis.UnivariateRealFunction,double,double-- -sampler-include-method=-org.apache.commons.math.util.FastMath--double-abs-double-- -sampler-include-method=-org.apache.commons.math.util.FastMath--double-max-double,double-- -sampler-include-method=-org.apache.commons.math.analysis.solvers.UnivariateRealSolverUtils--void-verifyInterval-double,double-- -sampler-include-method=-org.apache.commons.math.analysis.solvers.BaseSecantSolver--double-solve-int,org.apache.commons.math.analysis.UnivariateRealFunction,double,double,double,org.apache.commons.math.analysis.solvers.AllowedSolution-- -sampler-include-method=-org.apache.commons.math.analysis.solvers.UnivariateRealSolverUtils--void-verifyBracketing-org.apache.commons.math.analysis.UnivariateRealFunction,double,double-- -sampler-include-method=-org.apache.commons.math.analysis.solvers.UnivariateRealSolverUtils--boolean-isBracketing-org.apache.commons.math.analysis.UnivariateRealFunction,double,double-- -sampler-include-method=-org.apache.commons.math.analysis.solvers.BaseSecantSolver--double-doSolve--- -sampler-include-method=-org.apache.commons.math.util.MathUtils--void-checkNotNull-java.lang.Object-- -sampler-include-method=-org.apache.commons.math.analysis.solvers.BaseAbstractUnivariateRealSolver--double-computeObjectiveValue-double-- -sampler-include-method=-org.apache.commons.math.analysis.solvers.BaseAbstractUnivariateRealSolver--double-solve-int,org.apache.commons.math.analysis.UnivariateRealFunction,double,double,double-- -sampler-include-method=-org.apache.commons.math.util.Incrementor--void-incrementCount---
3,50,5,prune_s.profile.number,2922
3,50,5,prune_s.profile.time,170774
3,50,5,prune_s.profile.size,904
3,50,5,prune.profile.number,2930
3,50,5,prune.profile.time,164624
3,50,5,prune.profile.size,904
3,50,5,prune.preprocess.size,4410960
3,50,5,prune.preprocess.time,9220
3,50,5,prune.preprocess.number,5118
3,50,5,prune.preprocess.time_p,8179.0
3,50,5,prune.mine.size,1500288
3,50,5,prune.mine.time,76417
3,50,5,end
