3,62,5,start
3,62,5,raw.profile.time,384
3,62,5,coarse-grained.profile.time,626
3,62,5,coarse-grained.profile.number,4710
3,62,5,coarse-grained.profile.size,36
3,62,5,fine-grained.profile.time,30002
3,62,5,fine-grained.profile.size,1928
3,62,5,fine-grained.profile.number,141250
3,62,5,fine-grained.preprocess.size,2353248
3,62,5,fine-grained.preprocess.time,7629
3,62,5,fine-grained.preprocess.number,4624
3,62,5,fine-grained.preprocess.time_p,6791.0
3,62,5,fine-grained.mine.size,35232
3,62,5,fine-grained.mine.time,292
3,62,5,boost.includes,-sampler-include-method=-org.apache.commons.math.util.FastMath--double-sqrt-double-- -sampler-include-method=-org.apache.commons.math.util.MathUtils--void--clinit---- -sampler-include-method=-org.apache.commons.math.util.FastMath--double-ulp-double--
3,62,5,boost.profile.number,3
3,62,5,boost.profile.time,170
3,62,5,boost.profile.size,12
3,62,5,boost.preprocess.size,142128
3,62,5,boost.preprocess.time,948
3,62,5,boost.preprocess.number,10
3,62,5,boost.preprocess.time_p,185.0
3,62,5,boost.mine.size,19680
3,62,5,boost.mine.time,117
3,62,5,prune.theta,1.000000
3,62,5,prune.includes,-sampler-include-method=-org.apache.commons.math.util.FastMath--double-sqrt-double-- -sampler-include-method=-org.apache.commons.math.util.MathUtils--void--clinit---- -sampler-include-method=-org.apache.commons.math.util.FastMath--double-ulp-double-- -sampler-include-method=-org.apache.commons.math.optimization.univariate.BrentOptimizer--void--clinit---- -sampler-include-method=-org.apache.commons.math.util.FastMath--double-expint-int,double[]-- -sampler-include-method=-org.apache.commons.math.util.FastMath--void-splitAdd-double[],double[],double[]-- -sampler-include-method=-org.apache.commons.math.util.FastMath--double-slowexp-double,double[]-- -sampler-include-method=-org.apache.commons.math.util.FastMath--void-split-double,double[]-- -sampler-include-method=-org.apache.commons.math.util.FastMath--void--clinit---- -sampler-include-method=-org.apache.commons.math.util.FastMath--double-slowCos-double,double[]-- -sampler-include-method=-org.apache.commons.math.util.FastMath--double-slowSin-double,double[]-- -sampler-include-method=-org.apache.commons.math.util.FastMath--void-splitMult-double[],double[],double[]-- -sampler-include-method=-org.apache.commons.math.util.FastMath--double[]-slowLog-double-- -sampler-include-method=-org.apache.commons.math.util.FastMath--void-resplit-double[]-- -sampler-include-method=-org.apache.commons.math.util.FastMath--void-buildSinCosTables--- -sampler-include-method=-org.apache.commons.math.util.FastMath--void-quadMult-double[],double[],double[]-- -sampler-include-method=-org.apache.commons.math.util.FastMath--void-splitReciprocal-double[],double[]-- -sampler-include-method=-org.apache.commons.math.util.MathUtils--boolean-equals-double,double-- -sampler-include-method=-org.apache.commons.math.optimization.univariate.MultiStartUnivariateRealOptimizer-1--int-compare-java.lang.Object,java.lang.Object-- -sampler-include-method=-org.apache.commons.math.optimization.univariate.AbstractUnivariateRealOptimizer--int-getEvaluations--- -sampler-include-method=-org.apache.commons.math.optimization.univariate.AbstractUnivariateRealOptimizer--int-getMaxEvaluations--- -sampler-include-method=-org.apache.commons.math.optimization.univariate.AbstractUnivariateRealOptimizer--double-computeObjectiveValue-double-- -sampler-include-method=-org.apache.commons.math.optimization.univariate.AbstractUnivariateRealOptimizer--org.apache.commons.math.optimization.univariate.UnivariateRealPointValuePair-optimize-org.apache.commons.math.analysis.UnivariateRealFunction,org.apache.commons.math.optimization.GoalType,double,double,double-- -sampler-include-method=-org.apache.commons.math.util.FastMath--double-abs-double-- -sampler-include-method=-org.apache.commons.math.util.FastMath--long-abs-long-- -sampler-include-method=-org.apache.commons.math.util.Incrementor--void-incrementCount--- -sampler-include-method=-org.apache.commons.math.optimization.univariate.MultiStartUnivariateRealOptimizer-1--int-compare-org.apache.commons.math.optimization.univariate.UnivariateRealPointValuePair,org.apache.commons.math.optimization.univariate.UnivariateRealPointValuePair-- -sampler-include-method=-org.apache.commons.math.optimization.univariate.BrentOptimizer--void--init--double,double-- -sampler-include-method=-org.apache.commons.math.optimization.univariate.AbstractUnivariateRealOptimizer--org.apache.commons.math.optimization.univariate.UnivariateRealPointValuePair-optimize-org.apache.commons.math.analysis.UnivariateRealFunction,org.apache.commons.math.optimization.GoalType,double,double-- -sampler-include-method=-org.apache.commons.math.util.FastMath--double-max-double,double-- -sampler-include-method=-org.apache.commons.math.util.FastMath--double-min-double,double-- -sampler-include-method=-org.apache.commons.math.util.MathUtils--boolean-equals-double,double,int-- -sampler-include-method=-org.apache.commons.math.optimization.univariate.MultiStartUnivariateRealOptimizer--org.apache.commons.math.optimization.univariate.UnivariateRealPointValuePair-optimize-org.apache.commons.math.analysis.UnivariateRealFunction,org.apache.commons.math.optimization.GoalType,double,double,double-- -sampler-include-method=-org.apache.commons.math.optimization.univariate.BrentOptimizer--org.apache.commons.math.optimization.univariate.UnivariateRealPointValuePair-doOptimize---
3,62,5,prune.includes_diff,-sampler-include-method=-org.apache.commons.math.optimization.univariate.BrentOptimizer--void--clinit---- -sampler-include-method=-org.apache.commons.math.util.FastMath--double-expint-int,double[]-- -sampler-include-method=-org.apache.commons.math.util.FastMath--void-splitAdd-double[],double[],double[]-- -sampler-include-method=-org.apache.commons.math.util.FastMath--double-slowexp-double,double[]-- -sampler-include-method=-org.apache.commons.math.util.FastMath--void-split-double,double[]-- -sampler-include-method=-org.apache.commons.math.util.FastMath--void--clinit---- -sampler-include-method=-org.apache.commons.math.util.FastMath--double-slowCos-double,double[]-- -sampler-include-method=-org.apache.commons.math.util.FastMath--double-slowSin-double,double[]-- -sampler-include-method=-org.apache.commons.math.util.FastMath--void-splitMult-double[],double[],double[]-- -sampler-include-method=-org.apache.commons.math.util.FastMath--double[]-slowLog-double-- -sampler-include-method=-org.apache.commons.math.util.FastMath--void-resplit-double[]-- -sampler-include-method=-org.apache.commons.math.util.FastMath--void-buildSinCosTables--- -sampler-include-method=-org.apache.commons.math.util.FastMath--void-quadMult-double[],double[],double[]-- -sampler-include-method=-org.apache.commons.math.util.FastMath--void-splitReciprocal-double[],double[]-- -sampler-include-method=-org.apache.commons.math.util.MathUtils--boolean-equals-double,double-- -sampler-include-method=-org.apache.commons.math.optimization.univariate.MultiStartUnivariateRealOptimizer-1--int-compare-java.lang.Object,java.lang.Object-- -sampler-include-method=-org.apache.commons.math.optimization.univariate.AbstractUnivariateRealOptimizer--int-getEvaluations--- -sampler-include-method=-org.apache.commons.math.optimization.univariate.AbstractUnivariateRealOptimizer--int-getMaxEvaluations--- -sampler-include-method=-org.apache.commons.math.optimization.univariate.AbstractUnivariateRealOptimizer--double-computeObjectiveValue-double-- -sampler-include-method=-org.apache.commons.math.optimization.univariate.AbstractUnivariateRealOptimizer--org.apache.commons.math.optimization.univariate.UnivariateRealPointValuePair-optimize-org.apache.commons.math.analysis.UnivariateRealFunction,org.apache.commons.math.optimization.GoalType,double,double,double-- -sampler-include-method=-org.apache.commons.math.util.FastMath--double-abs-double-- -sampler-include-method=-org.apache.commons.math.util.FastMath--long-abs-long-- -sampler-include-method=-org.apache.commons.math.util.Incrementor--void-incrementCount--- -sampler-include-method=-org.apache.commons.math.optimization.univariate.MultiStartUnivariateRealOptimizer-1--int-compare-org.apache.commons.math.optimization.univariate.UnivariateRealPointValuePair,org.apache.commons.math.optimization.univariate.UnivariateRealPointValuePair-- -sampler-include-method=-org.apache.commons.math.optimization.univariate.BrentOptimizer--void--init--double,double-- -sampler-include-method=-org.apache.commons.math.optimization.univariate.AbstractUnivariateRealOptimizer--org.apache.commons.math.optimization.univariate.UnivariateRealPointValuePair-optimize-org.apache.commons.math.analysis.UnivariateRealFunction,org.apache.commons.math.optimization.GoalType,double,double-- -sampler-include-method=-org.apache.commons.math.util.FastMath--double-max-double,double-- -sampler-include-method=-org.apache.commons.math.util.FastMath--double-min-double,double-- -sampler-include-method=-org.apache.commons.math.util.MathUtils--boolean-equals-double,double,int-- -sampler-include-method=-org.apache.commons.math.optimization.univariate.MultiStartUnivariateRealOptimizer--org.apache.commons.math.optimization.univariate.UnivariateRealPointValuePair-optimize-org.apache.commons.math.analysis.UnivariateRealFunction,org.apache.commons.math.optimization.GoalType,double,double,double-- -sampler-include-method=-org.apache.commons.math.optimization.univariate.BrentOptimizer--org.apache.commons.math.optimization.univariate.UnivariateRealPointValuePair-doOptimize---
3,62,5,prune_s.profile.number,3169
3,62,5,prune_s.profile.time,25993
3,62,5,prune_s.profile.size,60
3,62,5,prune.profile.number,3180
3,62,5,prune.profile.time,24658
3,62,5,prune.profile.size,60
3,62,5,prune.preprocess.size,891632
3,62,5,prune.preprocess.time,3237
3,62,5,prune.preprocess.number,4624
3,62,5,prune.preprocess.time_p,2579.0
3,62,5,prune.mine.size,35312
3,62,5,prune.mine.time,266
3,62,5,end
