3,19,10,start
3,19,10,raw.profile.time,20939
3,19,10,coarse-grained.profile.time,680500
3,19,10,coarse-grained.profile.number,6110
3,19,10,coarse-grained.profile.size,504
3,19,10,fine-grained.profile.time,9835125
3,19,10,fine-grained.profile.size,33092
3,19,10,fine-grained.profile.number,193427
3,19,10,fine-grained.preprocess.size,4961744
3,19,10,fine-grained.preprocess.time,12902
3,19,10,fine-grained.preprocess.number,1661
3,19,10,fine-grained.preprocess.time_p,12160.0
3,19,10,fine-grained.mine.size,131920
3,19,10,fine-grained.mine.time,6854
3,19,10,boost.includes,-sampler-include-method=-org.apache.commons.math3.util.FastMath--double-nextUp-double-- -sampler-include-method=-org.apache.commons.math3.exception.util.LocalizedFormats--java.lang.String-getLocalizedString-java.util.Locale-- -sampler-include-method=-org.apache.commons.math3.exception.util.ExceptionContext--java.lang.String-buildMessage-java.util.Locale,java.lang.String--
3,19,10,boost.profile.number,4
3,19,10,boost.profile.time,16248
3,19,10,boost.profile.size,104
3,19,10,boost.preprocess.size,148864
3,19,10,boost.preprocess.time,857
3,19,10,boost.preprocess.number,11
3,19,10,boost.preprocess.time_p,278.0
3,19,10,boost.mine.size,19744
3,19,10,boost.mine.time,83
3,19,10,prune.theta,0.242292
3,19,10,prune.includes,-sampler-include-method=-org.apache.commons.math3.util.FastMath--double-nextUp-double-- -sampler-include-method=-org.apache.commons.math3.exception.util.LocalizedFormats--java.lang.String-getLocalizedString-java.util.Locale-- -sampler-include-method=-org.apache.commons.math3.exception.util.ExceptionContext--java.lang.String-buildMessage-java.util.Locale,java.lang.String-- -sampler-include-method=-org.apache.commons.math3.util.FastMath--double-nextAfter-double,double-- -sampler-include-method=-org.apache.commons.math3.optimization.direct.CMAESOptimizer-FitnessFunction--double[]-repair-double[]-- -sampler-include-method=-org.apache.commons.math3.exception.util.ArgUtils--java.lang.Object[]-flatten-java.lang.Object[]-- -sampler-include-method=-org.apache.commons.math3.linear.Array2DRowRealMatrix--int-getRowDimension--- -sampler-include-method=-org.apache.commons.math3.util.FastMath--double-sqrt-double-- -sampler-include-method=-org.apache.commons.math3.optimization.direct.BaseAbstractMultivariateOptimizer--double-computeObjectiveValue-double[]-- -sampler-include-method=-org.apache.commons.math3.optimization.direct.BaseAbstractMultivariateOptimizer--int-getMaxEvaluations--- -sampler-include-method=-org.apache.commons.math3.linear.AbstractRealMatrix-2--double-end--- -sampler-include-method=-org.apache.commons.math3.linear.AbstractRealMatrix--double-getFrobeniusNorm--- -sampler-include-method=-org.apache.commons.math3.linear.AbstractRealMatrix--double-walkInOptimizedOrder-org.apache.commons.math3.linear.RealMatrixPreservingVisitor-- -sampler-include-method=-org.apache.commons.math3.linear.AbstractRealMatrix--void--init--int,int-- -sampler-include-method=-org.apache.commons.math3.linear.Array2DRowRealMatrix--int-getColumnDimension--- -sampler-include-method=-org.apache.commons.math3.linear.AbstractRealMatrix--org.apache.commons.math3.linear.RealMatrix-transpose--- -sampler-include-method=-org.apache.commons.math3.linear.MatrixUtils--org.apache.commons.math3.linear.RealMatrix-createRealMatrix-int,int-- -sampler-include-method=-org.apache.commons.math3.linear.MatrixUtils--org.apache.commons.math3.linear.RealMatrix-createColumnRealMatrix-double[]-- -sampler-include-method=-org.apache.commons.math3.optimization.direct.CMAESOptimizer--org.apache.commons.math3.linear.RealMatrix-ones-int,int-- -sampler-include-method=-org.apache.commons.math3.linear.MatrixUtils--void-checkMultiplicationCompatible-org.apache.commons.math3.linear.AnyMatrix,org.apache.commons.math3.linear.AnyMatrix-- -sampler-include-method=-org.apache.commons.math3.optimization.direct.CMAESOptimizer--org.apache.commons.math3.linear.RealMatrix-eye-int,int-- -sampler-include-method=-org.apache.commons.math3.linear.MatrixUtils--void-checkColumnIndex-org.apache.commons.math3.linear.AnyMatrix,int-- -sampler-include-method=-org.apache.commons.math3.linear.MatrixUtils--void-checkRowIndex-org.apache.commons.math3.linear.AnyMatrix,int-- -sampler-include-method=-org.apache.commons.math3.linear.AbstractRealMatrix-2--void-visit-int,int,double-- -sampler-include-method=-org.apache.commons.math3.util.Incrementor--void-incrementCount--- -sampler-include-method=-org.apache.commons.math3.optimization.direct.CMAESOptimizer-FitnessFunction--double-value-double[]-- -sampler-include-method=-org.apache.commons.math3.optimization.direct.CMAESOptimizer--double-max-org.apache.commons.math3.linear.RealMatrix-- -sampler-include-method=-org.apache.commons.math3.linear.AbstractRealMatrix--org.apache.commons.math3.linear.RealMatrix-scalarAdd-double-- -sampler-include-method=-org.apache.commons.math3.linear.AbstractRealMatrix--org.apache.commons.math3.linear.RealMatrix-scalarMultiply-double-- -sampler-include-method=-org.apache.commons.math3.linear.Array2DRowRealMatrix--void--init--double[][],boolean-- -sampler-include-method=-org.apache.commons.math3.optimization.direct.CMAESOptimizer--org.apache.commons.math3.linear.RealMatrix-diag-org.apache.commons.math3.linear.RealMatrix-- -sampler-include-method=-org.apache.commons.math3.optimization.direct.CMAESOptimizer--org.apache.commons.math3.linear.RealMatrix-square-org.apache.commons.math3.linear.RealMatrix-- -sampler-include-method=-org.apache.commons.math3.optimization.direct.CMAESOptimizer--org.apache.commons.math3.linear.RealMatrix-log-org.apache.commons.math3.linear.RealMatrix-- -sampler-include-method=-org.apache.commons.math3.optimization.direct.CMAESOptimizer--org.apache.commons.math3.linear.RealMatrix-times-org.apache.commons.math3.linear.RealMatrix,org.apache.commons.math3.linear.RealMatrix-- -sampler-include-method=-org.apache.commons.math3.optimization.direct.CMAESOptimizer--org.apache.commons.math3.linear.RealMatrix-sequence-double,double,double-- -sampler-include-method=-org.apache.commons.math3.optimization.direct.CMAESOptimizer-FitnessFunction--double[]-encode-double[]-- -sampler-include-method=-org.apache.commons.math3.optimization.direct.CMAESOptimizer-FitnessFunction--double[]-decode-double[]-- -sampler-include-method=-org.apache.commons.math3.linear.Array2DRowRealMatrix--double-walkInRowOrder-org.apache.commons.math3.linear.RealMatrixPreservingVisitor-- -sampler-include-method=-org.apache.commons.math3.linear.AbstractRealMatrix--org.apache.commons.math3.linear.RealMatrix-multiply-org.apache.commons.math3.linear.RealMatrix-- -sampler-include-method=-org.apache.commons.math3.optimization.direct.CMAESOptimizer--org.apache.commons.math3.linear.RealMatrix-repmat-org.apache.commons.math3.linear.RealMatrix,int,int-- -sampler-include-method=-org.apache.commons.math3.optimization.direct.CMAESOptimizer--void-initializeCMA-double[]-- -sampler-include-method=-org.apache.commons.math3.optimization.direct.BaseAbstractMultivariateOptimizer--org.apache.commons.math3.optimization.PointValuePair-optimizeInternal-int,org.apache.commons.math3.analysis.MultivariateFunction,org.apache.commons.math3.optimization.GoalType,double[]-- -sampler-include-method=-org.apache.commons.math3.optimization.direct.CMAESOptimizer--void-checkParameters--- -sampler-include-method=-org.apache.commons.math3.optimization.direct.CMAESOptimizer--org.apache.commons.math3.optimization.PointValuePair-doOptimize--- -sampler-include-method=-org.apache.commons.math3.util.Incrementor--void--init--int,org.apache.commons.math3.util.Incrementor-MaxCountExceededCallback-- -sampler-include-method=-org.apache.commons.math3.optimization.direct.CMAESOptimizer--void--init--int,double[],int,double,boolean,int,int,org.apache.commons.math3.random.RandomGenerator,boolean,org.apache.commons.math3.optimization.ConvergenceChecker-- -sampler-include-method=-org.apache.commons.math3.optimization.AbstractConvergenceChecker--void--init---- -sampler-include-method=-org.apache.commons.math3.optimization.direct.BaseAbstractMultivariateSimpleBoundsOptimizer--org.apache.commons.math3.optimization.PointValuePair-optimize-int,org.apache.commons.math3.analysis.MultivariateFunction,org.apache.commons.math3.optimization.GoalType,double[],double[],double[]--
3,19,10,prune.includes_diff,-sampler-include-method=-org.apache.commons.math3.util.FastMath--double-nextAfter-double,double-- -sampler-include-method=-org.apache.commons.math3.optimization.direct.CMAESOptimizer-FitnessFunction--double[]-repair-double[]-- -sampler-include-method=-org.apache.commons.math3.exception.util.ArgUtils--java.lang.Object[]-flatten-java.lang.Object[]-- -sampler-include-method=-org.apache.commons.math3.linear.Array2DRowRealMatrix--int-getRowDimension--- -sampler-include-method=-org.apache.commons.math3.util.FastMath--double-sqrt-double-- -sampler-include-method=-org.apache.commons.math3.optimization.direct.BaseAbstractMultivariateOptimizer--double-computeObjectiveValue-double[]-- -sampler-include-method=-org.apache.commons.math3.optimization.direct.BaseAbstractMultivariateOptimizer--int-getMaxEvaluations--- -sampler-include-method=-org.apache.commons.math3.linear.AbstractRealMatrix-2--double-end--- -sampler-include-method=-org.apache.commons.math3.linear.AbstractRealMatrix--double-getFrobeniusNorm--- -sampler-include-method=-org.apache.commons.math3.linear.AbstractRealMatrix--double-walkInOptimizedOrder-org.apache.commons.math3.linear.RealMatrixPreservingVisitor-- -sampler-include-method=-org.apache.commons.math3.linear.AbstractRealMatrix--void--init--int,int-- -sampler-include-method=-org.apache.commons.math3.linear.Array2DRowRealMatrix--int-getColumnDimension--- -sampler-include-method=-org.apache.commons.math3.linear.AbstractRealMatrix--org.apache.commons.math3.linear.RealMatrix-transpose--- -sampler-include-method=-org.apache.commons.math3.linear.MatrixUtils--org.apache.commons.math3.linear.RealMatrix-createRealMatrix-int,int-- -sampler-include-method=-org.apache.commons.math3.linear.MatrixUtils--org.apache.commons.math3.linear.RealMatrix-createColumnRealMatrix-double[]-- -sampler-include-method=-org.apache.commons.math3.optimization.direct.CMAESOptimizer--org.apache.commons.math3.linear.RealMatrix-ones-int,int-- -sampler-include-method=-org.apache.commons.math3.linear.MatrixUtils--void-checkMultiplicationCompatible-org.apache.commons.math3.linear.AnyMatrix,org.apache.commons.math3.linear.AnyMatrix-- -sampler-include-method=-org.apache.commons.math3.optimization.direct.CMAESOptimizer--org.apache.commons.math3.linear.RealMatrix-eye-int,int-- -sampler-include-method=-org.apache.commons.math3.linear.MatrixUtils--void-checkColumnIndex-org.apache.commons.math3.linear.AnyMatrix,int-- -sampler-include-method=-org.apache.commons.math3.linear.MatrixUtils--void-checkRowIndex-org.apache.commons.math3.linear.AnyMatrix,int-- -sampler-include-method=-org.apache.commons.math3.linear.AbstractRealMatrix-2--void-visit-int,int,double-- -sampler-include-method=-org.apache.commons.math3.util.Incrementor--void-incrementCount--- -sampler-include-method=-org.apache.commons.math3.optimization.direct.CMAESOptimizer-FitnessFunction--double-value-double[]-- -sampler-include-method=-org.apache.commons.math3.optimization.direct.CMAESOptimizer--double-max-org.apache.commons.math3.linear.RealMatrix-- -sampler-include-method=-org.apache.commons.math3.linear.AbstractRealMatrix--org.apache.commons.math3.linear.RealMatrix-scalarAdd-double-- -sampler-include-method=-org.apache.commons.math3.linear.AbstractRealMatrix--org.apache.commons.math3.linear.RealMatrix-scalarMultiply-double-- -sampler-include-method=-org.apache.commons.math3.linear.Array2DRowRealMatrix--void--init--double[][],boolean-- -sampler-include-method=-org.apache.commons.math3.optimization.direct.CMAESOptimizer--org.apache.commons.math3.linear.RealMatrix-diag-org.apache.commons.math3.linear.RealMatrix-- -sampler-include-method=-org.apache.commons.math3.optimization.direct.CMAESOptimizer--org.apache.commons.math3.linear.RealMatrix-square-org.apache.commons.math3.linear.RealMatrix-- -sampler-include-method=-org.apache.commons.math3.optimization.direct.CMAESOptimizer--org.apache.commons.math3.linear.RealMatrix-log-org.apache.commons.math3.linear.RealMatrix-- -sampler-include-method=-org.apache.commons.math3.optimization.direct.CMAESOptimizer--org.apache.commons.math3.linear.RealMatrix-times-org.apache.commons.math3.linear.RealMatrix,org.apache.commons.math3.linear.RealMatrix-- -sampler-include-method=-org.apache.commons.math3.optimization.direct.CMAESOptimizer--org.apache.commons.math3.linear.RealMatrix-sequence-double,double,double-- -sampler-include-method=-org.apache.commons.math3.optimization.direct.CMAESOptimizer-FitnessFunction--double[]-encode-double[]-- -sampler-include-method=-org.apache.commons.math3.optimization.direct.CMAESOptimizer-FitnessFunction--double[]-decode-double[]-- -sampler-include-method=-org.apache.commons.math3.linear.Array2DRowRealMatrix--double-walkInRowOrder-org.apache.commons.math3.linear.RealMatrixPreservingVisitor-- -sampler-include-method=-org.apache.commons.math3.linear.AbstractRealMatrix--org.apache.commons.math3.linear.RealMatrix-multiply-org.apache.commons.math3.linear.RealMatrix-- -sampler-include-method=-org.apache.commons.math3.optimization.direct.CMAESOptimizer--org.apache.commons.math3.linear.RealMatrix-repmat-org.apache.commons.math3.linear.RealMatrix,int,int-- -sampler-include-method=-org.apache.commons.math3.optimization.direct.CMAESOptimizer--void-initializeCMA-double[]-- -sampler-include-method=-org.apache.commons.math3.optimization.direct.BaseAbstractMultivariateOptimizer--org.apache.commons.math3.optimization.PointValuePair-optimizeInternal-int,org.apache.commons.math3.analysis.MultivariateFunction,org.apache.commons.math3.optimization.GoalType,double[]-- -sampler-include-method=-org.apache.commons.math3.optimization.direct.CMAESOptimizer--void-checkParameters--- -sampler-include-method=-org.apache.commons.math3.optimization.direct.CMAESOptimizer--org.apache.commons.math3.optimization.PointValuePair-doOptimize--- -sampler-include-method=-org.apache.commons.math3.util.Incrementor--void--init--int,org.apache.commons.math3.util.Incrementor-MaxCountExceededCallback-- -sampler-include-method=-org.apache.commons.math3.optimization.direct.CMAESOptimizer--void--init--int,double[],int,double,boolean,int,int,org.apache.commons.math3.random.RandomGenerator,boolean,org.apache.commons.math3.optimization.ConvergenceChecker-- -sampler-include-method=-org.apache.commons.math3.optimization.AbstractConvergenceChecker--void--init---- -sampler-include-method=-org.apache.commons.math3.optimization.direct.BaseAbstractMultivariateSimpleBoundsOptimizer--org.apache.commons.math3.optimization.PointValuePair-optimize-int,org.apache.commons.math3.analysis.MultivariateFunction,org.apache.commons.math3.optimization.GoalType,double[],double[],double[]--
3,19,10,prune_s.profile.number,2057
3,19,10,prune_s.profile.time,2896083
3,19,10,prune_s.profile.size,464
3,19,10,prune.profile.number,2069
3,19,10,prune.profile.time,2843179
3,19,10,prune.profile.size,464
3,19,10,prune.preprocess.size,2278816
3,19,10,prune.preprocess.time,5517
3,19,10,prune.preprocess.number,1662
3,19,10,prune.preprocess.time_p,4721.0
3,19,10,prune.mine.size,132480
3,19,10,prune.mine.time,6077
3,19,10,end
