3,104,10,start
3,104,10,raw.profile.time,837
3,104,10,coarse-grained.profile.time,1368
3,104,10,coarse-grained.profile.number,1515
3,104,10,coarse-grained.profile.size,1092
3,104,10,fine-grained.profile.time,56859
3,104,10,fine-grained.profile.size,43864
3,104,10,fine-grained.profile.number,48383
3,104,10,fine-grained.preprocess.size,4615344
3,104,10,fine-grained.preprocess.time,13004
3,104,10,fine-grained.preprocess.number,1099
3,104,10,fine-grained.preprocess.time_p,12078.0
3,104,10,fine-grained.mine.size,66096
3,104,10,fine-grained.mine.time,3327
3,104,10,boost.includes,-sampler-include-method=-org.apache.commons.math.special.Gamma--double-regularizedGammaQ-double,double-- -sampler-include-method=-org.apache.commons.math.special.Gamma-1--double-getB-int,double--
3,104,10,boost.profile.number,8
3,104,10,boost.profile.time,1192
3,104,10,boost.profile.size,560
3,104,10,boost.preprocess.size,193872
3,104,10,boost.preprocess.time,1125
3,104,10,boost.preprocess.number,29
3,104,10,boost.preprocess.time_p,431.0
3,104,10,boost.mine.size,19072
3,104,10,boost.mine.time,46
3,104,10,prune.theta,0.017876
3,104,10,prune.includes,-sampler-include-method=-org.apache.commons.math.special.Gamma--double-regularizedGammaQ-double,double-- -sampler-include-method=-org.apache.commons.math.special.Gamma-1--double-getB-int,double-- -sampler-include-method=-org.apache.commons.math.special.Gamma-1--double-getA-int,double-- -sampler-include-method=-org.apache.commons.math.special.Gamma--double-regularizedGammaP-double,double-- -sampler-include-method=-org.apache.commons.math.special.Gamma--double-regularizedGammaQ-double,double,double,int-- -sampler-include-method=-org.apache.commons.math.special.Gamma--double-regularizedGammaP-double,double,double,int-- -sampler-include-method=-org.apache.commons.math.util.ContinuedFraction--double-evaluate-double,double,int-- -sampler-include-method=-org.apache.commons.math.special.Gamma--double-logGamma-double--
3,104,10,prune.includes_diff,-sampler-include-method=-org.apache.commons.math.special.Gamma-1--double-getA-int,double-- -sampler-include-method=-org.apache.commons.math.special.Gamma--double-regularizedGammaP-double,double-- -sampler-include-method=-org.apache.commons.math.special.Gamma--double-regularizedGammaQ-double,double,double,int-- -sampler-include-method=-org.apache.commons.math.special.Gamma--double-regularizedGammaP-double,double,double,int-- -sampler-include-method=-org.apache.commons.math.util.ContinuedFraction--double-evaluate-double,double,int-- -sampler-include-method=-org.apache.commons.math.special.Gamma--double-logGamma-double--
3,104,10,prune_s.profile.number,871
3,104,10,prune_s.profile.time,41840
3,104,10,prune_s.profile.size,1100
3,104,10,prune.profile.number,887
3,104,10,prune.profile.time,38897
3,104,10,prune.profile.size,1096
3,104,10,prune.preprocess.size,2278528
3,104,10,prune.preprocess.time,3427
3,104,10,prune.preprocess.number,1099
3,104,10,prune.preprocess.time_p,2744.0
3,104,10,prune.mine.size,65664
3,104,10,prune.mine.time,2867
3,104,10,end
