3,48,10,start
3,48,10,raw.profile.time,2409
3,48,10,coarse-grained.profile.time,3415
3,48,10,coarse-grained.profile.number,5384
3,48,10,coarse-grained.profile.size,596
3,48,10,fine-grained.profile.time,172521
3,48,10,fine-grained.profile.size,40044
3,48,10,fine-grained.profile.number,163837
3,48,10,fine-grained.preprocess.size,9004464
3,48,10,fine-grained.preprocess.time,21859
3,48,10,fine-grained.preprocess.number,5048
3,48,10,fine-grained.preprocess.time_p,20612.0
3,48,10,fine-grained.mine.size,1456816
3,48,10,fine-grained.mine.time,74146
3,48,10,boost.includes,-sampler-include-method=-org.apache.commons.math.exception.util.LocalizedFormats--java.lang.String-getLocalizedString-java.util.Locale-- -sampler-include-method=-org.apache.commons.math.exception.util.ExceptionContext--java.lang.String-buildMessage-java.util.Locale,java.lang.String--
3,48,10,boost.profile.number,3
3,48,10,boost.profile.time,3099
3,48,10,boost.profile.size,156
3,48,10,boost.preprocess.size,152496
3,48,10,boost.preprocess.time,1079
3,48,10,boost.preprocess.number,13
3,48,10,boost.preprocess.time_p,279.0
3,48,10,boost.mine.size,19696
3,48,10,boost.mine.time,107
3,48,10,prune.theta,0.183122
3,48,10,prune.includes,-sampler-include-method=-org.apache.commons.math.exception.util.LocalizedFormats--java.lang.String-getLocalizedString-java.util.Locale-- -sampler-include-method=-org.apache.commons.math.exception.util.ExceptionContext--java.lang.String-buildMessage-java.util.Locale,java.lang.String-- -sampler-include-method=-org.apache.commons.math.analysis.solvers.BaseSecantSolver-1--void--clinit---- -sampler-include-method=-org.apache.commons.math.exception.util.ArgUtils--java.lang.Object[]-flatten-java.lang.Object[]-- -sampler-include-method=-org.apache.commons.math.util.FastMath--double-expint-int,double[]-- -sampler-include-method=-org.apache.commons.math.util.FastMath--void-splitAdd-double[],double[],double[]-- -sampler-include-method=-org.apache.commons.math.util.FastMath--double-slowexp-double,double[]-- -sampler-include-method=-org.apache.commons.math.util.FastMath--void-split-double,double[]-- -sampler-include-method=-org.apache.commons.math.util.FastMath--double-slowCos-double,double[]-- -sampler-include-method=-org.apache.commons.math.util.FastMath--double-slowSin-double,double[]-- -sampler-include-method=-org.apache.commons.math.util.FastMath--void--clinit---- -sampler-include-method=-org.apache.commons.math.util.FastMath--void-splitMult-double[],double[],double[]-- -sampler-include-method=-org.apache.commons.math.util.FastMath--double[]-slowLog-double-- -sampler-include-method=-org.apache.commons.math.util.FastMath--void-resplit-double[]-- -sampler-include-method=-org.apache.commons.math.util.FastMath--void-buildSinCosTables--- -sampler-include-method=-org.apache.commons.math.util.FastMath--void-quadMult-double[],double[],double[]-- -sampler-include-method=-org.apache.commons.math.util.FastMath--void-splitReciprocal-double[],double[]-- -sampler-include-method=-org.apache.commons.math.analysis.solvers.BaseSecantSolver--double-solve-int,org.apache.commons.math.analysis.UnivariateRealFunction,double,double,double-- -sampler-include-method=-org.apache.commons.math.analysis.solvers.BaseAbstractUnivariateRealSolver--double-solve-int,org.apache.commons.math.analysis.UnivariateRealFunction,double,double-- -sampler-include-method=-org.apache.commons.math.util.FastMath--double-abs-double-- -sampler-include-method=-org.apache.commons.math.util.FastMath--double-max-double,double-- -sampler-include-method=-org.apache.commons.math.analysis.solvers.UnivariateRealSolverUtils--void-verifyInterval-double,double-- -sampler-include-method=-org.apache.commons.math.analysis.solvers.BaseSecantSolver--double-solve-int,org.apache.commons.math.analysis.UnivariateRealFunction,double,double,double,org.apache.commons.math.analysis.solvers.AllowedSolution-- -sampler-include-method=-org.apache.commons.math.analysis.solvers.UnivariateRealSolverUtils--void-verifyBracketing-org.apache.commons.math.analysis.UnivariateRealFunction,double,double-- -sampler-include-method=-org.apache.commons.math.analysis.solvers.UnivariateRealSolverUtils--boolean-isBracketing-org.apache.commons.math.analysis.UnivariateRealFunction,double,double-- -sampler-include-method=-org.apache.commons.math.analysis.solvers.BaseSecantSolver--double-doSolve--- -sampler-include-method=-org.apache.commons.math.util.MathUtils--void-checkNotNull-java.lang.Object-- -sampler-include-method=-org.apache.commons.math.analysis.solvers.BaseAbstractUnivariateRealSolver--double-computeObjectiveValue-double-- -sampler-include-method=-org.apache.commons.math.analysis.solvers.BaseAbstractUnivariateRealSolver--double-solve-int,org.apache.commons.math.analysis.UnivariateRealFunction,double,double,double-- -sampler-include-method=-org.apache.commons.math.util.Incrementor--void-incrementCount---
3,48,10,prune.includes_diff,-sampler-include-method=-org.apache.commons.math.analysis.solvers.BaseSecantSolver-1--void--clinit---- -sampler-include-method=-org.apache.commons.math.exception.util.ArgUtils--java.lang.Object[]-flatten-java.lang.Object[]-- -sampler-include-method=-org.apache.commons.math.util.FastMath--double-expint-int,double[]-- -sampler-include-method=-org.apache.commons.math.util.FastMath--void-splitAdd-double[],double[],double[]-- -sampler-include-method=-org.apache.commons.math.util.FastMath--double-slowexp-double,double[]-- -sampler-include-method=-org.apache.commons.math.util.FastMath--void-split-double,double[]-- -sampler-include-method=-org.apache.commons.math.util.FastMath--double-slowCos-double,double[]-- -sampler-include-method=-org.apache.commons.math.util.FastMath--double-slowSin-double,double[]-- -sampler-include-method=-org.apache.commons.math.util.FastMath--void--clinit---- -sampler-include-method=-org.apache.commons.math.util.FastMath--void-splitMult-double[],double[],double[]-- -sampler-include-method=-org.apache.commons.math.util.FastMath--double[]-slowLog-double-- -sampler-include-method=-org.apache.commons.math.util.FastMath--void-resplit-double[]-- -sampler-include-method=-org.apache.commons.math.util.FastMath--void-buildSinCosTables--- -sampler-include-method=-org.apache.commons.math.util.FastMath--void-quadMult-double[],double[],double[]-- -sampler-include-method=-org.apache.commons.math.util.FastMath--void-splitReciprocal-double[],double[]-- -sampler-include-method=-org.apache.commons.math.analysis.solvers.BaseSecantSolver--double-solve-int,org.apache.commons.math.analysis.UnivariateRealFunction,double,double,double-- -sampler-include-method=-org.apache.commons.math.analysis.solvers.BaseAbstractUnivariateRealSolver--double-solve-int,org.apache.commons.math.analysis.UnivariateRealFunction,double,double-- -sampler-include-method=-org.apache.commons.math.util.FastMath--double-abs-double-- -sampler-include-method=-org.apache.commons.math.util.FastMath--double-max-double,double-- -sampler-include-method=-org.apache.commons.math.analysis.solvers.UnivariateRealSolverUtils--void-verifyInterval-double,double-- -sampler-include-method=-org.apache.commons.math.analysis.solvers.BaseSecantSolver--double-solve-int,org.apache.commons.math.analysis.UnivariateRealFunction,double,double,double,org.apache.commons.math.analysis.solvers.AllowedSolution-- -sampler-include-method=-org.apache.commons.math.analysis.solvers.UnivariateRealSolverUtils--void-verifyBracketing-org.apache.commons.math.analysis.UnivariateRealFunction,double,double-- -sampler-include-method=-org.apache.commons.math.analysis.solvers.UnivariateRealSolverUtils--boolean-isBracketing-org.apache.commons.math.analysis.UnivariateRealFunction,double,double-- -sampler-include-method=-org.apache.commons.math.analysis.solvers.BaseSecantSolver--double-doSolve--- -sampler-include-method=-org.apache.commons.math.util.MathUtils--void-checkNotNull-java.lang.Object-- -sampler-include-method=-org.apache.commons.math.analysis.solvers.BaseAbstractUnivariateRealSolver--double-computeObjectiveValue-double-- -sampler-include-method=-org.apache.commons.math.analysis.solvers.BaseAbstractUnivariateRealSolver--double-solve-int,org.apache.commons.math.analysis.UnivariateRealFunction,double,double,double-- -sampler-include-method=-org.apache.commons.math.util.Incrementor--void-incrementCount---
3,48,10,prune_s.profile.number,2870
3,48,10,prune_s.profile.time,162019
3,48,10,prune_s.profile.size,836
3,48,10,prune.profile.number,2881
3,48,10,prune.profile.time,166427
3,48,10,prune.profile.size,836
3,48,10,prune.preprocess.size,4392640
3,48,10,prune.preprocess.time,7592
3,48,10,prune.preprocess.number,5048
3,48,10,prune.preprocess.time_p,6687.0
3,48,10,prune.mine.size,1457360
3,48,10,prune.mine.time,92595
3,48,10,end
