3,51,5,start
3,51,5,raw.profile.time,2742
3,51,5,coarse-grained.profile.time,3455
3,51,5,coarse-grained.profile.number,5343
3,51,5,coarse-grained.profile.size,588
3,51,5,fine-grained.profile.time,157271
3,51,5,fine-grained.profile.size,40164
3,51,5,fine-grained.profile.number,164360
3,51,5,fine-grained.preprocess.size,9181488
3,51,5,fine-grained.preprocess.time,23264
3,51,5,fine-grained.preprocess.number,5046
3,51,5,fine-grained.preprocess.time_p,22015.0
3,51,5,fine-grained.mine.size,1447904
3,51,5,fine-grained.mine.time,81297
3,51,5,boost.includes,-sampler-include-method=-org.apache.commons.math.exception.util.LocalizedFormats--java.lang.String-getLocalizedString-java.util.Locale-- -sampler-include-method=-org.apache.commons.math.exception.util.ExceptionContext--java.lang.String-buildMessage-java.util.Locale,java.lang.String--
3,51,5,boost.profile.number,3
3,51,5,boost.profile.time,3110
3,51,5,boost.profile.size,156
3,51,5,boost.preprocess.size,149744
3,51,5,boost.preprocess.time,911
3,51,5,boost.preprocess.number,13
3,51,5,boost.preprocess.time_p,269.0
3,51,5,boost.mine.size,19456
3,51,5,boost.mine.time,90
3,51,5,prune.theta,0.183122
3,51,5,prune.includes,-sampler-include-method=-org.apache.commons.math.exception.util.LocalizedFormats--java.lang.String-getLocalizedString-java.util.Locale-- -sampler-include-method=-org.apache.commons.math.exception.util.ExceptionContext--java.lang.String-buildMessage-java.util.Locale,java.lang.String-- -sampler-include-method=-org.apache.commons.math.analysis.solvers.BaseSecantSolver-1--void--clinit---- -sampler-include-method=-org.apache.commons.math.exception.util.ArgUtils--java.lang.Object[]-flatten-java.lang.Object[]-- -sampler-include-method=-org.apache.commons.math.util.FastMath--double-expint-int,double[]-- -sampler-include-method=-org.apache.commons.math.util.FastMath--void-splitAdd-double[],double[],double[]-- -sampler-include-method=-org.apache.commons.math.util.FastMath--double-slowexp-double,double[]-- -sampler-include-method=-org.apache.commons.math.util.FastMath--void-split-double,double[]-- -sampler-include-method=-org.apache.commons.math.util.FastMath--double-slowSin-double,double[]-- -sampler-include-method=-org.apache.commons.math.util.FastMath--double-slowCos-double,double[]-- -sampler-include-method=-org.apache.commons.math.util.FastMath--void--clinit---- -sampler-include-method=-org.apache.commons.math.util.FastMath--void-splitMult-double[],double[],double[]-- -sampler-include-method=-org.apache.commons.math.util.FastMath--double[]-slowLog-double-- -sampler-include-method=-org.apache.commons.math.util.FastMath--void-resplit-double[]-- -sampler-include-method=-org.apache.commons.math.util.FastMath--void-buildSinCosTables--- -sampler-include-method=-org.apache.commons.math.util.FastMath--void-quadMult-double[],double[],double[]-- -sampler-include-method=-org.apache.commons.math.util.FastMath--void-splitReciprocal-double[],double[]-- -sampler-include-method=-org.apache.commons.math.analysis.solvers.BaseSecantSolver--double-solve-int,org.apache.commons.math.analysis.UnivariateRealFunction,double,double,double-- -sampler-include-method=-org.apache.commons.math.analysis.solvers.BaseAbstractUnivariateRealSolver--double-solve-int,org.apache.commons.math.analysis.UnivariateRealFunction,double,double-- -sampler-include-method=-org.apache.commons.math.util.FastMath--double-abs-double-- -sampler-include-method=-org.apache.commons.math.util.FastMath--double-max-double,double-- -sampler-include-method=-org.apache.commons.math.analysis.solvers.UnivariateRealSolverUtils--void-verifyInterval-double,double-- -sampler-include-method=-org.apache.commons.math.analysis.solvers.BaseSecantSolver--double-solve-int,org.apache.commons.math.analysis.UnivariateRealFunction,double,double,double,org.apache.commons.math.analysis.solvers.AllowedSolution-- -sampler-include-method=-org.apache.commons.math.analysis.solvers.UnivariateRealSolverUtils--void-verifyBracketing-org.apache.commons.math.analysis.UnivariateRealFunction,double,double-- -sampler-include-method=-org.apache.commons.math.analysis.solvers.UnivariateRealSolverUtils--boolean-isBracketing-org.apache.commons.math.analysis.UnivariateRealFunction,double,double-- -sampler-include-method=-org.apache.commons.math.analysis.solvers.BaseSecantSolver--double-doSolve--- -sampler-include-method=-org.apache.commons.math.util.MathUtils--void-checkNotNull-java.lang.Object-- -sampler-include-method=-org.apache.commons.math.analysis.solvers.BaseAbstractUnivariateRealSolver--double-computeObjectiveValue-double-- -sampler-include-method=-org.apache.commons.math.analysis.solvers.BaseAbstractUnivariateRealSolver--double-solve-int,org.apache.commons.math.analysis.UnivariateRealFunction,double,double,double-- -sampler-include-method=-org.apache.commons.math.util.Incrementor--void-incrementCount---
3,51,5,prune.includes_diff,-sampler-include-method=-org.apache.commons.math.analysis.solvers.BaseSecantSolver-1--void--clinit---- -sampler-include-method=-org.apache.commons.math.exception.util.ArgUtils--java.lang.Object[]-flatten-java.lang.Object[]-- -sampler-include-method=-org.apache.commons.math.util.FastMath--double-expint-int,double[]-- -sampler-include-method=-org.apache.commons.math.util.FastMath--void-splitAdd-double[],double[],double[]-- -sampler-include-method=-org.apache.commons.math.util.FastMath--double-slowexp-double,double[]-- -sampler-include-method=-org.apache.commons.math.util.FastMath--void-split-double,double[]-- -sampler-include-method=-org.apache.commons.math.util.FastMath--double-slowSin-double,double[]-- -sampler-include-method=-org.apache.commons.math.util.FastMath--double-slowCos-double,double[]-- -sampler-include-method=-org.apache.commons.math.util.FastMath--void--clinit---- -sampler-include-method=-org.apache.commons.math.util.FastMath--void-splitMult-double[],double[],double[]-- -sampler-include-method=-org.apache.commons.math.util.FastMath--double[]-slowLog-double-- -sampler-include-method=-org.apache.commons.math.util.FastMath--void-resplit-double[]-- -sampler-include-method=-org.apache.commons.math.util.FastMath--void-buildSinCosTables--- -sampler-include-method=-org.apache.commons.math.util.FastMath--void-quadMult-double[],double[],double[]-- -sampler-include-method=-org.apache.commons.math.util.FastMath--void-splitReciprocal-double[],double[]-- -sampler-include-method=-org.apache.commons.math.analysis.solvers.BaseSecantSolver--double-solve-int,org.apache.commons.math.analysis.UnivariateRealFunction,double,double,double-- -sampler-include-method=-org.apache.commons.math.analysis.solvers.BaseAbstractUnivariateRealSolver--double-solve-int,org.apache.commons.math.analysis.UnivariateRealFunction,double,double-- -sampler-include-method=-org.apache.commons.math.util.FastMath--double-abs-double-- -sampler-include-method=-org.apache.commons.math.util.FastMath--double-max-double,double-- -sampler-include-method=-org.apache.commons.math.analysis.solvers.UnivariateRealSolverUtils--void-verifyInterval-double,double-- -sampler-include-method=-org.apache.commons.math.analysis.solvers.BaseSecantSolver--double-solve-int,org.apache.commons.math.analysis.UnivariateRealFunction,double,double,double,org.apache.commons.math.analysis.solvers.AllowedSolution-- -sampler-include-method=-org.apache.commons.math.analysis.solvers.UnivariateRealSolverUtils--void-verifyBracketing-org.apache.commons.math.analysis.UnivariateRealFunction,double,double-- -sampler-include-method=-org.apache.commons.math.analysis.solvers.UnivariateRealSolverUtils--boolean-isBracketing-org.apache.commons.math.analysis.UnivariateRealFunction,double,double-- -sampler-include-method=-org.apache.commons.math.analysis.solvers.BaseSecantSolver--double-doSolve--- -sampler-include-method=-org.apache.commons.math.util.MathUtils--void-checkNotNull-java.lang.Object-- -sampler-include-method=-org.apache.commons.math.analysis.solvers.BaseAbstractUnivariateRealSolver--double-computeObjectiveValue-double-- -sampler-include-method=-org.apache.commons.math.analysis.solvers.BaseAbstractUnivariateRealSolver--double-solve-int,org.apache.commons.math.analysis.UnivariateRealFunction,double,double,double-- -sampler-include-method=-org.apache.commons.math.util.Incrementor--void-incrementCount---
3,51,5,prune_s.profile.number,2869
3,51,5,prune_s.profile.time,153795
3,51,5,prune_s.profile.size,836
3,51,5,prune.profile.number,2880
3,51,5,prune.profile.time,152635
3,51,5,prune.profile.size,836
3,51,5,prune.preprocess.size,4394464
3,51,5,prune.preprocess.time,7140
3,51,5,prune.preprocess.number,5046
3,51,5,prune.preprocess.time_p,6159.0
3,51,5,prune.mine.size,1447632
3,51,5,prune.mine.time,79938
3,51,5,end
