3,81,10,start
3,81,10,raw.profile.time,589
3,81,10,coarse-grained.profile.time,1962
3,81,10,coarse-grained.profile.number,3945
3,81,10,coarse-grained.profile.size,432
3,81,10,fine-grained.profile.time,443443
3,81,10,fine-grained.profile.size,27080
3,81,10,fine-grained.profile.number,113692
3,81,10,fine-grained.preprocess.size,8900480
3,81,10,fine-grained.preprocess.time,17147
3,81,10,fine-grained.preprocess.number,6338
3,81,10,fine-grained.preprocess.time_p,15891.0
3,81,10,fine-grained.mine.size,619264
3,81,10,fine-grained.mine.time,57750
3,81,10,boost.includes,-sampler-include-method=-org.apache.commons.math.linear.EigenDecompositionImpl--void--init--double[],double[],double--
3,81,10,boost.profile.number,1
3,81,10,boost.profile.time,879
3,81,10,boost.profile.size,152
3,81,10,boost.preprocess.size,151616
3,81,10,boost.preprocess.time,1192
3,81,10,boost.preprocess.number,17
3,81,10,boost.preprocess.time_p,429.0
3,81,10,boost.mine.size,19408
3,81,10,boost.mine.time,103
3,81,10,prune.theta,0.032987
3,81,10,prune.includes,-sampler-include-method=-org.apache.commons.math.linear.EigenDecompositionImpl--void--init--double[],double[],double-- -sampler-include-method=-org.apache.commons.math.linear.EigenDecompositionImpl--int-countEigenValues-double,int,int-- -sampler-include-method=-org.apache.commons.math.linear.EigenDecompositionImpl--void-updateSigma-double-- -sampler-include-method=-org.apache.commons.math.linear.EigenDecompositionImpl--void-ldlTDecomposition-double,int,int-- -sampler-include-method=-org.apache.commons.math.linear.EigenDecompositionImpl--boolean-flipIfWarranted-int,int-- -sampler-include-method=-org.apache.commons.math.linear.EigenDecompositionImpl--void-initialSplits-int-- -sampler-include-method=-org.apache.commons.math.linear.EigenDecompositionImpl--void-dqds-int,int-- -sampler-include-method=-org.apache.commons.math.linear.EigenDecompositionImpl--void-dqd-int,int-- -sampler-include-method=-org.apache.commons.math.linear.EigenDecompositionImpl--int-goodStep-int,int-- -sampler-include-method=-org.apache.commons.math.linear.EigenDecompositionImpl--void-processGeneralBlock-int-- -sampler-include-method=-org.apache.commons.math.linear.EigenDecompositionImpl--double[]-eigenvaluesRange-int,int-- -sampler-include-method=-org.apache.commons.math.linear.EigenDecompositionImpl--void-computeShiftIncrement-int,int,int-- -sampler-include-method=-org.apache.commons.math.linear.AbstractRealMatrix--double-walkInOptimizedOrder-org.apache.commons.math.linear.RealMatrixPreservingVisitor-- -sampler-include-method=-org.apache.commons.math.linear.AbstractRealMatrix--org.apache.commons.math.linear.RealMatrix-transpose--- -sampler-include-method=-org.apache.commons.math.linear.Array2DRowRealMatrix--double-walkInRowOrder-org.apache.commons.math.linear.RealMatrixPreservingVisitor-- -sampler-include-method=-org.apache.commons.math.linear.AbstractRealMatrix--void--init--int,int-- -sampler-include-method=-org.apache.commons.math.linear.Array2DRowRealMatrix--void-setEntry-int,int,double-- -sampler-include-method=-org.apache.commons.math.linear.MatrixUtils--void-checkMultiplicationCompatible-org.apache.commons.math.linear.AnyMatrix,org.apache.commons.math.linear.AnyMatrix-- -sampler-include-method=-org.apache.commons.math.linear.Array2DRowRealMatrix--void--init--double[][],boolean-- -sampler-include-method=-org.apache.commons.math.linear.Array2DRowRealMatrix--org.apache.commons.math.linear.Array2DRowRealMatrix-multiply-org.apache.commons.math.linear.Array2DRowRealMatrix-- -sampler-include-method=-org.apache.commons.math.linear.MatrixUtils--org.apache.commons.math.linear.RealMatrix-createRealMatrix-double[][]-- -sampler-include-method=-org.apache.commons.math.linear.Array2DRowRealMatrix--void-setSubMatrix-double[][],int,int-- -sampler-include-method=-org.apache.commons.math.linear.Array2DRowRealMatrix--int-getRowDimension--- -sampler-include-method=-org.apache.commons.math.linear.EigenDecompositionImpl--void-decompose--- -sampler-include-method=-org.apache.commons.math.linear.Array2DRowRealMatrix--int-getColumnDimension--- -sampler-include-method=-org.apache.commons.math.linear.EigenDecompositionImpl--java.util.List-computeSplits--- -sampler-include-method=-org.apache.commons.math.linear.EigenDecompositionImpl--void-computeGershgorinCircles--- -sampler-include-method=-org.apache.commons.math.linear.EigenDecompositionImpl--void-findEigenvalues---
3,81,10,prune.includes_diff,-sampler-include-method=-org.apache.commons.math.linear.EigenDecompositionImpl--int-countEigenValues-double,int,int-- -sampler-include-method=-org.apache.commons.math.linear.EigenDecompositionImpl--void-updateSigma-double-- -sampler-include-method=-org.apache.commons.math.linear.EigenDecompositionImpl--void-ldlTDecomposition-double,int,int-- -sampler-include-method=-org.apache.commons.math.linear.EigenDecompositionImpl--boolean-flipIfWarranted-int,int-- -sampler-include-method=-org.apache.commons.math.linear.EigenDecompositionImpl--void-initialSplits-int-- -sampler-include-method=-org.apache.commons.math.linear.EigenDecompositionImpl--void-dqds-int,int-- -sampler-include-method=-org.apache.commons.math.linear.EigenDecompositionImpl--void-dqd-int,int-- -sampler-include-method=-org.apache.commons.math.linear.EigenDecompositionImpl--int-goodStep-int,int-- -sampler-include-method=-org.apache.commons.math.linear.EigenDecompositionImpl--void-processGeneralBlock-int-- -sampler-include-method=-org.apache.commons.math.linear.EigenDecompositionImpl--double[]-eigenvaluesRange-int,int-- -sampler-include-method=-org.apache.commons.math.linear.EigenDecompositionImpl--void-computeShiftIncrement-int,int,int-- -sampler-include-method=-org.apache.commons.math.linear.AbstractRealMatrix--double-walkInOptimizedOrder-org.apache.commons.math.linear.RealMatrixPreservingVisitor-- -sampler-include-method=-org.apache.commons.math.linear.AbstractRealMatrix--org.apache.commons.math.linear.RealMatrix-transpose--- -sampler-include-method=-org.apache.commons.math.linear.Array2DRowRealMatrix--double-walkInRowOrder-org.apache.commons.math.linear.RealMatrixPreservingVisitor-- -sampler-include-method=-org.apache.commons.math.linear.AbstractRealMatrix--void--init--int,int-- -sampler-include-method=-org.apache.commons.math.linear.Array2DRowRealMatrix--void-setEntry-int,int,double-- -sampler-include-method=-org.apache.commons.math.linear.MatrixUtils--void-checkMultiplicationCompatible-org.apache.commons.math.linear.AnyMatrix,org.apache.commons.math.linear.AnyMatrix-- -sampler-include-method=-org.apache.commons.math.linear.Array2DRowRealMatrix--void--init--double[][],boolean-- -sampler-include-method=-org.apache.commons.math.linear.Array2DRowRealMatrix--org.apache.commons.math.linear.Array2DRowRealMatrix-multiply-org.apache.commons.math.linear.Array2DRowRealMatrix-- -sampler-include-method=-org.apache.commons.math.linear.MatrixUtils--org.apache.commons.math.linear.RealMatrix-createRealMatrix-double[][]-- -sampler-include-method=-org.apache.commons.math.linear.Array2DRowRealMatrix--void-setSubMatrix-double[][],int,int-- -sampler-include-method=-org.apache.commons.math.linear.Array2DRowRealMatrix--int-getRowDimension--- -sampler-include-method=-org.apache.commons.math.linear.EigenDecompositionImpl--void-decompose--- -sampler-include-method=-org.apache.commons.math.linear.Array2DRowRealMatrix--int-getColumnDimension--- -sampler-include-method=-org.apache.commons.math.linear.EigenDecompositionImpl--java.util.List-computeSplits--- -sampler-include-method=-org.apache.commons.math.linear.EigenDecompositionImpl--void-computeGershgorinCircles--- -sampler-include-method=-org.apache.commons.math.linear.EigenDecompositionImpl--void-findEigenvalues---
3,81,10,prune_s.profile.number,5816
3,81,10,prune_s.profile.time,20195
3,81,10,prune_s.profile.size,1488
3,81,10,prune.profile.number,5825
3,81,10,prune.profile.time,17521
3,81,10,prune.profile.size,1488
3,81,10,prune.preprocess.size,5368256
3,81,10,prune.preprocess.time,11282
3,81,10,prune.preprocess.number,6338
3,81,10,prune.preprocess.time_p,10305.0
3,81,10,prune.mine.size,617472
3,81,10,prune.mine.time,43258
3,81,10,end
