3,46,10,start
3,46,10,raw.profile.time,3755
3,46,10,coarse-grained.profile.time,4604
3,46,10,coarse-grained.profile.number,5383
3,46,10,coarse-grained.profile.size,3228
3,46,10,fine-grained.profile.time,177626
3,46,10,fine-grained.profile.size,220640
3,46,10,fine-grained.profile.number,163872
3,46,10,fine-grained.preprocess.size,18280160
3,46,10,fine-grained.preprocess.time,57704
3,46,10,fine-grained.preprocess.number,563
3,46,10,fine-grained.preprocess.time_p,55870.0
3,46,10,fine-grained.mine.size,59056
3,46,10,fine-grained.mine.time,4021
3,46,10,boost.includes,-sampler-include-method=-org.apache.commons.math.complex.Complex--org.apache.commons.math.complex.Complex-divide-org.apache.commons.math.complex.Complex--
3,46,10,boost.profile.number,271
3,46,10,boost.profile.time,3263
3,46,10,boost.profile.size,836
3,46,10,boost.preprocess.size,603136
3,46,10,boost.preprocess.time,2272
3,46,10,boost.preprocess.number,334
3,46,10,boost.preprocess.time_p,1532.0
3,46,10,boost.mine.size,32208
3,46,10,boost.mine.time,1064
3,46,10,prune.theta,0.019360
3,46,10,prune.includes,-sampler-include-method=-org.apache.commons.math.complex.Complex--org.apache.commons.math.complex.Complex-divide-org.apache.commons.math.complex.Complex-- -sampler-include-method=-org.apache.commons.math.complex.Complex--java.lang.String-toString--- -sampler-include-method=-org.apache.commons.math.complex.Complex--org.apache.commons.math.complex.Complex-atan--- -sampler-include-method=-org.apache.commons.math.util.MathUtils--void-checkNotNull-java.lang.Object-- -sampler-include-method=-org.apache.commons.math.util.FastMath--double-log-double-- -sampler-include-method=-org.apache.commons.math.util.FastMath--double-log-double,double[]-- -sampler-include-method=-org.apache.commons.math.complex.Complex--org.apache.commons.math.complex.Complex-log--- -sampler-include-method=-org.apache.commons.math.util.FastMath--double-atan2-double,double-- -sampler-include-method=-org.apache.commons.math.complex.Complex--org.apache.commons.math.complex.Complex-add-org.apache.commons.math.complex.Complex-- -sampler-include-method=-org.apache.commons.math.complex.Complex--org.apache.commons.math.complex.Complex-subtract-org.apache.commons.math.complex.Complex-- -sampler-include-method=-org.apache.commons.math.complex.Complex--double-abs--- -sampler-include-method=-org.apache.commons.math.complex.Complex--org.apache.commons.math.complex.Complex-multiply-org.apache.commons.math.complex.Complex-- -sampler-include-method=-org.apache.commons.math.util.FastMath--double-abs-double-- -sampler-include-method=-org.apache.commons.math.complex.Complex--boolean-equals-java.lang.Object-- -sampler-include-method=-org.apache.commons.math.complex.Complex--void--init--double,double--
3,46,10,prune.includes_diff,-sampler-include-method=-org.apache.commons.math.complex.Complex--java.lang.String-toString--- -sampler-include-method=-org.apache.commons.math.complex.Complex--org.apache.commons.math.complex.Complex-atan--- -sampler-include-method=-org.apache.commons.math.util.MathUtils--void-checkNotNull-java.lang.Object-- -sampler-include-method=-org.apache.commons.math.util.FastMath--double-log-double-- -sampler-include-method=-org.apache.commons.math.util.FastMath--double-log-double,double[]-- -sampler-include-method=-org.apache.commons.math.complex.Complex--org.apache.commons.math.complex.Complex-log--- -sampler-include-method=-org.apache.commons.math.util.FastMath--double-atan2-double,double-- -sampler-include-method=-org.apache.commons.math.complex.Complex--org.apache.commons.math.complex.Complex-add-org.apache.commons.math.complex.Complex-- -sampler-include-method=-org.apache.commons.math.complex.Complex--org.apache.commons.math.complex.Complex-subtract-org.apache.commons.math.complex.Complex-- -sampler-include-method=-org.apache.commons.math.complex.Complex--double-abs--- -sampler-include-method=-org.apache.commons.math.complex.Complex--org.apache.commons.math.complex.Complex-multiply-org.apache.commons.math.complex.Complex-- -sampler-include-method=-org.apache.commons.math.util.FastMath--double-abs-double-- -sampler-include-method=-org.apache.commons.math.complex.Complex--boolean-equals-java.lang.Object-- -sampler-include-method=-org.apache.commons.math.complex.Complex--void--init--double,double--
3,46,10,prune_s.profile.number,1578
3,46,10,prune_s.profile.time,5214
3,46,10,prune_s.profile.size,2428
3,46,10,prune.profile.number,1857
3,46,10,prune.profile.time,6498
3,46,10,prune.profile.size,3224
3,46,10,prune.preprocess.size,2296672
3,46,10,prune.preprocess.time,6558
3,46,10,prune.preprocess.number,563
3,46,10,prune.preprocess.time_p,5439.0
3,46,10,prune.mine.size,59536
3,46,10,prune.mine.time,1783
3,46,10,end
