3,6,10,start
3,6,10,raw.profile.time,85116
3,6,10,coarse-grained.profile.time,4692743
3,6,10,coarse-grained.profile.number,7383
3,6,10,coarse-grained.profile.size,5580
3,6,10,fine-grained.profile.time,31899021
3,6,10,fine-grained.profile.size,342480
3,6,10,fine-grained.profile.number,219530
3,6,10,fine-grained.preprocess.size,41739952
3,6,10,fine-grained.preprocess.time,1165017
3,6,10,fine-grained.preprocess.number,20665
3,6,10,fine-grained.preprocess.time_p,1161930.0
3,6,10,fine-grained.mine.size,548896
3,6,10,fine-grained.mine.time,119559
3,6,10,boost.includes,-sampler-include-method=-org.apache.commons.math3.optim.BaseOptimizer--int-getIterations--- -sampler-include-method=-org.apache.commons.math3.optim.nonlinear.scalar.noderiv.CMAESOptimizer--double-access-200-org.apache.commons.math3.optim.nonlinear.scalar.noderiv.CMAESOptimizer,double[]-- -sampler-include-method=-org.apache.commons.math3.optim.nonlinear.scalar.noderiv.CMAESOptimizer-DoubleIndex--int-compareTo-java.lang.Object-- -sampler-include-method=-org.apache.commons.math3.linear.AbstractRealMatrix-2--double-end--- -sampler-include-method=-org.apache.commons.math3.linear.AbstractRealMatrix--double-getFrobeniusNorm--- -sampler-include-method=-org.apache.commons.math3.util.MathArrays--int[]-copyOf-int[],int-- -sampler-include-method=-org.apache.commons.math3.optim.nonlinear.scalar.noderiv.CMAESOptimizer-DoubleIndex--int-compareTo-org.apache.commons.math3.optim.nonlinear.scalar.noderiv.CMAESOptimizer-DoubleIndex-- -sampler-include-method=-org.apache.commons.math3.linear.MatrixUtils--org.apache.commons.math3.linear.RealMatrix-createColumnRealMatrix-double[]--
3,6,10,boost.profile.number,5
3,6,10,boost.profile.time,89859
3,6,10,boost.profile.size,980
3,6,10,boost.preprocess.size,417648
3,6,10,boost.preprocess.time,2414
3,6,10,boost.preprocess.number,24
3,6,10,boost.preprocess.time_p,1628.0
3,6,10,boost.mine.size,20320
3,6,10,boost.mine.time,85
3,6,10,prune.theta,0.205700
3,6,10,prune.includes,-sampler-include-method=-org.apache.commons.math3.optim.BaseOptimizer--int-getIterations--- -sampler-include-method=-org.apache.commons.math3.optim.nonlinear.scalar.noderiv.CMAESOptimizer--double-access-200-org.apache.commons.math3.optim.nonlinear.scalar.noderiv.CMAESOptimizer,double[]-- -sampler-include-method=-org.apache.commons.math3.optim.nonlinear.scalar.noderiv.CMAESOptimizer-DoubleIndex--int-compareTo-java.lang.Object-- -sampler-include-method=-org.apache.commons.math3.linear.AbstractRealMatrix-2--double-end--- -sampler-include-method=-org.apache.commons.math3.linear.AbstractRealMatrix--double-getFrobeniusNorm--- -sampler-include-method=-org.apache.commons.math3.util.MathArrays--int[]-copyOf-int[],int-- -sampler-include-method=-org.apache.commons.math3.optim.nonlinear.scalar.noderiv.CMAESOptimizer-DoubleIndex--int-compareTo-org.apache.commons.math3.optim.nonlinear.scalar.noderiv.CMAESOptimizer-DoubleIndex-- -sampler-include-method=-org.apache.commons.math3.linear.MatrixUtils--org.apache.commons.math3.linear.RealMatrix-createColumnRealMatrix-double[]-- -sampler-include-method=-org.apache.commons.math3.optim.nonlinear.scalar.noderiv.CMAESOptimizer--org.apache.commons.math3.linear.RealMatrix-ones-int,int-- -sampler-include-method=-org.apache.commons.math3.optim.nonlinear.scalar.noderiv.CMAESOptimizer--double-min-double[]-- -sampler-include-method=-org.apache.commons.math3.optim.nonlinear.scalar.noderiv.CMAESOptimizer--double-max-double[]-- -sampler-include-method=-org.apache.commons.math3.optim.nonlinear.scalar.noderiv.CMAESOptimizer--org.apache.commons.math3.linear.RealMatrix-eye-int,int-- -sampler-include-method=-org.apache.commons.math3.linear.AbstractRealMatrix-2--void-visit-int,int,double-- -sampler-include-method=-org.apache.commons.math3.optim.nonlinear.scalar.noderiv.CMAESOptimizer--void-push-double[],double-- -sampler-include-method=-org.apache.commons.math3.linear.AbstractRealMatrix--org.apache.commons.math3.linear.RealMatrix-getColumnMatrix-int-- -sampler-include-method=-org.apache.commons.math3.linear.AbstractRealMatrix--double[]-getColumn-int-- -sampler-include-method=-org.apache.commons.math3.optim.nonlinear.scalar.noderiv.CMAESOptimizer--void-copyColumn-org.apache.commons.math3.linear.RealMatrix,int,org.apache.commons.math3.linear.RealMatrix,int-- -sampler-include-method=-org.apache.commons.math3.optim.nonlinear.scalar.noderiv.CMAESOptimizer-FitnessFunction--double-value-double[]-- -sampler-include-method=-org.apache.commons.math3.linear.MatrixUtils--void-checkAdditionCompatible-org.apache.commons.math3.linear.AnyMatrix,org.apache.commons.math3.linear.AnyMatrix-- -sampler-include-method=-org.apache.commons.math3.linear.MatrixUtils--void-checkSubtractionCompatible-org.apache.commons.math3.linear.AnyMatrix,org.apache.commons.math3.linear.AnyMatrix-- -sampler-include-method=-org.apache.commons.math3.optim.nonlinear.scalar.noderiv.CMAESOptimizer--org.apache.commons.math3.linear.RealMatrix-randn1-int,int-- -sampler-include-method=-org.apache.commons.math3.optim.nonlinear.scalar.noderiv.CMAESOptimizer--double-min-org.apache.commons.math3.linear.RealMatrix-- -sampler-include-method=-org.apache.commons.math3.optim.nonlinear.scalar.noderiv.CMAESOptimizer--double-max-org.apache.commons.math3.linear.RealMatrix-- -sampler-include-method=-org.apache.commons.math3.linear.AbstractRealMatrix--org.apache.commons.math3.linear.RealMatrix-scalarAdd-double-- -sampler-include-method=-org.apache.commons.math3.linear.AbstractRealMatrix--org.apache.commons.math3.linear.RealMatrix-add-org.apache.commons.math3.linear.RealMatrix-- -sampler-include-method=-org.apache.commons.math3.linear.AbstractRealMatrix--org.apache.commons.math3.linear.RealMatrix-subtract-org.apache.commons.math3.linear.RealMatrix-- -sampler-include-method=-org.apache.commons.math3.optim.nonlinear.scalar.noderiv.CMAESOptimizer--org.apache.commons.math3.linear.RealMatrix-diag-org.apache.commons.math3.linear.RealMatrix-- -sampler-include-method=-org.apache.commons.math3.optim.nonlinear.scalar.noderiv.CMAESOptimizer--org.apache.commons.math3.linear.RealMatrix-log-org.apache.commons.math3.linear.RealMatrix-- -sampler-include-method=-org.apache.commons.math3.optim.nonlinear.scalar.noderiv.CMAESOptimizer--org.apache.commons.math3.linear.RealMatrix-sqrt-org.apache.commons.math3.linear.RealMatrix-- -sampler-include-method=-org.apache.commons.math3.optim.nonlinear.scalar.noderiv.CMAESOptimizer--org.apache.commons.math3.linear.RealMatrix-square-org.apache.commons.math3.linear.RealMatrix-- -sampler-include-method=-org.apache.commons.math3.optim.nonlinear.scalar.noderiv.CMAESOptimizer-FitnessFunction--double[]-repair-double[]-- -sampler-include-method=-org.apache.commons.math3.optim.nonlinear.scalar.noderiv.CMAESOptimizer--int[]-sortedIndices-double[]-- -sampler-include-method=-org.apache.commons.math3.optim.nonlinear.scalar.noderiv.CMAESOptimizer--org.apache.commons.math3.linear.RealMatrix-times-org.apache.commons.math3.linear.RealMatrix,org.apache.commons.math3.linear.RealMatrix-- -sampler-include-method=-org.apache.commons.math3.optim.nonlinear.scalar.noderiv.CMAESOptimizer--org.apache.commons.math3.linear.RealMatrix-sequence-double,double,double-- -sampler-include-method=-org.apache.commons.math3.optim.nonlinear.scalar.noderiv.CMAESOptimizer-FitnessFunction--double-penalty-double[],double[]-- -sampler-include-method=-org.apache.commons.math3.optim.nonlinear.scalar.noderiv.CMAESOptimizer--org.apache.commons.math3.linear.RealMatrix-selectColumns-org.apache.commons.math3.linear.RealMatrix,int[]-- -sampler-include-method=-org.apache.commons.math3.optim.nonlinear.scalar.noderiv.CMAESOptimizer--org.apache.commons.math3.linear.RealMatrix-repmat-org.apache.commons.math3.linear.RealMatrix,int,int-- -sampler-include-method=-org.apache.commons.math3.random.MersenneTwister--int-next-int-- -sampler-include-method=-org.apache.commons.math3.optim.nonlinear.scalar.noderiv.CMAESOptimizer--boolean-updateEvolutionPaths-org.apache.commons.math3.linear.RealMatrix,org.apache.commons.math3.linear.RealMatrix-- -sampler-include-method=-org.apache.commons.math3.optim.nonlinear.scalar.noderiv.CMAESOptimizer--void-initializeCMA-double[]-- -sampler-include-method=-org.apache.commons.math3.optim.nonlinear.scalar.noderiv.CMAESOptimizer--org.apache.commons.math3.optim.PointValuePair-doOptimize--- -sampler-include-method=-org.apache.commons.math3.random.BitsStreamGenerator--double-nextGaussian--- -sampler-include-method=-org.apache.commons.math3.linear.TriDiagonalTransformer--org.apache.commons.math3.linear.RealMatrix-getQ--- -sampler-include-method=-org.apache.commons.math3.linear.MatrixUtils--boolean-isSymmetric-org.apache.commons.math3.linear.RealMatrix,double-- -sampler-include-method=-org.apache.commons.math3.linear.EigenDecomposition--org.apache.commons.math3.linear.RealMatrix-getV--- -sampler-include-method=-org.apache.commons.math3.linear.TriDiagonalTransformer--void--init--org.apache.commons.math3.linear.RealMatrix-- -sampler-include-method=-org.apache.commons.math3.optim.nonlinear.scalar.noderiv.CMAESOptimizer--int[]-inverse-int[]-- -sampler-include-method=-org.apache.commons.math3.linear.MatrixUtils--org.apache.commons.math3.linear.RealMatrix-createRealDiagonalMatrix-double[]-- -sampler-include-method=-org.apache.commons.math3.linear.AbstractRealMatrix--void-setColumnVector-int,org.apache.commons.math3.linear.RealVector-- -sampler-include-method=-org.apache.commons.math3.linear.EigenDecomposition--void--init--org.apache.commons.math3.linear.RealMatrix-- -sampler-include-method=-org.apache.commons.math3.optim.nonlinear.scalar.noderiv.CMAESOptimizer--org.apache.commons.math3.linear.RealMatrix-sumRows-org.apache.commons.math3.linear.RealMatrix-- -sampler-include-method=-org.apache.commons.math3.linear.EigenDecomposition--org.apache.commons.math3.linear.RealMatrix-getD--- -sampler-include-method=-org.apache.commons.math3.optim.nonlinear.scalar.noderiv.CMAESOptimizer--org.apache.commons.math3.linear.RealMatrix-divide-org.apache.commons.math3.linear.RealMatrix,org.apache.commons.math3.linear.RealMatrix-- -sampler-include-method=-org.apache.commons.math3.optim.nonlinear.scalar.noderiv.CMAESOptimizer--int[]-reverse-int[]-- -sampler-include-method=-org.apache.commons.math3.linear.MatrixUtils--boolean-isSymmetricInternal-org.apache.commons.math3.linear.RealMatrix,double,boolean-- -sampler-include-method=-org.apache.commons.math3.optim.nonlinear.scalar.noderiv.CMAESOptimizer--org.apache.commons.math3.linear.RealMatrix-triu-org.apache.commons.math3.linear.RealMatrix,int-- -sampler-include-method=-org.apache.commons.math3.optim.nonlinear.scalar.noderiv.CMAESOptimizer--void-updateBD-double-- -sampler-include-method=-org.apache.commons.math3.linear.TriDiagonalTransformer--org.apache.commons.math3.linear.RealMatrix-getQT--- -sampler-include-method=-org.apache.commons.math3.optim.nonlinear.scalar.noderiv.CMAESOptimizer--void-updateCovariance-boolean,org.apache.commons.math3.linear.RealMatrix,org.apache.commons.math3.linear.RealMatrix,int[],org.apache.commons.math3.linear.RealMatrix-- -sampler-include-method=-org.apache.commons.math3.linear.TriDiagonalTransformer--void-transform--- -sampler-include-method=-org.apache.commons.math3.linear.EigenDecomposition--void-findEigenVectors-double[][]-- -sampler-include-method=-org.apache.commons.math3.random.BitsStreamGenerator--double-nextDouble--- -sampler-include-method=-org.apache.commons.math3.optim.nonlinear.scalar.noderiv.CMAESOptimizer--void-checkParameters--- -sampler-include-method=-org.apache.commons.math3.optim.nonlinear.scalar.MultivariateOptimizer--double-computeObjectiveValue-double[]-- -sampler-include-method=-org.apache.commons.math3.optim.nonlinear.scalar.noderiv.CMAESOptimizer-PopulationSize--void--init--int-- -sampler-include-method=-org.apache.commons.math3.linear.AbstractRealMatrix--double-walkInOptimizedOrder-org.apache.commons.math3.linear.RealMatrixPreservingVisitor-- -sampler-include-method=-org.apache.commons.math3.linear.AbstractRealMatrix--org.apache.commons.math3.linear.RealMatrix-transpose--- -sampler-include-method=-org.apache.commons.math3.linear.MatrixUtils--org.apache.commons.math3.linear.RealMatrix-createRealMatrix-int,int-- -sampler-include-method=-org.apache.commons.math3.optim.nonlinear.scalar.noderiv.CMAESOptimizer--void-parseOptimizationData-org.apache.commons.math3.optim.OptimizationData[]-- -sampler-include-method=-org.apache.commons.math3.linear.Array2DRowRealMatrix--double-walkInRowOrder-org.apache.commons.math3.linear.RealMatrixPreservingVisitor-- -sampler-include-method=-org.apache.commons.math3.linear.AbstractRealMatrix--org.apache.commons.math3.linear.RealMatrix-multiply-org.apache.commons.math3.linear.RealMatrix-- -sampler-include-method=-org.apache.commons.math3.random.MersenneTwister--void-setSeed-long-- -sampler-include-method=-org.apache.commons.math3.optim.nonlinear.scalar.noderiv.CMAESOptimizer-Sigma--void--init--double[]-- -sampler-include-method=-org.apache.commons.math3.util.FastMath--int-max-int,int-- -sampler-include-method=-org.apache.commons.math3.random.MersenneTwister--void--init---- -sampler-include-method=-org.apache.commons.math3.random.MersenneTwister--void-setSeed-int-- -sampler-include-method=-org.apache.commons.math3.random.MersenneTwister--void-setSeed-int[]-- -sampler-include-method=-org.apache.commons.math3.optim.PointValuePair--double[]-getPoint--- -sampler-include-method=-org.apache.commons.math3.util.FastMath--double-cos-double-- -sampler-include-method=-org.apache.commons.math3.util.FastMath--double-cosQ-double,double-- -sampler-include-method=-org.apache.commons.math3.util.FastMath--double-polyCosine-double-- -sampler-include-method=-org.apache.commons.math3.util.FastMath--double-polySine-double-- -sampler-include-method=-org.apache.commons.math3.util.FastMath--double-sin-double-- -sampler-include-method=-org.apache.commons.math3.util.FastMath-CodyWaite--void--init--double-- -sampler-include-method=-org.apache.commons.math3.util.FastMath--double-sinQ-double,double-- -sampler-include-method=-org.apache.commons.math3.util.FastMath--double-log-double-- -sampler-include-method=-org.apache.commons.math3.util.FastMath--double-log-double,double[]-- -sampler-include-method=-org.apache.commons.math3.optim.PointValuePair--void--init--double[],double,boolean-- -sampler-include-method=-org.apache.commons.math3.optim.nonlinear.scalar.MultivariateOptimizer--void-parseOptimizationData-org.apache.commons.math3.optim.OptimizationData[]-- -sampler-include-method=-org.apache.commons.math3.linear.AbstractRealMatrix--boolean-isSquare--- -sampler-include-method=-org.apache.commons.math3.util.FastMath--double-max-double,double-- -sampler-include-method=-org.apache.commons.math3.util.Precision--int-compareTo-double,double,double-- -sampler-include-method=-org.apache.commons.math3.util.Precision--boolean-equals-double,double,double-- -sampler-include-method=-org.apache.commons.math3.optim.BaseMultivariateOptimizer--double[]-getUpperBound--- -sampler-include-method=-org.apache.commons.math3.optim.BaseMultivariateOptimizer--double[]-getStartPoint--- -sampler-include-method=-org.apache.commons.math3.optim.BaseMultivariateOptimizer--double[]-getLowerBound--- -sampler-include-method=-org.apache.commons.math3.util.FastMath--long-abs-long-- -sampler-include-method=-org.apache.commons.math3.util.Precision--boolean-equals-double,double,int-- -sampler-include-method=-org.apache.commons.math3.linear.AbstractRealMatrix--double[]-getRow-int-- -sampler-include-method=-org.apache.commons.math3.optim.MaxEval--void--init--int-- -sampler-include-method=-org.apache.commons.math3.linear.AbstractRealMatrix--org.apache.commons.math3.linear.RealMatrix-scalarMultiply-double-- -sampler-include-method=-org.apache.commons.math3.linear.ArrayRealVector--double-getEntry-int-- -sampler-include-method=-org.apache.commons.math3.util.Incrementor--void-incrementCount--- -sampler-include-method=-org.apache.commons.math3.linear.Array2DRowRealMatrix--double[][]-copyOut--- -sampler-include-method=-org.apache.commons.math3.optim.BaseMultivariateOptimizer--void-parseOptimizationData-org.apache.commons.math3.optim.OptimizationData[]-- -sampler-include-method=-org.apache.commons.math3.optim.BaseMultivariateOptimizer--void-checkParameters--- -sampler-include-method=-org.apache.commons.math3.util.FastMath--double-abs-double-- -sampler-include-method=-org.apache.commons.math3.linear.MatrixUtils--void-checkMultiplicationCompatible-org.apache.commons.math3.linear.AnyMatrix,org.apache.commons.math3.linear.AnyMatrix-- -sampler-include-method=-org.apache.commons.math3.util.FastMath--int-min-int,int-- -sampler-include-method=-org.apache.commons.math3.linear.Array2DRowRealMatrix--void--init--double[][],boolean-- -sampler-include-method=-org.apache.commons.math3.linear.MatrixUtils--org.apache.commons.math3.linear.RealMatrix-createRealMatrix-double[][]-- -sampler-include-method=-org.apache.commons.math3.util.FastMath--double-sqrt-double-- -sampler-include-method=-org.apache.commons.math3.optim.BaseOptimizer--void-parseOptimizationData-org.apache.commons.math3.optim.OptimizationData[]-- -sampler-include-method=-org.apache.commons.math3.util.Incrementor--void--init--int,org.apache.commons.math3.util.Incrementor-MaxCountExceededCallback-- -sampler-include-method=-org.apache.commons.math3.linear.Array2DRowRealMatrix--void-setSubMatrix-double[][],int,int-- -sampler-include-method=-org.apache.commons.math3.linear.AbstractRealMatrix--void--init--int,int-- -sampler-include-method=-org.apache.commons.math3.linear.Array2DRowRealMatrix--int-getRowDimension--- -sampler-include-method=-org.apache.commons.math3.linear.Array2DRowRealMatrix--int-getColumnDimension--- -sampler-include-method=-org.apache.commons.math3.linear.MatrixUtils--void-checkRowIndex-org.apache.commons.math3.linear.AnyMatrix,int-- -sampler-include-method=-org.apache.commons.math3.linear.MatrixUtils--void-checkColumnIndex-org.apache.commons.math3.linear.AnyMatrix,int-- -sampler-include-method=-org.apache.commons.math3.util.MathUtils--void-checkNotNull-java.lang.Object--
3,6,10,prune.includes_diff,-sampler-include-method=-org.apache.commons.math3.optim.nonlinear.scalar.noderiv.CMAESOptimizer--org.apache.commons.math3.linear.RealMatrix-ones-int,int-- -sampler-include-method=-org.apache.commons.math3.optim.nonlinear.scalar.noderiv.CMAESOptimizer--double-min-double[]-- -sampler-include-method=-org.apache.commons.math3.optim.nonlinear.scalar.noderiv.CMAESOptimizer--double-max-double[]-- -sampler-include-method=-org.apache.commons.math3.optim.nonlinear.scalar.noderiv.CMAESOptimizer--org.apache.commons.math3.linear.RealMatrix-eye-int,int-- -sampler-include-method=-org.apache.commons.math3.linear.AbstractRealMatrix-2--void-visit-int,int,double-- -sampler-include-method=-org.apache.commons.math3.optim.nonlinear.scalar.noderiv.CMAESOptimizer--void-push-double[],double-- -sampler-include-method=-org.apache.commons.math3.linear.AbstractRealMatrix--org.apache.commons.math3.linear.RealMatrix-getColumnMatrix-int-- -sampler-include-method=-org.apache.commons.math3.linear.AbstractRealMatrix--double[]-getColumn-int-- -sampler-include-method=-org.apache.commons.math3.optim.nonlinear.scalar.noderiv.CMAESOptimizer--void-copyColumn-org.apache.commons.math3.linear.RealMatrix,int,org.apache.commons.math3.linear.RealMatrix,int-- -sampler-include-method=-org.apache.commons.math3.optim.nonlinear.scalar.noderiv.CMAESOptimizer-FitnessFunction--double-value-double[]-- -sampler-include-method=-org.apache.commons.math3.linear.MatrixUtils--void-checkAdditionCompatible-org.apache.commons.math3.linear.AnyMatrix,org.apache.commons.math3.linear.AnyMatrix-- -sampler-include-method=-org.apache.commons.math3.linear.MatrixUtils--void-checkSubtractionCompatible-org.apache.commons.math3.linear.AnyMatrix,org.apache.commons.math3.linear.AnyMatrix-- -sampler-include-method=-org.apache.commons.math3.optim.nonlinear.scalar.noderiv.CMAESOptimizer--org.apache.commons.math3.linear.RealMatrix-randn1-int,int-- -sampler-include-method=-org.apache.commons.math3.optim.nonlinear.scalar.noderiv.CMAESOptimizer--double-min-org.apache.commons.math3.linear.RealMatrix-- -sampler-include-method=-org.apache.commons.math3.optim.nonlinear.scalar.noderiv.CMAESOptimizer--double-max-org.apache.commons.math3.linear.RealMatrix-- -sampler-include-method=-org.apache.commons.math3.linear.AbstractRealMatrix--org.apache.commons.math3.linear.RealMatrix-scalarAdd-double-- -sampler-include-method=-org.apache.commons.math3.linear.AbstractRealMatrix--org.apache.commons.math3.linear.RealMatrix-add-org.apache.commons.math3.linear.RealMatrix-- -sampler-include-method=-org.apache.commons.math3.linear.AbstractRealMatrix--org.apache.commons.math3.linear.RealMatrix-subtract-org.apache.commons.math3.linear.RealMatrix-- -sampler-include-method=-org.apache.commons.math3.optim.nonlinear.scalar.noderiv.CMAESOptimizer--org.apache.commons.math3.linear.RealMatrix-diag-org.apache.commons.math3.linear.RealMatrix-- -sampler-include-method=-org.apache.commons.math3.optim.nonlinear.scalar.noderiv.CMAESOptimizer--org.apache.commons.math3.linear.RealMatrix-log-org.apache.commons.math3.linear.RealMatrix-- -sampler-include-method=-org.apache.commons.math3.optim.nonlinear.scalar.noderiv.CMAESOptimizer--org.apache.commons.math3.linear.RealMatrix-sqrt-org.apache.commons.math3.linear.RealMatrix-- -sampler-include-method=-org.apache.commons.math3.optim.nonlinear.scalar.noderiv.CMAESOptimizer--org.apache.commons.math3.linear.RealMatrix-square-org.apache.commons.math3.linear.RealMatrix-- -sampler-include-method=-org.apache.commons.math3.optim.nonlinear.scalar.noderiv.CMAESOptimizer-FitnessFunction--double[]-repair-double[]-- -sampler-include-method=-org.apache.commons.math3.optim.nonlinear.scalar.noderiv.CMAESOptimizer--int[]-sortedIndices-double[]-- -sampler-include-method=-org.apache.commons.math3.optim.nonlinear.scalar.noderiv.CMAESOptimizer--org.apache.commons.math3.linear.RealMatrix-times-org.apache.commons.math3.linear.RealMatrix,org.apache.commons.math3.linear.RealMatrix-- -sampler-include-method=-org.apache.commons.math3.optim.nonlinear.scalar.noderiv.CMAESOptimizer--org.apache.commons.math3.linear.RealMatrix-sequence-double,double,double-- -sampler-include-method=-org.apache.commons.math3.optim.nonlinear.scalar.noderiv.CMAESOptimizer-FitnessFunction--double-penalty-double[],double[]-- -sampler-include-method=-org.apache.commons.math3.optim.nonlinear.scalar.noderiv.CMAESOptimizer--org.apache.commons.math3.linear.RealMatrix-selectColumns-org.apache.commons.math3.linear.RealMatrix,int[]-- -sampler-include-method=-org.apache.commons.math3.optim.nonlinear.scalar.noderiv.CMAESOptimizer--org.apache.commons.math3.linear.RealMatrix-repmat-org.apache.commons.math3.linear.RealMatrix,int,int-- -sampler-include-method=-org.apache.commons.math3.random.MersenneTwister--int-next-int-- -sampler-include-method=-org.apache.commons.math3.optim.nonlinear.scalar.noderiv.CMAESOptimizer--boolean-updateEvolutionPaths-org.apache.commons.math3.linear.RealMatrix,org.apache.commons.math3.linear.RealMatrix-- -sampler-include-method=-org.apache.commons.math3.optim.nonlinear.scalar.noderiv.CMAESOptimizer--void-initializeCMA-double[]-- -sampler-include-method=-org.apache.commons.math3.optim.nonlinear.scalar.noderiv.CMAESOptimizer--org.apache.commons.math3.optim.PointValuePair-doOptimize--- -sampler-include-method=-org.apache.commons.math3.random.BitsStreamGenerator--double-nextGaussian--- -sampler-include-method=-org.apache.commons.math3.linear.TriDiagonalTransformer--org.apache.commons.math3.linear.RealMatrix-getQ--- -sampler-include-method=-org.apache.commons.math3.linear.MatrixUtils--boolean-isSymmetric-org.apache.commons.math3.linear.RealMatrix,double-- -sampler-include-method=-org.apache.commons.math3.linear.EigenDecomposition--org.apache.commons.math3.linear.RealMatrix-getV--- -sampler-include-method=-org.apache.commons.math3.linear.TriDiagonalTransformer--void--init--org.apache.commons.math3.linear.RealMatrix-- -sampler-include-method=-org.apache.commons.math3.optim.nonlinear.scalar.noderiv.CMAESOptimizer--int[]-inverse-int[]-- -sampler-include-method=-org.apache.commons.math3.linear.MatrixUtils--org.apache.commons.math3.linear.RealMatrix-createRealDiagonalMatrix-double[]-- -sampler-include-method=-org.apache.commons.math3.linear.AbstractRealMatrix--void-setColumnVector-int,org.apache.commons.math3.linear.RealVector-- -sampler-include-method=-org.apache.commons.math3.linear.EigenDecomposition--void--init--org.apache.commons.math3.linear.RealMatrix-- -sampler-include-method=-org.apache.commons.math3.optim.nonlinear.scalar.noderiv.CMAESOptimizer--org.apache.commons.math3.linear.RealMatrix-sumRows-org.apache.commons.math3.linear.RealMatrix-- -sampler-include-method=-org.apache.commons.math3.linear.EigenDecomposition--org.apache.commons.math3.linear.RealMatrix-getD--- -sampler-include-method=-org.apache.commons.math3.optim.nonlinear.scalar.noderiv.CMAESOptimizer--org.apache.commons.math3.linear.RealMatrix-divide-org.apache.commons.math3.linear.RealMatrix,org.apache.commons.math3.linear.RealMatrix-- -sampler-include-method=-org.apache.commons.math3.optim.nonlinear.scalar.noderiv.CMAESOptimizer--int[]-reverse-int[]-- -sampler-include-method=-org.apache.commons.math3.linear.MatrixUtils--boolean-isSymmetricInternal-org.apache.commons.math3.linear.RealMatrix,double,boolean-- -sampler-include-method=-org.apache.commons.math3.optim.nonlinear.scalar.noderiv.CMAESOptimizer--org.apache.commons.math3.linear.RealMatrix-triu-org.apache.commons.math3.linear.RealMatrix,int-- -sampler-include-method=-org.apache.commons.math3.optim.nonlinear.scalar.noderiv.CMAESOptimizer--void-updateBD-double-- -sampler-include-method=-org.apache.commons.math3.linear.TriDiagonalTransformer--org.apache.commons.math3.linear.RealMatrix-getQT--- -sampler-include-method=-org.apache.commons.math3.optim.nonlinear.scalar.noderiv.CMAESOptimizer--void-updateCovariance-boolean,org.apache.commons.math3.linear.RealMatrix,org.apache.commons.math3.linear.RealMatrix,int[],org.apache.commons.math3.linear.RealMatrix-- -sampler-include-method=-org.apache.commons.math3.linear.TriDiagonalTransformer--void-transform--- -sampler-include-method=-org.apache.commons.math3.linear.EigenDecomposition--void-findEigenVectors-double[][]-- -sampler-include-method=-org.apache.commons.math3.random.BitsStreamGenerator--double-nextDouble--- -sampler-include-method=-org.apache.commons.math3.optim.nonlinear.scalar.noderiv.CMAESOptimizer--void-checkParameters--- -sampler-include-method=-org.apache.commons.math3.optim.nonlinear.scalar.MultivariateOptimizer--double-computeObjectiveValue-double[]-- -sampler-include-method=-org.apache.commons.math3.optim.nonlinear.scalar.noderiv.CMAESOptimizer-PopulationSize--void--init--int-- -sampler-include-method=-org.apache.commons.math3.linear.AbstractRealMatrix--double-walkInOptimizedOrder-org.apache.commons.math3.linear.RealMatrixPreservingVisitor-- -sampler-include-method=-org.apache.commons.math3.linear.AbstractRealMatrix--org.apache.commons.math3.linear.RealMatrix-transpose--- -sampler-include-method=-org.apache.commons.math3.linear.MatrixUtils--org.apache.commons.math3.linear.RealMatrix-createRealMatrix-int,int-- -sampler-include-method=-org.apache.commons.math3.optim.nonlinear.scalar.noderiv.CMAESOptimizer--void-parseOptimizationData-org.apache.commons.math3.optim.OptimizationData[]-- -sampler-include-method=-org.apache.commons.math3.linear.Array2DRowRealMatrix--double-walkInRowOrder-org.apache.commons.math3.linear.RealMatrixPreservingVisitor-- -sampler-include-method=-org.apache.commons.math3.linear.AbstractRealMatrix--org.apache.commons.math3.linear.RealMatrix-multiply-org.apache.commons.math3.linear.RealMatrix-- -sampler-include-method=-org.apache.commons.math3.random.MersenneTwister--void-setSeed-long-- -sampler-include-method=-org.apache.commons.math3.optim.nonlinear.scalar.noderiv.CMAESOptimizer-Sigma--void--init--double[]-- -sampler-include-method=-org.apache.commons.math3.util.FastMath--int-max-int,int-- -sampler-include-method=-org.apache.commons.math3.random.MersenneTwister--void--init---- -sampler-include-method=-org.apache.commons.math3.random.MersenneTwister--void-setSeed-int-- -sampler-include-method=-org.apache.commons.math3.random.MersenneTwister--void-setSeed-int[]-- -sampler-include-method=-org.apache.commons.math3.optim.PointValuePair--double[]-getPoint--- -sampler-include-method=-org.apache.commons.math3.util.FastMath--double-cos-double-- -sampler-include-method=-org.apache.commons.math3.util.FastMath--double-cosQ-double,double-- -sampler-include-method=-org.apache.commons.math3.util.FastMath--double-polyCosine-double-- -sampler-include-method=-org.apache.commons.math3.util.FastMath--double-polySine-double-- -sampler-include-method=-org.apache.commons.math3.util.FastMath--double-sin-double-- -sampler-include-method=-org.apache.commons.math3.util.FastMath-CodyWaite--void--init--double-- -sampler-include-method=-org.apache.commons.math3.util.FastMath--double-sinQ-double,double-- -sampler-include-method=-org.apache.commons.math3.util.FastMath--double-log-double-- -sampler-include-method=-org.apache.commons.math3.util.FastMath--double-log-double,double[]-- -sampler-include-method=-org.apache.commons.math3.optim.PointValuePair--void--init--double[],double,boolean-- -sampler-include-method=-org.apache.commons.math3.optim.nonlinear.scalar.MultivariateOptimizer--void-parseOptimizationData-org.apache.commons.math3.optim.OptimizationData[]-- -sampler-include-method=-org.apache.commons.math3.linear.AbstractRealMatrix--boolean-isSquare--- -sampler-include-method=-org.apache.commons.math3.util.FastMath--double-max-double,double-- -sampler-include-method=-org.apache.commons.math3.util.Precision--int-compareTo-double,double,double-- -sampler-include-method=-org.apache.commons.math3.util.Precision--boolean-equals-double,double,double-- -sampler-include-method=-org.apache.commons.math3.optim.BaseMultivariateOptimizer--double[]-getUpperBound--- -sampler-include-method=-org.apache.commons.math3.optim.BaseMultivariateOptimizer--double[]-getStartPoint--- -sampler-include-method=-org.apache.commons.math3.optim.BaseMultivariateOptimizer--double[]-getLowerBound--- -sampler-include-method=-org.apache.commons.math3.util.FastMath--long-abs-long-- -sampler-include-method=-org.apache.commons.math3.util.Precision--boolean-equals-double,double,int-- -sampler-include-method=-org.apache.commons.math3.linear.AbstractRealMatrix--double[]-getRow-int-- -sampler-include-method=-org.apache.commons.math3.optim.MaxEval--void--init--int-- -sampler-include-method=-org.apache.commons.math3.linear.AbstractRealMatrix--org.apache.commons.math3.linear.RealMatrix-scalarMultiply-double-- -sampler-include-method=-org.apache.commons.math3.linear.ArrayRealVector--double-getEntry-int-- -sampler-include-method=-org.apache.commons.math3.util.Incrementor--void-incrementCount--- -sampler-include-method=-org.apache.commons.math3.linear.Array2DRowRealMatrix--double[][]-copyOut--- -sampler-include-method=-org.apache.commons.math3.optim.BaseMultivariateOptimizer--void-parseOptimizationData-org.apache.commons.math3.optim.OptimizationData[]-- -sampler-include-method=-org.apache.commons.math3.optim.BaseMultivariateOptimizer--void-checkParameters--- -sampler-include-method=-org.apache.commons.math3.util.FastMath--double-abs-double-- -sampler-include-method=-org.apache.commons.math3.linear.MatrixUtils--void-checkMultiplicationCompatible-org.apache.commons.math3.linear.AnyMatrix,org.apache.commons.math3.linear.AnyMatrix-- -sampler-include-method=-org.apache.commons.math3.util.FastMath--int-min-int,int-- -sampler-include-method=-org.apache.commons.math3.linear.Array2DRowRealMatrix--void--init--double[][],boolean-- -sampler-include-method=-org.apache.commons.math3.linear.MatrixUtils--org.apache.commons.math3.linear.RealMatrix-createRealMatrix-double[][]-- -sampler-include-method=-org.apache.commons.math3.util.FastMath--double-sqrt-double-- -sampler-include-method=-org.apache.commons.math3.optim.BaseOptimizer--void-parseOptimizationData-org.apache.commons.math3.optim.OptimizationData[]-- -sampler-include-method=-org.apache.commons.math3.util.Incrementor--void--init--int,org.apache.commons.math3.util.Incrementor-MaxCountExceededCallback-- -sampler-include-method=-org.apache.commons.math3.linear.Array2DRowRealMatrix--void-setSubMatrix-double[][],int,int-- -sampler-include-method=-org.apache.commons.math3.linear.AbstractRealMatrix--void--init--int,int-- -sampler-include-method=-org.apache.commons.math3.linear.Array2DRowRealMatrix--int-getRowDimension--- -sampler-include-method=-org.apache.commons.math3.linear.Array2DRowRealMatrix--int-getColumnDimension--- -sampler-include-method=-org.apache.commons.math3.linear.MatrixUtils--void-checkRowIndex-org.apache.commons.math3.linear.AnyMatrix,int-- -sampler-include-method=-org.apache.commons.math3.linear.MatrixUtils--void-checkColumnIndex-org.apache.commons.math3.linear.AnyMatrix,int-- -sampler-include-method=-org.apache.commons.math3.util.MathUtils--void-checkNotNull-java.lang.Object--
3,6,10,prune_s.profile.number,8471
3,6,10,prune_s.profile.time,11526813
3,6,10,prune_s.profile.size,14232
3,6,10,prune.profile.number,8484
3,6,10,prune.profile.time,11724101
3,6,10,prune.profile.size,14232
3,6,10,prune.preprocess.size,41677344
3,6,10,prune.preprocess.time,490763
3,6,10,prune.preprocess.number,14230
3,6,10,prune.preprocess.time_p,488815.0
3,6,10,prune.mine.size,437232
3,6,10,prune.mine.time,112119
3,6,10,end
