2,19,10,start
2,19,10,raw.profile.time,41105
2,19,10,coarse-grained.profile.time,267011
2,19,10,coarse-grained.profile.number,7267
2,19,10,coarse-grained.profile.size,41588
2,19,10,fine-grained.profile.time,2441279
2,19,10,fine-grained.profile.size,1114892
2,19,10,fine-grained.profile.number,97366
2,19,10,fine-grained.preprocess.size,44293200
2,19,10,fine-grained.preprocess.time,269819
2,19,10,fine-grained.preprocess.number,217
2,19,10,fine-grained.preprocess.time_p,266289.0
2,19,10,fine-grained.mine.size,44192
2,19,10,fine-grained.mine.time,239
2,19,10,boost.includes,-sampler-include-method=-org.jfree.chart.plot.CategoryPlot--int-getDomainAxisIndex-org.jfree.chart.axis.CategoryAxis-- -sampler-include-method=-org.jfree.chart.plot.CategoryPlot--int-getRangeAxisIndex-org.jfree.chart.axis.ValueAxis-- -sampler-include-method=-org.jfree.chart.plot.CategoryPlot--org.jfree.data.Range-getDataRange-org.jfree.chart.axis.ValueAxis--
2,19,10,boost.profile.number,3
2,19,10,boost.profile.time,43410
2,19,10,boost.profile.size,7188
2,19,10,boost.preprocess.size,797216
2,19,10,boost.preprocess.time,3583
2,19,10,boost.preprocess.number,18
2,19,10,boost.preprocess.time_p,2803.0
2,19,10,boost.mine.size,22720
2,19,10,boost.mine.time,87
2,19,10,prune.theta,0.003119
2,19,10,prune.includes,-sampler-include-method=-org.jfree.chart.plot.CategoryPlot--int-getDomainAxisIndex-org.jfree.chart.axis.CategoryAxis-- -sampler-include-method=-org.jfree.chart.plot.CategoryPlot--int-getRangeAxisIndex-org.jfree.chart.axis.ValueAxis-- -sampler-include-method=-org.jfree.chart.plot.CategoryPlot--org.jfree.data.Range-getDataRange-org.jfree.chart.axis.ValueAxis-- -sampler-include-method=-org.jfree.chart.plot.CategoryPlot--java.util.List-datasetsMappedToRangeAxis-int-- -sampler-include-method=-org.jfree.chart.plot.CategoryPlot--org.jfree.data.category.CategoryDataset-getDataset-int-- -sampler-include-method=-org.jfree.chart.plot.CategoryPlot--void-setRangeAxisLocation-int,org.jfree.chart.axis.AxisLocation,boolean-- -sampler-include-method=-org.jfree.chart.plot.CategoryPlot--void-setDomainAxisLocation-int,org.jfree.chart.axis.AxisLocation,boolean-- -sampler-include-method=-org.jfree.chart.plot.CategoryPlot--void-addRangeMarker-int,org.jfree.chart.plot.Marker,org.jfree.chart.util.Layer-- -sampler-include-method=-org.jfree.chart.plot.CategoryPlot--void--init--org.jfree.data.category.CategoryDataset,org.jfree.chart.axis.CategoryAxis,org.jfree.chart.axis.ValueAxis,org.jfree.chart.renderer.category.CategoryItemRenderer-- -sampler-include-method=-org.jfree.chart.plot.CategoryPlot--org.jfree.chart.axis.ValueAxis-getRangeAxis-int-- -sampler-include-method=-org.jfree.chart.plot.CategoryPlot--void-configureRangeAxes--- -sampler-include-method=-org.jfree.chart.plot.CategoryPlot--void-configureDomainAxes--- -sampler-include-method=-org.jfree.chart.plot.CategoryPlot--void-datasetChanged-org.jfree.data.general.DatasetChangeEvent-- -sampler-include-method=-org.jfree.chart.axis.Axis--void-setTickMarksVisible-boolean-- -sampler-include-method=-org.jfree.chart.plot.Marker--void-addChangeListener-org.jfree.chart.event.MarkerChangeListener-- -sampler-include-method=-org.jfree.chart.plot.Marker--void--init--java.awt.Paint,java.awt.Stroke,java.awt.Paint,java.awt.Stroke,float-- -sampler-include-method=-org.jfree.chart.util.ObjectList--int-indexOf-java.lang.Object-- -sampler-include-method=-org.jfree.chart.util.AbstractObjectList--int-indexOf-java.lang.Object-- -sampler-include-method=-org.jfree.chart.axis.NumberAxis--void-configure--- -sampler-include-method=-org.jfree.chart.axis.Axis--void-addChangeListener-org.jfree.chart.event.AxisChangeListener-- -sampler-include-method=-org.jfree.chart.axis.NumberAxis--void-autoAdjustRange--- -sampler-include-method=-org.jfree.chart.axis.ValueAxis--void-setRange-org.jfree.data.Range,boolean,boolean-- -sampler-include-method=-org.jfree.chart.axis.Axis--void-notifyListeners-org.jfree.chart.event.AxisChangeEvent-- -sampler-include-method=-org.jfree.chart.axis.NumberTickUnit--void--init--double,java.text.NumberFormat-- -sampler-include-method=-org.jfree.chart.util.AbstractObjectList--java.lang.Object-get-int-- -sampler-include-method=-org.jfree.chart.util.AbstractObjectList--void-set-int,java.lang.Object-- -sampler-include-method=-org.jfree.chart.plot.CategoryPlot--void-setDomainAxis-int,org.jfree.chart.axis.CategoryAxis,boolean-- -sampler-include-method=-org.jfree.chart.axis.TickUnits--void-add-org.jfree.chart.axis.TickUnit-- -sampler-include-method=-org.jfree.chart.axis.TickUnit--int-compareTo-java.lang.Object-- -sampler-include-method=-org.jfree.chart.plot.Plot--void-notifyListeners-org.jfree.chart.event.PlotChangeEvent-- -sampler-include-method=-org.jfree.chart.plot.CategoryPlot--void-setRangeAxis-int,org.jfree.chart.axis.ValueAxis,boolean-- -sampler-include-method=-org.jfree.data.Range--void--init--double,double-- -sampler-include-method=-org.jfree.chart.util.RectangleInsets--void--init--org.jfree.chart.util.UnitType,double,double,double,double--
2,19,10,prune.includes_diff,-sampler-include-method=-org.jfree.chart.plot.CategoryPlot--java.util.List-datasetsMappedToRangeAxis-int-- -sampler-include-method=-org.jfree.chart.plot.CategoryPlot--org.jfree.data.category.CategoryDataset-getDataset-int-- -sampler-include-method=-org.jfree.chart.plot.CategoryPlot--void-setRangeAxisLocation-int,org.jfree.chart.axis.AxisLocation,boolean-- -sampler-include-method=-org.jfree.chart.plot.CategoryPlot--void-setDomainAxisLocation-int,org.jfree.chart.axis.AxisLocation,boolean-- -sampler-include-method=-org.jfree.chart.plot.CategoryPlot--void-addRangeMarker-int,org.jfree.chart.plot.Marker,org.jfree.chart.util.Layer-- -sampler-include-method=-org.jfree.chart.plot.CategoryPlot--void--init--org.jfree.data.category.CategoryDataset,org.jfree.chart.axis.CategoryAxis,org.jfree.chart.axis.ValueAxis,org.jfree.chart.renderer.category.CategoryItemRenderer-- -sampler-include-method=-org.jfree.chart.plot.CategoryPlot--org.jfree.chart.axis.ValueAxis-getRangeAxis-int-- -sampler-include-method=-org.jfree.chart.plot.CategoryPlot--void-configureRangeAxes--- -sampler-include-method=-org.jfree.chart.plot.CategoryPlot--void-configureDomainAxes--- -sampler-include-method=-org.jfree.chart.plot.CategoryPlot--void-datasetChanged-org.jfree.data.general.DatasetChangeEvent-- -sampler-include-method=-org.jfree.chart.axis.Axis--void-setTickMarksVisible-boolean-- -sampler-include-method=-org.jfree.chart.plot.Marker--void-addChangeListener-org.jfree.chart.event.MarkerChangeListener-- -sampler-include-method=-org.jfree.chart.plot.Marker--void--init--java.awt.Paint,java.awt.Stroke,java.awt.Paint,java.awt.Stroke,float-- -sampler-include-method=-org.jfree.chart.util.ObjectList--int-indexOf-java.lang.Object-- -sampler-include-method=-org.jfree.chart.util.AbstractObjectList--int-indexOf-java.lang.Object-- -sampler-include-method=-org.jfree.chart.axis.NumberAxis--void-configure--- -sampler-include-method=-org.jfree.chart.axis.Axis--void-addChangeListener-org.jfree.chart.event.AxisChangeListener-- -sampler-include-method=-org.jfree.chart.axis.NumberAxis--void-autoAdjustRange--- -sampler-include-method=-org.jfree.chart.axis.ValueAxis--void-setRange-org.jfree.data.Range,boolean,boolean-- -sampler-include-method=-org.jfree.chart.axis.Axis--void-notifyListeners-org.jfree.chart.event.AxisChangeEvent-- -sampler-include-method=-org.jfree.chart.axis.NumberTickUnit--void--init--double,java.text.NumberFormat-- -sampler-include-method=-org.jfree.chart.util.AbstractObjectList--java.lang.Object-get-int-- -sampler-include-method=-org.jfree.chart.util.AbstractObjectList--void-set-int,java.lang.Object-- -sampler-include-method=-org.jfree.chart.plot.CategoryPlot--void-setDomainAxis-int,org.jfree.chart.axis.CategoryAxis,boolean-- -sampler-include-method=-org.jfree.chart.axis.TickUnits--void-add-org.jfree.chart.axis.TickUnit-- -sampler-include-method=-org.jfree.chart.axis.TickUnit--int-compareTo-java.lang.Object-- -sampler-include-method=-org.jfree.chart.plot.Plot--void-notifyListeners-org.jfree.chart.event.PlotChangeEvent-- -sampler-include-method=-org.jfree.chart.plot.CategoryPlot--void-setRangeAxis-int,org.jfree.chart.axis.ValueAxis,boolean-- -sampler-include-method=-org.jfree.data.Range--void--init--double,double-- -sampler-include-method=-org.jfree.chart.util.RectangleInsets--void--init--org.jfree.chart.util.UnitType,double,double,double,double--
2,19,10,prune_s.profile.number,318
2,19,10,prune_s.profile.time,54680
2,19,10,prune_s.profile.size,7188
2,19,10,prune.profile.number,329
2,19,10,prune.profile.time,60134
2,19,10,prune.profile.size,7188
2,19,10,prune.preprocess.size,8970976
2,19,10,prune.preprocess.time,15815
2,19,10,prune.preprocess.number,217
2,19,10,prune.preprocess.time_p,14697.0
2,19,10,prune.mine.size,44752
2,19,10,prune.mine.time,187
2,19,10,end
