3,20,10,start
3,20,10,raw.profile.time,15884
3,20,10,coarse-grained.profile.time,687301
3,20,10,coarse-grained.profile.number,6110
3,20,10,coarse-grained.profile.size,484
3,20,10,fine-grained.profile.time,10138467
3,20,10,fine-grained.profile.size,31784
3,20,10,fine-grained.profile.number,193425
3,20,10,fine-grained.preprocess.size,27350112
3,20,10,fine-grained.preprocess.time,49555
3,20,10,fine-grained.preprocess.number,7938
3,20,10,fine-grained.preprocess.time_p,47754.0
3,20,10,fine-grained.mine.size,647024
3,20,10,fine-grained.mine.time,40241
3,20,10,boost.includes,-sampler-include-method=-org.apache.commons.math3.optimization.direct.CMAESOptimizer-FitnessFunction--double[]-repair-double[]--
3,20,10,boost.profile.number,4
3,20,10,boost.profile.time,21016
3,20,10,boost.profile.size,100
3,20,10,boost.preprocess.size,146240
3,20,10,boost.preprocess.time,883
3,20,10,boost.preprocess.number,16
3,20,10,boost.preprocess.time_p,306.0
3,20,10,boost.mine.size,18800
3,20,10,boost.mine.time,87
3,20,10,prune.theta,0.135095
3,20,10,prune.includes,-sampler-include-method=-org.apache.commons.math3.optimization.direct.CMAESOptimizer-FitnessFunction--double[]-repair-double[]-- -sampler-include-method=-org.apache.commons.math3.optimization.direct.CMAESOptimizer-FitnessFunction--double-penalty-double[],double[]-- -sampler-include-method=-org.apache.commons.math3.util.MathUtils--void-checkNotNull-java.lang.Object-- -sampler-include-method=-org.apache.commons.math3.linear.TriDiagonalTransformer--org.apache.commons.math3.linear.RealMatrix-getQ--- -sampler-include-method=-org.apache.commons.math3.linear.EigenDecomposition--void--init--org.apache.commons.math3.linear.RealMatrix-- -sampler-include-method=-org.apache.commons.math3.linear.ArrayRealVector--double-getEntry-int-- -sampler-include-method=-org.apache.commons.math3.util.Precision--int-compareTo-double,double,double-- -sampler-include-method=-org.apache.commons.math3.util.FastMath--long-abs-long-- -sampler-include-method=-org.apache.commons.math3.linear.AbstractRealMatrix--boolean-isSquare--- -sampler-include-method=-org.apache.commons.math3.linear.EigenDecomposition--org.apache.commons.math3.linear.RealMatrix-getV--- -sampler-include-method=-org.apache.commons.math3.linear.MatrixUtils--org.apache.commons.math3.linear.RealMatrix-createRealMatrix-double[][]-- -sampler-include-method=-org.apache.commons.math3.linear.TriDiagonalTransformer--void--init--org.apache.commons.math3.linear.RealMatrix-- -sampler-include-method=-org.apache.commons.math3.linear.AbstractRealMatrix--double[]-getRow-int-- -sampler-include-method=-org.apache.commons.math3.util.Precision--boolean-equals-double,double,double-- -sampler-include-method=-org.apache.commons.math3.optimization.direct.CMAESOptimizer--int[]-inverse-int[]-- -sampler-include-method=-org.apache.commons.math3.linear.MatrixUtils--org.apache.commons.math3.linear.RealMatrix-createRealDiagonalMatrix-double[]-- -sampler-include-method=-org.apache.commons.math3.linear.Array2DRowRealMatrix--double[][]-copyOut--- -sampler-include-method=-org.apache.commons.math3.linear.AbstractRealMatrix--void-setColumnVector-int,org.apache.commons.math3.linear.RealVector-- -sampler-include-method=-org.apache.commons.math3.optimization.direct.CMAESOptimizer--org.apache.commons.math3.linear.RealMatrix-sumRows-org.apache.commons.math3.linear.RealMatrix-- -sampler-include-method=-org.apache.commons.math3.linear.EigenDecomposition--org.apache.commons.math3.linear.RealMatrix-getD--- -sampler-include-method=-org.apache.commons.math3.optimization.direct.CMAESOptimizer--org.apache.commons.math3.linear.RealMatrix-divide-org.apache.commons.math3.linear.RealMatrix,org.apache.commons.math3.linear.RealMatrix-- -sampler-include-method=-org.apache.commons.math3.optimization.direct.CMAESOptimizer--int[]-reverse-int[]-- -sampler-include-method=-org.apache.commons.math3.util.Precision--boolean-equals-double,double,int-- -sampler-include-method=-org.apache.commons.math3.optimization.direct.CMAESOptimizer--org.apache.commons.math3.linear.RealMatrix-triu-org.apache.commons.math3.linear.RealMatrix,int-- -sampler-include-method=-org.apache.commons.math3.linear.EigenDecomposition--boolean-isSymmetric-org.apache.commons.math3.linear.RealMatrix,boolean-- -sampler-include-method=-org.apache.commons.math3.linear.Array2DRowRealMatrix--void-setSubMatrix-double[][],int,int-- -sampler-include-method=-org.apache.commons.math3.optimization.direct.CMAESOptimizer--void-updateBD-double-- -sampler-include-method=-org.apache.commons.math3.linear.TriDiagonalTransformer--org.apache.commons.math3.linear.RealMatrix-getQT--- -sampler-include-method=-org.apache.commons.math3.linear.TriDiagonalTransformer--void-transform--- -sampler-include-method=-org.apache.commons.math3.optimization.direct.CMAESOptimizer--void-updateCovariance-boolean,org.apache.commons.math3.linear.RealMatrix,org.apache.commons.math3.linear.RealMatrix,int[],org.apache.commons.math3.linear.RealMatrix-- -sampler-include-method=-org.apache.commons.math3.linear.EigenDecomposition--void-findEigenVectors-double[][]-- -sampler-include-method=-org.apache.commons.math3.optimization.PointValuePair--double[]-getPoint--- -sampler-include-method=-org.apache.commons.math3.linear.Array2DRowRealMatrix--int-getRowDimension--- -sampler-include-method=-org.apache.commons.math3.util.FastMath--double-log-double-- -sampler-include-method=-org.apache.commons.math3.util.FastMath--double-sqrt-double-- -sampler-include-method=-org.apache.commons.math3.optimization.direct.BaseAbstractMultivariateOptimizer--double-computeObjectiveValue-double[]-- -sampler-include-method=-org.apache.commons.math3.optimization.direct.BaseAbstractMultivariateOptimizer--int-getMaxEvaluations--- -sampler-include-method=-org.apache.commons.math3.optimization.direct.CMAESOptimizer-DoubleIndex--int-compareTo-java.lang.Object-- -sampler-include-method=-org.apache.commons.math3.optimization.SimpleValueChecker--boolean-converged-int,java.lang.Object,java.lang.Object-- -sampler-include-method=-org.apache.commons.math3.linear.AbstractRealMatrix-2--double-end--- -sampler-include-method=-org.apache.commons.math3.linear.AbstractRealMatrix--double-getFrobeniusNorm--- -sampler-include-method=-org.apache.commons.math3.linear.AbstractRealMatrix--double-walkInOptimizedOrder-org.apache.commons.math3.linear.RealMatrixPreservingVisitor-- -sampler-include-method=-org.apache.commons.math3.linear.AbstractRealMatrix--void--init--int,int-- -sampler-include-method=-org.apache.commons.math3.linear.Array2DRowRealMatrix--int-getColumnDimension--- -sampler-include-method=-org.apache.commons.math3.util.MathArrays--int[]-copyOf-int[],int-- -sampler-include-method=-org.apache.commons.math3.optimization.direct.CMAESOptimizer-DoubleIndex--int-compareTo-org.apache.commons.math3.optimization.direct.CMAESOptimizer-DoubleIndex-- -sampler-include-method=-org.apache.commons.math3.linear.AbstractRealMatrix--org.apache.commons.math3.linear.RealMatrix-transpose--- -sampler-include-method=-org.apache.commons.math3.linear.MatrixUtils--org.apache.commons.math3.linear.RealMatrix-createRealMatrix-int,int-- -sampler-include-method=-org.apache.commons.math3.linear.MatrixUtils--org.apache.commons.math3.linear.RealMatrix-createColumnRealMatrix-double[]-- -sampler-include-method=-org.apache.commons.math3.util.FastMath--int-min-int,int-- -sampler-include-method=-org.apache.commons.math3.optimization.direct.CMAESOptimizer--org.apache.commons.math3.linear.RealMatrix-ones-int,int-- -sampler-include-method=-org.apache.commons.math3.linear.MatrixUtils--void-checkMultiplicationCompatible-org.apache.commons.math3.linear.AnyMatrix,org.apache.commons.math3.linear.AnyMatrix-- -sampler-include-method=-org.apache.commons.math3.util.FastMath--double-abs-double-- -sampler-include-method=-org.apache.commons.math3.optimization.direct.CMAESOptimizer--double-max-double[]-- -sampler-include-method=-org.apache.commons.math3.optimization.direct.CMAESOptimizer--double-min-double[]-- -sampler-include-method=-org.apache.commons.math3.optimization.direct.CMAESOptimizer--org.apache.commons.math3.linear.RealMatrix-eye-int,int-- -sampler-include-method=-org.apache.commons.math3.linear.MatrixUtils--void-checkColumnIndex-org.apache.commons.math3.linear.AnyMatrix,int-- -sampler-include-method=-org.apache.commons.math3.linear.MatrixUtils--void-checkRowIndex-org.apache.commons.math3.linear.AnyMatrix,int-- -sampler-include-method=-org.apache.commons.math3.linear.AbstractRealMatrix-2--void-visit-int,int,double-- -sampler-include-method=-org.apache.commons.math3.util.Incrementor--void-incrementCount--- -sampler-include-method=-org.apache.commons.math3.optimization.direct.CMAESOptimizer--void-push-double[],double-- -sampler-include-method=-org.apache.commons.math3.linear.AbstractRealMatrix--double[]-getColumn-int-- -sampler-include-method=-org.apache.commons.math3.linear.AbstractRealMatrix--org.apache.commons.math3.linear.RealMatrix-getColumnMatrix-int-- -sampler-include-method=-org.apache.commons.math3.optimization.direct.CMAESOptimizer--void-copyColumn-org.apache.commons.math3.linear.RealMatrix,int,org.apache.commons.math3.linear.RealMatrix,int-- -sampler-include-method=-org.apache.commons.math3.random.BitsStreamGenerator--double-nextDouble--- -sampler-include-method=-org.apache.commons.math3.linear.MatrixUtils--void-checkSubtractionCompatible-org.apache.commons.math3.linear.AnyMatrix,org.apache.commons.math3.linear.AnyMatrix-- -sampler-include-method=-org.apache.commons.math3.linear.MatrixUtils--void-checkAdditionCompatible-org.apache.commons.math3.linear.AnyMatrix,org.apache.commons.math3.linear.AnyMatrix-- -sampler-include-method=-org.apache.commons.math3.util.FastMath--double-max-double,double-- -sampler-include-method=-org.apache.commons.math3.optimization.direct.CMAESOptimizer-FitnessFunction--double-value-double[]-- -sampler-include-method=-org.apache.commons.math3.optimization.direct.CMAESOptimizer--org.apache.commons.math3.linear.RealMatrix-randn1-int,int-- -sampler-include-method=-org.apache.commons.math3.optimization.direct.CMAESOptimizer--double-max-org.apache.commons.math3.linear.RealMatrix-- -sampler-include-method=-org.apache.commons.math3.optimization.direct.CMAESOptimizer--double-min-org.apache.commons.math3.linear.RealMatrix-- -sampler-include-method=-org.apache.commons.math3.linear.AbstractRealMatrix--org.apache.commons.math3.linear.RealMatrix-scalarAdd-double-- -sampler-include-method=-org.apache.commons.math3.linear.AbstractRealMatrix--org.apache.commons.math3.linear.RealMatrix-scalarMultiply-double-- -sampler-include-method=-org.apache.commons.math3.linear.Array2DRowRealMatrix--void--init--double[][],boolean-- -sampler-include-method=-org.apache.commons.math3.linear.AbstractRealMatrix--org.apache.commons.math3.linear.RealMatrix-add-org.apache.commons.math3.linear.RealMatrix-- -sampler-include-method=-org.apache.commons.math3.linear.AbstractRealMatrix--org.apache.commons.math3.linear.RealMatrix-subtract-org.apache.commons.math3.linear.RealMatrix-- -sampler-include-method=-org.apache.commons.math3.optimization.SimpleValueChecker--boolean-converged-int,org.apache.commons.math3.optimization.PointValuePair,org.apache.commons.math3.optimization.PointValuePair-- -sampler-include-method=-org.apache.commons.math3.optimization.direct.CMAESOptimizer--org.apache.commons.math3.linear.RealMatrix-diag-org.apache.commons.math3.linear.RealMatrix-- -sampler-include-method=-org.apache.commons.math3.optimization.direct.CMAESOptimizer--org.apache.commons.math3.linear.RealMatrix-square-org.apache.commons.math3.linear.RealMatrix-- -sampler-include-method=-org.apache.commons.math3.optimization.direct.CMAESOptimizer--org.apache.commons.math3.linear.RealMatrix-sqrt-org.apache.commons.math3.linear.RealMatrix-- -sampler-include-method=-org.apache.commons.math3.optimization.direct.CMAESOptimizer--org.apache.commons.math3.linear.RealMatrix-log-org.apache.commons.math3.linear.RealMatrix-- -sampler-include-method=-org.apache.commons.math3.optimization.direct.CMAESOptimizer--int[]-sortedIndices-double[]-- -sampler-include-method=-org.apache.commons.math3.optimization.direct.CMAESOptimizer--org.apache.commons.math3.linear.RealMatrix-times-org.apache.commons.math3.linear.RealMatrix,org.apache.commons.math3.linear.RealMatrix-- -sampler-include-method=-org.apache.commons.math3.optimization.direct.CMAESOptimizer--org.apache.commons.math3.linear.RealMatrix-sequence-double,double,double-- -sampler-include-method=-org.apache.commons.math3.optimization.direct.CMAESOptimizer-FitnessFunction--double[]-encode-double[]-- -sampler-include-method=-org.apache.commons.math3.optimization.direct.CMAESOptimizer-FitnessFunction--double[]-decode-double[]-- -sampler-include-method=-org.apache.commons.math3.linear.Array2DRowRealMatrix--double-walkInRowOrder-org.apache.commons.math3.linear.RealMatrixPreservingVisitor-- -sampler-include-method=-org.apache.commons.math3.optimization.direct.CMAESOptimizer--org.apache.commons.math3.linear.RealMatrix-selectColumns-org.apache.commons.math3.linear.RealMatrix,int[]-- -sampler-include-method=-org.apache.commons.math3.random.BitsStreamGenerator--double-nextGaussian--- -sampler-include-method=-org.apache.commons.math3.linear.AbstractRealMatrix--org.apache.commons.math3.linear.RealMatrix-multiply-org.apache.commons.math3.linear.RealMatrix-- -sampler-include-method=-org.apache.commons.math3.util.FastMath--double-cosQ-double,double-- -sampler-include-method=-org.apache.commons.math3.util.FastMath--double-polyCosine-double-- -sampler-include-method=-org.apache.commons.math3.util.FastMath--double-cos-double-- -sampler-include-method=-org.apache.commons.math3.util.FastMath--double-polySine-double-- -sampler-include-method=-org.apache.commons.math3.util.FastMath--double-sin-double-- -sampler-include-method=-org.apache.commons.math3.optimization.direct.CMAESOptimizer--org.apache.commons.math3.linear.RealMatrix-repmat-org.apache.commons.math3.linear.RealMatrix,int,int-- -sampler-include-method=-org.apache.commons.math3.util.FastMath-CodyWaite--void--init--double,double-- -sampler-include-method=-org.apache.commons.math3.random.MersenneTwister--int-next-int-- -sampler-include-method=-org.apache.commons.math3.optimization.direct.CMAESOptimizer--boolean-updateEvolutionPaths-org.apache.commons.math3.linear.RealMatrix,org.apache.commons.math3.linear.RealMatrix-- -sampler-include-method=-org.apache.commons.math3.util.FastMath--double-sinQ-double,double-- -sampler-include-method=-org.apache.commons.math3.util.FastMath--double-log-double,double[]-- -sampler-include-method=-org.apache.commons.math3.optimization.direct.CMAESOptimizer--void-initializeCMA-double[]-- -sampler-include-method=-org.apache.commons.math3.optimization.direct.BaseAbstractMultivariateOptimizer--org.apache.commons.math3.optimization.PointValuePair-optimizeInternal-int,org.apache.commons.math3.analysis.MultivariateFunction,org.apache.commons.math3.optimization.GoalType,double[]-- -sampler-include-method=-org.apache.commons.math3.optimization.direct.CMAESOptimizer--void-checkParameters--- -sampler-include-method=-org.apache.commons.math3.optimization.direct.CMAESOptimizer--org.apache.commons.math3.optimization.PointValuePair-doOptimize--- -sampler-include-method=-org.apache.commons.math3.util.Incrementor--void--init--int,org.apache.commons.math3.util.Incrementor-MaxCountExceededCallback-- -sampler-include-method=-org.apache.commons.math3.optimization.direct.CMAESOptimizer--void--init--int,double[],int,double,boolean,int,int,org.apache.commons.math3.random.RandomGenerator,boolean,org.apache.commons.math3.optimization.ConvergenceChecker-- -sampler-include-method=-org.apache.commons.math3.optimization.AbstractConvergenceChecker--void--init---- -sampler-include-method=-org.apache.commons.math3.optimization.PointValuePair--void--init--double[],double,boolean-- -sampler-include-method=-org.apache.commons.math3.optimization.direct.BaseAbstractMultivariateSimpleBoundsOptimizer--org.apache.commons.math3.optimization.PointValuePair-optimize-int,org.apache.commons.math3.analysis.MultivariateFunction,org.apache.commons.math3.optimization.GoalType,double[],double[],double[]--
3,20,10,prune.includes_diff,-sampler-include-method=-org.apache.commons.math3.optimization.direct.CMAESOptimizer-FitnessFunction--double-penalty-double[],double[]-- -sampler-include-method=-org.apache.commons.math3.util.MathUtils--void-checkNotNull-java.lang.Object-- -sampler-include-method=-org.apache.commons.math3.linear.TriDiagonalTransformer--org.apache.commons.math3.linear.RealMatrix-getQ--- -sampler-include-method=-org.apache.commons.math3.linear.EigenDecomposition--void--init--org.apache.commons.math3.linear.RealMatrix-- -sampler-include-method=-org.apache.commons.math3.linear.ArrayRealVector--double-getEntry-int-- -sampler-include-method=-org.apache.commons.math3.util.Precision--int-compareTo-double,double,double-- -sampler-include-method=-org.apache.commons.math3.util.FastMath--long-abs-long-- -sampler-include-method=-org.apache.commons.math3.linear.AbstractRealMatrix--boolean-isSquare--- -sampler-include-method=-org.apache.commons.math3.linear.EigenDecomposition--org.apache.commons.math3.linear.RealMatrix-getV--- -sampler-include-method=-org.apache.commons.math3.linear.MatrixUtils--org.apache.commons.math3.linear.RealMatrix-createRealMatrix-double[][]-- -sampler-include-method=-org.apache.commons.math3.linear.TriDiagonalTransformer--void--init--org.apache.commons.math3.linear.RealMatrix-- -sampler-include-method=-org.apache.commons.math3.linear.AbstractRealMatrix--double[]-getRow-int-- -sampler-include-method=-org.apache.commons.math3.util.Precision--boolean-equals-double,double,double-- -sampler-include-method=-org.apache.commons.math3.optimization.direct.CMAESOptimizer--int[]-inverse-int[]-- -sampler-include-method=-org.apache.commons.math3.linear.MatrixUtils--org.apache.commons.math3.linear.RealMatrix-createRealDiagonalMatrix-double[]-- -sampler-include-method=-org.apache.commons.math3.linear.Array2DRowRealMatrix--double[][]-copyOut--- -sampler-include-method=-org.apache.commons.math3.linear.AbstractRealMatrix--void-setColumnVector-int,org.apache.commons.math3.linear.RealVector-- -sampler-include-method=-org.apache.commons.math3.optimization.direct.CMAESOptimizer--org.apache.commons.math3.linear.RealMatrix-sumRows-org.apache.commons.math3.linear.RealMatrix-- -sampler-include-method=-org.apache.commons.math3.linear.EigenDecomposition--org.apache.commons.math3.linear.RealMatrix-getD--- -sampler-include-method=-org.apache.commons.math3.optimization.direct.CMAESOptimizer--org.apache.commons.math3.linear.RealMatrix-divide-org.apache.commons.math3.linear.RealMatrix,org.apache.commons.math3.linear.RealMatrix-- -sampler-include-method=-org.apache.commons.math3.optimization.direct.CMAESOptimizer--int[]-reverse-int[]-- -sampler-include-method=-org.apache.commons.math3.util.Precision--boolean-equals-double,double,int-- -sampler-include-method=-org.apache.commons.math3.optimization.direct.CMAESOptimizer--org.apache.commons.math3.linear.RealMatrix-triu-org.apache.commons.math3.linear.RealMatrix,int-- -sampler-include-method=-org.apache.commons.math3.linear.EigenDecomposition--boolean-isSymmetric-org.apache.commons.math3.linear.RealMatrix,boolean-- -sampler-include-method=-org.apache.commons.math3.linear.Array2DRowRealMatrix--void-setSubMatrix-double[][],int,int-- -sampler-include-method=-org.apache.commons.math3.optimization.direct.CMAESOptimizer--void-updateBD-double-- -sampler-include-method=-org.apache.commons.math3.linear.TriDiagonalTransformer--org.apache.commons.math3.linear.RealMatrix-getQT--- -sampler-include-method=-org.apache.commons.math3.linear.TriDiagonalTransformer--void-transform--- -sampler-include-method=-org.apache.commons.math3.optimization.direct.CMAESOptimizer--void-updateCovariance-boolean,org.apache.commons.math3.linear.RealMatrix,org.apache.commons.math3.linear.RealMatrix,int[],org.apache.commons.math3.linear.RealMatrix-- -sampler-include-method=-org.apache.commons.math3.linear.EigenDecomposition--void-findEigenVectors-double[][]-- -sampler-include-method=-org.apache.commons.math3.optimization.PointValuePair--double[]-getPoint--- -sampler-include-method=-org.apache.commons.math3.linear.Array2DRowRealMatrix--int-getRowDimension--- -sampler-include-method=-org.apache.commons.math3.util.FastMath--double-log-double-- -sampler-include-method=-org.apache.commons.math3.util.FastMath--double-sqrt-double-- -sampler-include-method=-org.apache.commons.math3.optimization.direct.BaseAbstractMultivariateOptimizer--double-computeObjectiveValue-double[]-- -sampler-include-method=-org.apache.commons.math3.optimization.direct.BaseAbstractMultivariateOptimizer--int-getMaxEvaluations--- -sampler-include-method=-org.apache.commons.math3.optimization.direct.CMAESOptimizer-DoubleIndex--int-compareTo-java.lang.Object-- -sampler-include-method=-org.apache.commons.math3.optimization.SimpleValueChecker--boolean-converged-int,java.lang.Object,java.lang.Object-- -sampler-include-method=-org.apache.commons.math3.linear.AbstractRealMatrix-2--double-end--- -sampler-include-method=-org.apache.commons.math3.linear.AbstractRealMatrix--double-getFrobeniusNorm--- -sampler-include-method=-org.apache.commons.math3.linear.AbstractRealMatrix--double-walkInOptimizedOrder-org.apache.commons.math3.linear.RealMatrixPreservingVisitor-- -sampler-include-method=-org.apache.commons.math3.linear.AbstractRealMatrix--void--init--int,int-- -sampler-include-method=-org.apache.commons.math3.linear.Array2DRowRealMatrix--int-getColumnDimension--- -sampler-include-method=-org.apache.commons.math3.util.MathArrays--int[]-copyOf-int[],int-- -sampler-include-method=-org.apache.commons.math3.optimization.direct.CMAESOptimizer-DoubleIndex--int-compareTo-org.apache.commons.math3.optimization.direct.CMAESOptimizer-DoubleIndex-- -sampler-include-method=-org.apache.commons.math3.linear.AbstractRealMatrix--org.apache.commons.math3.linear.RealMatrix-transpose--- -sampler-include-method=-org.apache.commons.math3.linear.MatrixUtils--org.apache.commons.math3.linear.RealMatrix-createRealMatrix-int,int-- -sampler-include-method=-org.apache.commons.math3.linear.MatrixUtils--org.apache.commons.math3.linear.RealMatrix-createColumnRealMatrix-double[]-- -sampler-include-method=-org.apache.commons.math3.util.FastMath--int-min-int,int-- -sampler-include-method=-org.apache.commons.math3.optimization.direct.CMAESOptimizer--org.apache.commons.math3.linear.RealMatrix-ones-int,int-- -sampler-include-method=-org.apache.commons.math3.linear.MatrixUtils--void-checkMultiplicationCompatible-org.apache.commons.math3.linear.AnyMatrix,org.apache.commons.math3.linear.AnyMatrix-- -sampler-include-method=-org.apache.commons.math3.util.FastMath--double-abs-double-- -sampler-include-method=-org.apache.commons.math3.optimization.direct.CMAESOptimizer--double-max-double[]-- -sampler-include-method=-org.apache.commons.math3.optimization.direct.CMAESOptimizer--double-min-double[]-- -sampler-include-method=-org.apache.commons.math3.optimization.direct.CMAESOptimizer--org.apache.commons.math3.linear.RealMatrix-eye-int,int-- -sampler-include-method=-org.apache.commons.math3.linear.MatrixUtils--void-checkColumnIndex-org.apache.commons.math3.linear.AnyMatrix,int-- -sampler-include-method=-org.apache.commons.math3.linear.MatrixUtils--void-checkRowIndex-org.apache.commons.math3.linear.AnyMatrix,int-- -sampler-include-method=-org.apache.commons.math3.linear.AbstractRealMatrix-2--void-visit-int,int,double-- -sampler-include-method=-org.apache.commons.math3.util.Incrementor--void-incrementCount--- -sampler-include-method=-org.apache.commons.math3.optimization.direct.CMAESOptimizer--void-push-double[],double-- -sampler-include-method=-org.apache.commons.math3.linear.AbstractRealMatrix--double[]-getColumn-int-- -sampler-include-method=-org.apache.commons.math3.linear.AbstractRealMatrix--org.apache.commons.math3.linear.RealMatrix-getColumnMatrix-int-- -sampler-include-method=-org.apache.commons.math3.optimization.direct.CMAESOptimizer--void-copyColumn-org.apache.commons.math3.linear.RealMatrix,int,org.apache.commons.math3.linear.RealMatrix,int-- -sampler-include-method=-org.apache.commons.math3.random.BitsStreamGenerator--double-nextDouble--- -sampler-include-method=-org.apache.commons.math3.linear.MatrixUtils--void-checkSubtractionCompatible-org.apache.commons.math3.linear.AnyMatrix,org.apache.commons.math3.linear.AnyMatrix-- -sampler-include-method=-org.apache.commons.math3.linear.MatrixUtils--void-checkAdditionCompatible-org.apache.commons.math3.linear.AnyMatrix,org.apache.commons.math3.linear.AnyMatrix-- -sampler-include-method=-org.apache.commons.math3.util.FastMath--double-max-double,double-- -sampler-include-method=-org.apache.commons.math3.optimization.direct.CMAESOptimizer-FitnessFunction--double-value-double[]-- -sampler-include-method=-org.apache.commons.math3.optimization.direct.CMAESOptimizer--org.apache.commons.math3.linear.RealMatrix-randn1-int,int-- -sampler-include-method=-org.apache.commons.math3.optimization.direct.CMAESOptimizer--double-max-org.apache.commons.math3.linear.RealMatrix-- -sampler-include-method=-org.apache.commons.math3.optimization.direct.CMAESOptimizer--double-min-org.apache.commons.math3.linear.RealMatrix-- -sampler-include-method=-org.apache.commons.math3.linear.AbstractRealMatrix--org.apache.commons.math3.linear.RealMatrix-scalarAdd-double-- -sampler-include-method=-org.apache.commons.math3.linear.AbstractRealMatrix--org.apache.commons.math3.linear.RealMatrix-scalarMultiply-double-- -sampler-include-method=-org.apache.commons.math3.linear.Array2DRowRealMatrix--void--init--double[][],boolean-- -sampler-include-method=-org.apache.commons.math3.linear.AbstractRealMatrix--org.apache.commons.math3.linear.RealMatrix-add-org.apache.commons.math3.linear.RealMatrix-- -sampler-include-method=-org.apache.commons.math3.linear.AbstractRealMatrix--org.apache.commons.math3.linear.RealMatrix-subtract-org.apache.commons.math3.linear.RealMatrix-- -sampler-include-method=-org.apache.commons.math3.optimization.SimpleValueChecker--boolean-converged-int,org.apache.commons.math3.optimization.PointValuePair,org.apache.commons.math3.optimization.PointValuePair-- -sampler-include-method=-org.apache.commons.math3.optimization.direct.CMAESOptimizer--org.apache.commons.math3.linear.RealMatrix-diag-org.apache.commons.math3.linear.RealMatrix-- -sampler-include-method=-org.apache.commons.math3.optimization.direct.CMAESOptimizer--org.apache.commons.math3.linear.RealMatrix-square-org.apache.commons.math3.linear.RealMatrix-- -sampler-include-method=-org.apache.commons.math3.optimization.direct.CMAESOptimizer--org.apache.commons.math3.linear.RealMatrix-sqrt-org.apache.commons.math3.linear.RealMatrix-- -sampler-include-method=-org.apache.commons.math3.optimization.direct.CMAESOptimizer--org.apache.commons.math3.linear.RealMatrix-log-org.apache.commons.math3.linear.RealMatrix-- -sampler-include-method=-org.apache.commons.math3.optimization.direct.CMAESOptimizer--int[]-sortedIndices-double[]-- -sampler-include-method=-org.apache.commons.math3.optimization.direct.CMAESOptimizer--org.apache.commons.math3.linear.RealMatrix-times-org.apache.commons.math3.linear.RealMatrix,org.apache.commons.math3.linear.RealMatrix-- -sampler-include-method=-org.apache.commons.math3.optimization.direct.CMAESOptimizer--org.apache.commons.math3.linear.RealMatrix-sequence-double,double,double-- -sampler-include-method=-org.apache.commons.math3.optimization.direct.CMAESOptimizer-FitnessFunction--double[]-encode-double[]-- -sampler-include-method=-org.apache.commons.math3.optimization.direct.CMAESOptimizer-FitnessFunction--double[]-decode-double[]-- -sampler-include-method=-org.apache.commons.math3.linear.Array2DRowRealMatrix--double-walkInRowOrder-org.apache.commons.math3.linear.RealMatrixPreservingVisitor-- -sampler-include-method=-org.apache.commons.math3.optimization.direct.CMAESOptimizer--org.apache.commons.math3.linear.RealMatrix-selectColumns-org.apache.commons.math3.linear.RealMatrix,int[]-- -sampler-include-method=-org.apache.commons.math3.random.BitsStreamGenerator--double-nextGaussian--- -sampler-include-method=-org.apache.commons.math3.linear.AbstractRealMatrix--org.apache.commons.math3.linear.RealMatrix-multiply-org.apache.commons.math3.linear.RealMatrix-- -sampler-include-method=-org.apache.commons.math3.util.FastMath--double-cosQ-double,double-- -sampler-include-method=-org.apache.commons.math3.util.FastMath--double-polyCosine-double-- -sampler-include-method=-org.apache.commons.math3.util.FastMath--double-cos-double-- -sampler-include-method=-org.apache.commons.math3.util.FastMath--double-polySine-double-- -sampler-include-method=-org.apache.commons.math3.util.FastMath--double-sin-double-- -sampler-include-method=-org.apache.commons.math3.optimization.direct.CMAESOptimizer--org.apache.commons.math3.linear.RealMatrix-repmat-org.apache.commons.math3.linear.RealMatrix,int,int-- -sampler-include-method=-org.apache.commons.math3.util.FastMath-CodyWaite--void--init--double,double-- -sampler-include-method=-org.apache.commons.math3.random.MersenneTwister--int-next-int-- -sampler-include-method=-org.apache.commons.math3.optimization.direct.CMAESOptimizer--boolean-updateEvolutionPaths-org.apache.commons.math3.linear.RealMatrix,org.apache.commons.math3.linear.RealMatrix-- -sampler-include-method=-org.apache.commons.math3.util.FastMath--double-sinQ-double,double-- -sampler-include-method=-org.apache.commons.math3.util.FastMath--double-log-double,double[]-- -sampler-include-method=-org.apache.commons.math3.optimization.direct.CMAESOptimizer--void-initializeCMA-double[]-- -sampler-include-method=-org.apache.commons.math3.optimization.direct.BaseAbstractMultivariateOptimizer--org.apache.commons.math3.optimization.PointValuePair-optimizeInternal-int,org.apache.commons.math3.analysis.MultivariateFunction,org.apache.commons.math3.optimization.GoalType,double[]-- -sampler-include-method=-org.apache.commons.math3.optimization.direct.CMAESOptimizer--void-checkParameters--- -sampler-include-method=-org.apache.commons.math3.optimization.direct.CMAESOptimizer--org.apache.commons.math3.optimization.PointValuePair-doOptimize--- -sampler-include-method=-org.apache.commons.math3.util.Incrementor--void--init--int,org.apache.commons.math3.util.Incrementor-MaxCountExceededCallback-- -sampler-include-method=-org.apache.commons.math3.optimization.direct.CMAESOptimizer--void--init--int,double[],int,double,boolean,int,int,org.apache.commons.math3.random.RandomGenerator,boolean,org.apache.commons.math3.optimization.ConvergenceChecker-- -sampler-include-method=-org.apache.commons.math3.optimization.AbstractConvergenceChecker--void--init---- -sampler-include-method=-org.apache.commons.math3.optimization.PointValuePair--void--init--double[],double,boolean-- -sampler-include-method=-org.apache.commons.math3.optimization.direct.BaseAbstractMultivariateSimpleBoundsOptimizer--org.apache.commons.math3.optimization.PointValuePair-optimize-int,org.apache.commons.math3.analysis.MultivariateFunction,org.apache.commons.math3.optimization.GoalType,double[],double[],double[]--
3,20,10,prune_s.profile.number,8118
3,20,10,prune_s.profile.time,9263398
3,20,10,prune_s.profile.size,1644
3,20,10,prune.profile.number,8130
3,20,10,prune.profile.time,8823143
3,20,10,prune.profile.size,1644
3,20,10,prune.preprocess.size,27160544
3,20,10,prune.preprocess.time,32213
3,20,10,prune.preprocess.number,7793
3,20,10,prune.preprocess.time_p,30133.0
3,20,10,prune.mine.size,638032
3,20,10,prune.mine.time,47282
3,20,10,end
