2,23,5,start
2,23,5,raw.profile.time,45861
2,23,5,coarse-grained.profile.time,192160
2,23,5,coarse-grained.profile.number,7176
2,23,5,coarse-grained.profile.size,39156
2,23,5,fine-grained.profile.time,2387979
2,23,5,fine-grained.profile.size,1043556
2,23,5,fine-grained.profile.number,96394
2,23,5,fine-grained.preprocess.size,44089264
2,23,5,fine-grained.preprocess.time,225137
2,23,5,fine-grained.preprocess.number,262
2,23,5,fine-grained.preprocess.time_p,222117.0
2,23,5,fine-grained.mine.size,37344
2,23,5,fine-grained.mine.time,134
2,23,5,boost.includes,-sampler-include-method=-org.jfree.chart.renderer.category.MinMaxCategoryRenderer--void-setDrawLines-boolean-- -sampler-include-method=-org.jfree.chart.renderer.category.MinMaxCategoryRenderer--javax.swing.Icon-getIcon-java.awt.Shape,java.awt.Paint,java.awt.Paint-- -sampler-include-method=-org.jfree.chart.renderer.category.MinMaxCategoryRenderer--javax.swing.Icon-getIcon-java.awt.Shape,boolean,boolean-- -sampler-include-method=-org.jfree.chart.renderer.category.AbstractCategoryItemRenderer--boolean-equals-java.lang.Object--
2,23,5,boost.profile.number,21
2,23,5,boost.profile.time,41501
2,23,5,boost.profile.size,6756
2,23,5,boost.preprocess.size,1281280
2,23,5,boost.preprocess.time,4255
2,23,5,boost.preprocess.number,29
2,23,5,boost.preprocess.time_p,3510.0
2,23,5,boost.mine.size,22848
2,23,5,boost.mine.time,121
2,23,5,prune.theta,0.002502
2,23,5,prune.includes,-sampler-include-method=-org.jfree.chart.renderer.category.MinMaxCategoryRenderer--void-setDrawLines-boolean-- -sampler-include-method=-org.jfree.chart.renderer.category.MinMaxCategoryRenderer--javax.swing.Icon-getIcon-java.awt.Shape,java.awt.Paint,java.awt.Paint-- -sampler-include-method=-org.jfree.chart.renderer.category.MinMaxCategoryRenderer--javax.swing.Icon-getIcon-java.awt.Shape,boolean,boolean-- -sampler-include-method=-org.jfree.chart.renderer.category.AbstractCategoryItemRenderer--boolean-equals-java.lang.Object-- -sampler-include-method=-org.jfree.chart.labels.StandardCategorySeriesLabelGenerator--boolean-equals-java.lang.Object-- -sampler-include-method=-org.jfree.chart.labels.ItemLabelPosition--boolean-equals-java.lang.Object-- -sampler-include-method=-org.jfree.chart.labels.ItemLabelAnchor--boolean-equals-java.lang.Object-- -sampler-include-method=-org.jfree.chart.labels.StandardCategorySeriesLabelGenerator--void--init--java.lang.String-- -sampler-include-method=-org.jfree.chart.text.TextAnchor--boolean-equals-java.lang.Object-- -sampler-include-method=-org.jfree.chart.util.BooleanList--boolean-equals-java.lang.Object-- -sampler-include-method=-org.jfree.chart.util.ShapeList--boolean-equals-java.lang.Object-- -sampler-include-method=-org.jfree.chart.renderer.AbstractRenderer--boolean-equals-java.lang.Object-- -sampler-include-method=-org.jfree.chart.util.StrokeList--boolean-equals-java.lang.Object-- -sampler-include-method=-org.jfree.chart.util.PaintList--boolean-equals-java.lang.Object-- -sampler-include-method=-org.jfree.chart.renderer.AbstractRenderer--void-notifyListeners-org.jfree.chart.event.RendererChangeEvent-- -sampler-include-method=-org.jfree.chart.util.AbstractObjectList--boolean-equals-java.lang.Object-- -sampler-include-method=-org.jfree.chart.labels.ItemLabelPosition--void--init--org.jfree.chart.labels.ItemLabelAnchor,org.jfree.chart.text.TextAnchor,org.jfree.chart.text.TextAnchor,double-- -sampler-include-method=-org.jfree.chart.util.PaintUtilities--boolean-equal-java.awt.Paint,java.awt.Paint-- -sampler-include-method=-org.jfree.chart.util.ObjectUtilities--boolean-equal-java.lang.Object,java.lang.Object--
2,23,5,prune.includes_diff,-sampler-include-method=-org.jfree.chart.labels.StandardCategorySeriesLabelGenerator--boolean-equals-java.lang.Object-- -sampler-include-method=-org.jfree.chart.labels.ItemLabelPosition--boolean-equals-java.lang.Object-- -sampler-include-method=-org.jfree.chart.labels.ItemLabelAnchor--boolean-equals-java.lang.Object-- -sampler-include-method=-org.jfree.chart.labels.StandardCategorySeriesLabelGenerator--void--init--java.lang.String-- -sampler-include-method=-org.jfree.chart.text.TextAnchor--boolean-equals-java.lang.Object-- -sampler-include-method=-org.jfree.chart.util.BooleanList--boolean-equals-java.lang.Object-- -sampler-include-method=-org.jfree.chart.util.ShapeList--boolean-equals-java.lang.Object-- -sampler-include-method=-org.jfree.chart.renderer.AbstractRenderer--boolean-equals-java.lang.Object-- -sampler-include-method=-org.jfree.chart.util.StrokeList--boolean-equals-java.lang.Object-- -sampler-include-method=-org.jfree.chart.util.PaintList--boolean-equals-java.lang.Object-- -sampler-include-method=-org.jfree.chart.renderer.AbstractRenderer--void-notifyListeners-org.jfree.chart.event.RendererChangeEvent-- -sampler-include-method=-org.jfree.chart.util.AbstractObjectList--boolean-equals-java.lang.Object-- -sampler-include-method=-org.jfree.chart.labels.ItemLabelPosition--void--init--org.jfree.chart.labels.ItemLabelAnchor,org.jfree.chart.text.TextAnchor,org.jfree.chart.text.TextAnchor,double-- -sampler-include-method=-org.jfree.chart.util.PaintUtilities--boolean-equal-java.awt.Paint,java.awt.Paint-- -sampler-include-method=-org.jfree.chart.util.ObjectUtilities--boolean-equal-java.lang.Object,java.lang.Object--
2,23,5,prune_s.profile.number,273
2,23,5,prune_s.profile.time,46866
2,23,5,prune_s.profile.size,6756
2,23,5,prune.profile.number,302
2,23,5,prune.profile.time,48425
2,23,5,prune.profile.size,6756
2,23,5,prune.preprocess.size,8634176
2,23,5,prune.preprocess.time,12962
2,23,5,prune.preprocess.number,262
2,23,5,prune.preprocess.time_p,11823.0
2,23,5,prune.mine.size,37536
2,23,5,prune.mine.time,193
2,23,5,end
