3,32,10,start
3,32,10,raw.profile.time,956
3,32,10,coarse-grained.profile.time,1796
3,32,10,coarse-grained.profile.number,5744
3,32,10,coarse-grained.profile.size,464
3,32,10,fine-grained.profile.time,42948
3,32,10,fine-grained.profile.size,28204
3,32,10,fine-grained.profile.number,179702
3,32,10,fine-grained.preprocess.size,41539984
3,32,10,fine-grained.preprocess.time,70788
3,32,10,fine-grained.preprocess.number,14360
3,32,10,fine-grained.preprocess.time_p,68002.0
3,32,10,fine-grained.mine.size,27818976
3,32,10,fine-grained.mine.time,2514943
3,32,10,boost.includes,-sampler-include-method=-org.apache.commons.math3.geometry.euclidean.twod.SubLine--org.apache.commons.math3.geometry.euclidean.oned.IntervalsSet-buildIntervalSet-org.apache.commons.math3.geometry.euclidean.twod.Vector2D,org.apache.commons.math3.geometry.euclidean.twod.Vector2D-- -sampler-include-method=-org.apache.commons.math3.geometry.euclidean.threed.Plane--boolean-sameOrientationAs-org.apache.commons.math3.geometry.partitioning.Hyperplane-- -sampler-include-method=-org.apache.commons.math3.geometry.euclidean.threed.Plane--double-getOffset-org.apache.commons.math3.geometry.euclidean.threed.Plane--
3,32,10,boost.profile.number,4
3,32,10,boost.profile.time,675
3,32,10,boost.profile.size,96
3,32,10,boost.preprocess.size,153376
3,32,10,boost.preprocess.time,1214
3,32,10,boost.preprocess.number,20
3,32,10,boost.preprocess.time_p,487.0
3,32,10,boost.mine.size,18928
3,32,10,boost.mine.time,71
3,32,10,prune.theta,0.116927
3,32,10,prune.includes,-sampler-include-method=-org.apache.commons.math3.geometry.euclidean.twod.SubLine--org.apache.commons.math3.geometry.euclidean.oned.IntervalsSet-buildIntervalSet-org.apache.commons.math3.geometry.euclidean.twod.Vector2D,org.apache.commons.math3.geometry.euclidean.twod.Vector2D-- -sampler-include-method=-org.apache.commons.math3.geometry.euclidean.threed.Plane--boolean-sameOrientationAs-org.apache.commons.math3.geometry.partitioning.Hyperplane-- -sampler-include-method=-org.apache.commons.math3.geometry.euclidean.threed.Plane--double-getOffset-org.apache.commons.math3.geometry.euclidean.threed.Plane-- -sampler-include-method=-org.apache.commons.math3.geometry.partitioning.AbstractRegion--org.apache.commons.math3.geometry.Vector-getBarycenter--- -sampler-include-method=-org.apache.commons.math3.geometry.euclidean.threed.Plane--void-setFrame--- -sampler-include-method=-org.apache.commons.math3.geometry.euclidean.threed.Line--org.apache.commons.math3.geometry.euclidean.threed.Vector3D-toSpace-org.apache.commons.math3.geometry.Vector-- -sampler-include-method=-org.apache.commons.math3.geometry.euclidean.threed.PolyhedronsSet-FacetsContributionVisitor--void-visitInternalNode-org.apache.commons.math3.geometry.partitioning.BSPTree-- -sampler-include-method=-org.apache.commons.math3.geometry.euclidean.threed.Plane--org.apache.commons.math3.geometry.euclidean.threed.Line-intersection-org.apache.commons.math3.geometry.euclidean.threed.Plane-- -sampler-include-method=-org.apache.commons.math3.geometry.euclidean.threed.Plane--org.apache.commons.math3.geometry.euclidean.twod.Vector2D-toSubSpace-org.apache.commons.math3.geometry.Vector-- -sampler-include-method=-org.apache.commons.math3.geometry.euclidean.threed.Plane--void--init--org.apache.commons.math3.geometry.euclidean.threed.Vector3D,org.apache.commons.math3.geometry.euclidean.threed.Vector3D-- -sampler-include-method=-org.apache.commons.math3.geometry.euclidean.threed.Plane--void-setNormal-org.apache.commons.math3.geometry.euclidean.threed.Vector3D-- -sampler-include-method=-org.apache.commons.math3.geometry.euclidean.threed.SubPlane--org.apache.commons.math3.geometry.partitioning.Side-side-org.apache.commons.math3.geometry.partitioning.Hyperplane-- -sampler-include-method=-org.apache.commons.math3.geometry.euclidean.threed.Plane--org.apache.commons.math3.geometry.euclidean.threed.Vector3D-toSpace-org.apache.commons.math3.geometry.Vector-- -sampler-include-method=-org.apache.commons.math3.geometry.euclidean.threed.SubPlane--org.apache.commons.math3.geometry.partitioning.SubHyperplane-SplitSubHyperplane-split-org.apache.commons.math3.geometry.partitioning.Hyperplane-- -sampler-include-method=-org.apache.commons.math3.geometry.euclidean.threed.PolyhedronsSet-FacetsContributionVisitor--void-addContribution-org.apache.commons.math3.geometry.partitioning.SubHyperplane,boolean-- -sampler-include-method=-org.apache.commons.math3.geometry.euclidean.threed.PolyhedronsSet--void-computeGeometricalProperties--- -sampler-include-method=-org.apache.commons.math3.geometry.euclidean.threed.Line--void-reset-org.apache.commons.math3.geometry.euclidean.threed.Vector3D,org.apache.commons.math3.geometry.euclidean.threed.Vector3D-- -sampler-include-method=-org.apache.commons.math3.geometry.euclidean.threed.Vector3D--double-dotProduct-org.apache.commons.math3.geometry.Vector-- -sampler-include-method=-org.apache.commons.math3.geometry.euclidean.threed.Vector3D--void--init--double,org.apache.commons.math3.geometry.euclidean.threed.Vector3D-- -sampler-include-method=-org.apache.commons.math3.geometry.euclidean.threed.Vector3D--org.apache.commons.math3.geometry.euclidean.threed.Vector3D-add-org.apache.commons.math3.geometry.Vector-- -sampler-include-method=-org.apache.commons.math3.geometry.euclidean.threed.Vector3D--org.apache.commons.math3.geometry.euclidean.threed.Vector3D-subtract-org.apache.commons.math3.geometry.Vector-- -sampler-include-method=-org.apache.commons.math3.geometry.euclidean.threed.Vector3D--void--init--double,org.apache.commons.math3.geometry.euclidean.threed.Vector3D,double,org.apache.commons.math3.geometry.euclidean.threed.Vector3D-- -sampler-include-method=-org.apache.commons.math3.geometry.euclidean.threed.Vector3D--double-getNormSq--- -sampler-include-method=-org.apache.commons.math3.geometry.euclidean.threed.Vector3D--double-getNorm--- -sampler-include-method=-org.apache.commons.math3.geometry.euclidean.threed.Vector3D--void--init--double,org.apache.commons.math3.geometry.euclidean.threed.Vector3D,double,org.apache.commons.math3.geometry.euclidean.threed.Vector3D,double,org.apache.commons.math3.geometry.euclidean.threed.Vector3D-- -sampler-include-method=-org.apache.commons.math3.geometry.euclidean.threed.Vector3D--org.apache.commons.math3.geometry.euclidean.threed.Vector3D-crossProduct-org.apache.commons.math3.geometry.Vector-- -sampler-include-method=-org.apache.commons.math3.geometry.euclidean.threed.Vector3D--org.apache.commons.math3.geometry.euclidean.threed.Vector3D-orthogonal--- -sampler-include-method=-org.apache.commons.math3.util.MathArrays--double-linearCombination-double,double,double,double,double,double-- -sampler-include-method=-org.apache.commons.math3.geometry.euclidean.threed.Plane--org.apache.commons.math3.geometry.euclidean.threed.Vector3D-intersection-org.apache.commons.math3.geometry.euclidean.threed.Plane,org.apache.commons.math3.geometry.euclidean.threed.Plane,org.apache.commons.math3.geometry.euclidean.threed.Plane-- -sampler-include-method=-org.apache.commons.math3.util.MathArrays--double-linearCombination-double,double,double,double-- -sampler-include-method=-org.apache.commons.math3.geometry.euclidean.twod.Line--boolean-sameOrientationAs-org.apache.commons.math3.geometry.partitioning.Hyperplane-- -sampler-include-method=-org.apache.commons.math3.geometry.euclidean.twod.PolygonsSet--void-computeGeometricalProperties--- -sampler-include-method=-org.apache.commons.math3.util.FastMath--double-doubleHighPart-double-- -sampler-include-method=-org.apache.commons.math3.util.FastMath--double-scalb-double,int-- -sampler-include-method=-org.apache.commons.math3.util.FastMath--double-atan-double,double,boolean-- -sampler-include-method=-org.apache.commons.math3.geometry.partitioning.utilities.AVLTree-Node--org.apache.commons.math3.geometry.partitioning.utilities.AVLTree-Node-getLargest--- -sampler-include-method=-org.apache.commons.math3.geometry.partitioning.AbstractRegion-2--void-visitLeafNode-org.apache.commons.math3.geometry.partitioning.BSPTree-- -sampler-include-method=-org.apache.commons.math3.geometry.partitioning.AbstractRegion-1--int-compare-java.lang.Object,java.lang.Object-- -sampler-include-method=-org.apache.commons.math3.geometry.partitioning.AbstractRegion--void--init--java.util.Collection-- -sampler-include-method=-org.apache.commons.math3.geometry.partitioning.AbstractRegion-1--int-compare-org.apache.commons.math3.geometry.partitioning.SubHyperplane,org.apache.commons.math3.geometry.partitioning.SubHyperplane-- -sampler-include-method=-org.apache.commons.math3.geometry.partitioning.AbstractRegion--void-insertCuts-org.apache.commons.math3.geometry.partitioning.BSPTree,java.util.Collection-- -sampler-include-method=-org.apache.commons.math3.geometry.euclidean.oned.Interval--double-getLength--- -sampler-include-method=-org.apache.commons.math3.geometry.euclidean.oned.Interval--double-getMidPoint--- -sampler-include-method=-org.apache.commons.math3.geometry.euclidean.oned.IntervalsSet--void-computeGeometricalProperties--- -sampler-include-method=-org.apache.commons.math3.geometry.partitioning.utilities.AVLTree-Node--void-rotateCW--- -sampler-include-method=-org.apache.commons.math3.geometry.euclidean.oned.IntervalsSet--org.apache.commons.math3.geometry.partitioning.BSPTree-buildTree-double,double-- -sampler-include-method=-org.apache.commons.math3.geometry.partitioning.BSPTree--void-chopOffPlus-org.apache.commons.math3.geometry.partitioning.Hyperplane-- -sampler-include-method=-org.apache.commons.math3.geometry.partitioning.utilities.AVLTree-Node--void-rotateCCW--- -sampler-include-method=-org.apache.commons.math3.geometry.partitioning.utilities.AVLTree-Node--boolean-rebalanceLeftGrown--- -sampler-include-method=-org.apache.commons.math3.geometry.partitioning.utilities.AVLTree-Node--boolean-rebalanceLeftShrunk--- -sampler-include-method=-org.apache.commons.math3.geometry.partitioning.utilities.AVLTree-Node--org.apache.commons.math3.geometry.partitioning.utilities.AVLTree-Node-getSmallest--- -sampler-include-method=-org.apache.commons.math3.geometry.partitioning.utilities.AVLTree--org.apache.commons.math3.geometry.partitioning.utilities.AVLTree-Node-getSmallest--- -sampler-include-method=-org.apache.commons.math3.geometry.partitioning.utilities.AVLTree--boolean-isEmpty--- -sampler-include-method=-org.apache.commons.math3.geometry.euclidean.twod.PolygonsSet-ComparableSegment--int-compareTo-java.lang.Object-- -sampler-include-method=-org.apache.commons.math3.geometry.euclidean.twod.PolygonsSet-ComparableSegment--int-compareTo-org.apache.commons.math3.geometry.euclidean.twod.PolygonsSet-ComparableSegment-- -sampler-include-method=-org.apache.commons.math3.geometry.partitioning.utilities.OrderedTuple--long-sign-long-- -sampler-include-method=-org.apache.commons.math3.geometry.euclidean.twod.PolygonsSet-SegmentsBuilder--void-visitInternalNode-org.apache.commons.math3.geometry.partitioning.BSPTree-- -sampler-include-method=-org.apache.commons.math3.geometry.partitioning.utilities.AVLTree--void-insert-java.lang.Comparable-- -sampler-include-method=-org.apache.commons.math3.geometry.euclidean.twod.PolygonsSet-ComparableSegment--void--init--org.apache.commons.math3.geometry.euclidean.twod.Vector2D,org.apache.commons.math3.geometry.euclidean.twod.Vector2D,org.apache.commons.math3.geometry.euclidean.twod.Line-- -sampler-include-method=-org.apache.commons.math3.geometry.partitioning.utilities.AVLTree-Node--org.apache.commons.math3.geometry.partitioning.utilities.AVLTree-Node-getNext--- -sampler-include-method=-org.apache.commons.math3.geometry.partitioning.utilities.OrderedTuple--int-exponent-long-- -sampler-include-method=-org.apache.commons.math3.geometry.partitioning.utilities.AVLTree--org.apache.commons.math3.geometry.partitioning.utilities.AVLTree-Node-getNotSmaller-java.lang.Comparable-- -sampler-include-method=-org.apache.commons.math3.util.FastMath--int-min-int,int-- -sampler-include-method=-org.apache.commons.math3.util.FastMath--int-max-int,int-- -sampler-include-method=-org.apache.commons.math3.geometry.partitioning.utilities.AVLTree-Node--boolean-rebalanceRightGrown--- -sampler-include-method=-org.apache.commons.math3.geometry.partitioning.utilities.AVLTree-Node--boolean-rebalanceRightShrunk--- -sampler-include-method=-org.apache.commons.math3.geometry.euclidean.twod.PolygonsSet-ComparableSegment--void--init--org.apache.commons.math3.geometry.euclidean.twod.Vector2D,double,double-- -sampler-include-method=-org.apache.commons.math3.geometry.euclidean.twod.PolygonsSet-SegmentsBuilder--void-addContribution-org.apache.commons.math3.geometry.partitioning.SubHyperplane,boolean-- -sampler-include-method=-org.apache.commons.math3.geometry.partitioning.utilities.OrderedTuple--long-mantissa-long-- -sampler-include-method=-org.apache.commons.math3.geometry.partitioning.utilities.AVLTree-Node--boolean-insert-java.lang.Comparable-- -sampler-include-method=-org.apache.commons.math3.geometry.euclidean.twod.PolygonsSet--java.util.List-followLoop-org.apache.commons.math3.geometry.partitioning.utilities.AVLTree-Node,org.apache.commons.math3.geometry.partitioning.utilities.AVLTree-- -sampler-include-method=-org.apache.commons.math3.geometry.partitioning.utilities.OrderedTuple--int-computeLSB-long-- -sampler-include-method=-org.apache.commons.math3.geometry.partitioning.utilities.OrderedTuple--int-computeMSB-long-- -sampler-include-method=-org.apache.commons.math3.geometry.partitioning.utilities.AVLTree-Node--void-delete--- -sampler-include-method=-org.apache.commons.math3.geometry.euclidean.twod.Vector2D--double-distance-org.apache.commons.math3.geometry.Vector-- -sampler-include-method=-org.apache.commons.math3.geometry.partitioning.utilities.OrderedTuple--void--init--double[]-- -sampler-include-method=-org.apache.commons.math3.geometry.partitioning.utilities.OrderedTuple--int-getBit-int,int-- -sampler-include-method=-org.apache.commons.math3.geometry.partitioning.utilities.OrderedTuple--int-compareTo-org.apache.commons.math3.geometry.partitioning.utilities.OrderedTuple-- -sampler-include-method=-org.apache.commons.math3.geometry.euclidean.twod.PolygonsSet--org.apache.commons.math3.geometry.euclidean.twod.Vector2D[][]-getVertices--- -sampler-include-method=-org.apache.commons.math3.geometry.partitioning.utilities.OrderedTuple--void-encode-int-- -sampler-include-method=-org.apache.commons.math3.geometry.partitioning.AbstractSubHyperplane--double-getSize--- -sampler-include-method=-org.apache.commons.math3.geometry.partitioning.Characterization--void-add-org.apache.commons.math3.geometry.partitioning.SubHyperplane,boolean-- -sampler-include-method=-org.apache.commons.math3.geometry.partitioning.BSPTree--boolean-insertCut-org.apache.commons.math3.geometry.partitioning.Hyperplane-- -sampler-include-method=-org.apache.commons.math3.geometry.partitioning.Characterization--boolean-hasOut--- -sampler-include-method=-org.apache.commons.math3.geometry.partitioning.Characterization--boolean-hasIn--- -sampler-include-method=-org.apache.commons.math3.geometry.partitioning.AbstractRegion--void-characterize-org.apache.commons.math3.geometry.partitioning.BSPTree,org.apache.commons.math3.geometry.partitioning.SubHyperplane,org.apache.commons.math3.geometry.partitioning.Characterization-- -sampler-include-method=-org.apache.commons.math3.geometry.partitioning.AbstractRegion--void-recurseBuildBoundary-org.apache.commons.math3.geometry.partitioning.BSPTree-- -sampler-include-method=-org.apache.commons.math3.geometry.euclidean.twod.Line--org.apache.commons.math3.geometry.euclidean.twod.Vector2D-toSpace-org.apache.commons.math3.geometry.Vector-- -sampler-include-method=-org.apache.commons.math3.geometry.partitioning.AbstractRegion--double-getSize--- -sampler-include-method=-org.apache.commons.math3.geometry.partitioning.BSPTree--void-chopOffMinus-org.apache.commons.math3.geometry.partitioning.Hyperplane-- -sampler-include-method=-org.apache.commons.math3.util.FastMath--double-sqrt-double-- -sampler-include-method=-org.apache.commons.math3.geometry.euclidean.oned.SubOrientedPoint--org.apache.commons.math3.geometry.partitioning.SubHyperplane-SplitSubHyperplane-split-org.apache.commons.math3.geometry.partitioning.Hyperplane-- -sampler-include-method=-org.apache.commons.math3.geometry.partitioning.RegionFactory-UnionMerger--org.apache.commons.math3.geometry.partitioning.BSPTree-merge-org.apache.commons.math3.geometry.partitioning.BSPTree,org.apache.commons.math3.geometry.partitioning.BSPTree,org.apache.commons.math3.geometry.partitioning.BSPTree,boolean,boolean-- -sampler-include-method=-org.apache.commons.math3.util.FastMath--int-getExponent-double-- -sampler-include-method=-org.apache.commons.math3.util.FastMath--double-hypot-double,double-- -sampler-include-method=-org.apache.commons.math3.geometry.euclidean.twod.Line--double-getOffset-org.apache.commons.math3.geometry.euclidean.twod.Line-- -sampler-include-method=-org.apache.commons.math3.geometry.euclidean.twod.Line--void-reset-org.apache.commons.math3.geometry.euclidean.twod.Vector2D,org.apache.commons.math3.geometry.euclidean.twod.Vector2D-- -sampler-include-method=-org.apache.commons.math3.util.FastMath--double-atan2-double,double-- -sampler-include-method=-org.apache.commons.math3.geometry.partitioning.BSPTree--org.apache.commons.math3.geometry.partitioning.BSPTree-copySelf--- -sampler-include-method=-org.apache.commons.math3.geometry.euclidean.twod.Line--double-getAngle--- -sampler-include-method=-org.apache.commons.math3.geometry.partitioning.AbstractRegion--boolean-isEmpty--- -sampler-include-method=-org.apache.commons.math3.geometry.partitioning.AbstractSubHyperplane--boolean-isEmpty--- -sampler-include-method=-org.apache.commons.math3.geometry.partitioning.BSPTree--org.apache.commons.math3.geometry.partitioning.SubHyperplane-fitToCell-org.apache.commons.math3.geometry.partitioning.SubHyperplane-- -sampler-include-method=-org.apache.commons.math3.geometry.partitioning.AbstractRegion--org.apache.commons.math3.geometry.partitioning.BSPTree-getTree-boolean-- -sampler-include-method=-org.apache.commons.math3.geometry.partitioning.BSPTree--void-visit-org.apache.commons.math3.geometry.partitioning.BSPTreeVisitor-- -sampler-include-method=-org.apache.commons.math3.geometry.partitioning.AbstractRegion--org.apache.commons.math3.geometry.partitioning.Region-Location-checkPoint-org.apache.commons.math3.geometry.partitioning.BSPTree,org.apache.commons.math3.geometry.Vector-- -sampler-include-method=-org.apache.commons.math3.geometry.euclidean.oned.SubOrientedPoint--org.apache.commons.math3.geometry.partitioning.Side-side-org.apache.commons.math3.geometry.partitioning.Hyperplane-- -sampler-include-method=-org.apache.commons.math3.geometry.partitioning.BSPTree--void-insertInTree-org.apache.commons.math3.geometry.partitioning.BSPTree,boolean-- -sampler-include-method=-org.apache.commons.math3.geometry.partitioning.BSPTree--org.apache.commons.math3.geometry.partitioning.BSPTree-merge-org.apache.commons.math3.geometry.partitioning.BSPTree,org.apache.commons.math3.geometry.partitioning.BSPTree-LeafMerger,org.apache.commons.math3.geometry.partitioning.BSPTree,boolean-- -sampler-include-method=-org.apache.commons.math3.geometry.partitioning.AbstractRegion--org.apache.commons.math3.geometry.partitioning.Side-side-org.apache.commons.math3.geometry.partitioning.Hyperplane-- -sampler-include-method=-org.apache.commons.math3.geometry.partitioning.BSPTree--org.apache.commons.math3.geometry.partitioning.BSPTree-getCell-org.apache.commons.math3.geometry.Vector-- -sampler-include-method=-org.apache.commons.math3.util.FastMath--double-abs-double-- -sampler-include-method=-org.apache.commons.math3.geometry.partitioning.BSPTree--org.apache.commons.math3.geometry.partitioning.BSPTree-split-org.apache.commons.math3.geometry.partitioning.SubHyperplane-- -sampler-include-method=-org.apache.commons.math3.geometry.partitioning.BSPTree--void-condense--- -sampler-include-method=-org.apache.commons.math3.geometry.euclidean.oned.OrientedPoint--boolean-sameOrientationAs-org.apache.commons.math3.geometry.partitioning.Hyperplane-- -sampler-include-method=-org.apache.commons.math3.geometry.euclidean.oned.OrientedPoint--double-getOffset-org.apache.commons.math3.geometry.Vector-- -sampler-include-method=-org.apache.commons.math3.geometry.euclidean.twod.SubLine--org.apache.commons.math3.geometry.partitioning.Side-side-org.apache.commons.math3.geometry.partitioning.Hyperplane-- -sampler-include-method=-org.apache.commons.math3.geometry.partitioning.AbstractRegion--boolean-isEmpty-org.apache.commons.math3.geometry.partitioning.BSPTree-- -sampler-include-method=-org.apache.commons.math3.geometry.euclidean.oned.IntervalsSet--void-recurseList-org.apache.commons.math3.geometry.partitioning.BSPTree,java.util.List,double,double-- -sampler-include-method=-org.apache.commons.math3.geometry.euclidean.twod.Line--void--init--org.apache.commons.math3.geometry.euclidean.twod.Line-- -sampler-include-method=-org.apache.commons.math3.geometry.euclidean.twod.Line--org.apache.commons.math3.geometry.euclidean.oned.Vector1D-toSubSpace-org.apache.commons.math3.geometry.Vector-- -sampler-include-method=-org.apache.commons.math3.geometry.euclidean.twod.SubLine--org.apache.commons.math3.geometry.partitioning.SubHyperplane-SplitSubHyperplane-split-org.apache.commons.math3.geometry.partitioning.Hyperplane-- -sampler-include-method=-org.apache.commons.math3.util.MathUtils--double-normalizeAngle-double,double-- -sampler-include-method=-org.apache.commons.math3.util.FastMath--double-floor-double-- -sampler-include-method=-org.apache.commons.math3.geometry.partitioning.AbstractRegion--void-recurseSides-org.apache.commons.math3.geometry.partitioning.BSPTree,org.apache.commons.math3.geometry.partitioning.SubHyperplane,org.apache.commons.math3.geometry.partitioning.AbstractRegion-Sides-- -sampler-include-method=-org.apache.commons.math3.util.FastMath--double-polyCosine-double-- -sampler-include-method=-org.apache.commons.math3.util.FastMath--double-cosQ-double,double-- -sampler-include-method=-org.apache.commons.math3.util.FastMath--double-polySine-double-- -sampler-include-method=-org.apache.commons.math3.geometry.euclidean.twod.Line--org.apache.commons.math3.geometry.euclidean.twod.Vector2D-intersection-org.apache.commons.math3.geometry.euclidean.twod.Line-- -sampler-include-method=-org.apache.commons.math3.util.FastMath--double-cos-double-- -sampler-include-method=-org.apache.commons.math3.util.FastMath--double-sin-double-- -sampler-include-method=-org.apache.commons.math3.util.FastMath--double-sinQ-double,double--
3,32,10,prune.includes_diff,-sampler-include-method=-org.apache.commons.math3.geometry.partitioning.AbstractRegion--org.apache.commons.math3.geometry.Vector-getBarycenter--- -sampler-include-method=-org.apache.commons.math3.geometry.euclidean.threed.Plane--void-setFrame--- -sampler-include-method=-org.apache.commons.math3.geometry.euclidean.threed.Line--org.apache.commons.math3.geometry.euclidean.threed.Vector3D-toSpace-org.apache.commons.math3.geometry.Vector-- -sampler-include-method=-org.apache.commons.math3.geometry.euclidean.threed.PolyhedronsSet-FacetsContributionVisitor--void-visitInternalNode-org.apache.commons.math3.geometry.partitioning.BSPTree-- -sampler-include-method=-org.apache.commons.math3.geometry.euclidean.threed.Plane--org.apache.commons.math3.geometry.euclidean.threed.Line-intersection-org.apache.commons.math3.geometry.euclidean.threed.Plane-- -sampler-include-method=-org.apache.commons.math3.geometry.euclidean.threed.Plane--org.apache.commons.math3.geometry.euclidean.twod.Vector2D-toSubSpace-org.apache.commons.math3.geometry.Vector-- -sampler-include-method=-org.apache.commons.math3.geometry.euclidean.threed.Plane--void--init--org.apache.commons.math3.geometry.euclidean.threed.Vector3D,org.apache.commons.math3.geometry.euclidean.threed.Vector3D-- -sampler-include-method=-org.apache.commons.math3.geometry.euclidean.threed.Plane--void-setNormal-org.apache.commons.math3.geometry.euclidean.threed.Vector3D-- -sampler-include-method=-org.apache.commons.math3.geometry.euclidean.threed.SubPlane--org.apache.commons.math3.geometry.partitioning.Side-side-org.apache.commons.math3.geometry.partitioning.Hyperplane-- -sampler-include-method=-org.apache.commons.math3.geometry.euclidean.threed.Plane--org.apache.commons.math3.geometry.euclidean.threed.Vector3D-toSpace-org.apache.commons.math3.geometry.Vector-- -sampler-include-method=-org.apache.commons.math3.geometry.euclidean.threed.SubPlane--org.apache.commons.math3.geometry.partitioning.SubHyperplane-SplitSubHyperplane-split-org.apache.commons.math3.geometry.partitioning.Hyperplane-- -sampler-include-method=-org.apache.commons.math3.geometry.euclidean.threed.PolyhedronsSet-FacetsContributionVisitor--void-addContribution-org.apache.commons.math3.geometry.partitioning.SubHyperplane,boolean-- -sampler-include-method=-org.apache.commons.math3.geometry.euclidean.threed.PolyhedronsSet--void-computeGeometricalProperties--- -sampler-include-method=-org.apache.commons.math3.geometry.euclidean.threed.Line--void-reset-org.apache.commons.math3.geometry.euclidean.threed.Vector3D,org.apache.commons.math3.geometry.euclidean.threed.Vector3D-- -sampler-include-method=-org.apache.commons.math3.geometry.euclidean.threed.Vector3D--double-dotProduct-org.apache.commons.math3.geometry.Vector-- -sampler-include-method=-org.apache.commons.math3.geometry.euclidean.threed.Vector3D--void--init--double,org.apache.commons.math3.geometry.euclidean.threed.Vector3D-- -sampler-include-method=-org.apache.commons.math3.geometry.euclidean.threed.Vector3D--org.apache.commons.math3.geometry.euclidean.threed.Vector3D-add-org.apache.commons.math3.geometry.Vector-- -sampler-include-method=-org.apache.commons.math3.geometry.euclidean.threed.Vector3D--org.apache.commons.math3.geometry.euclidean.threed.Vector3D-subtract-org.apache.commons.math3.geometry.Vector-- -sampler-include-method=-org.apache.commons.math3.geometry.euclidean.threed.Vector3D--void--init--double,org.apache.commons.math3.geometry.euclidean.threed.Vector3D,double,org.apache.commons.math3.geometry.euclidean.threed.Vector3D-- -sampler-include-method=-org.apache.commons.math3.geometry.euclidean.threed.Vector3D--double-getNormSq--- -sampler-include-method=-org.apache.commons.math3.geometry.euclidean.threed.Vector3D--double-getNorm--- -sampler-include-method=-org.apache.commons.math3.geometry.euclidean.threed.Vector3D--void--init--double,org.apache.commons.math3.geometry.euclidean.threed.Vector3D,double,org.apache.commons.math3.geometry.euclidean.threed.Vector3D,double,org.apache.commons.math3.geometry.euclidean.threed.Vector3D-- -sampler-include-method=-org.apache.commons.math3.geometry.euclidean.threed.Vector3D--org.apache.commons.math3.geometry.euclidean.threed.Vector3D-crossProduct-org.apache.commons.math3.geometry.Vector-- -sampler-include-method=-org.apache.commons.math3.geometry.euclidean.threed.Vector3D--org.apache.commons.math3.geometry.euclidean.threed.Vector3D-orthogonal--- -sampler-include-method=-org.apache.commons.math3.util.MathArrays--double-linearCombination-double,double,double,double,double,double-- -sampler-include-method=-org.apache.commons.math3.geometry.euclidean.threed.Plane--org.apache.commons.math3.geometry.euclidean.threed.Vector3D-intersection-org.apache.commons.math3.geometry.euclidean.threed.Plane,org.apache.commons.math3.geometry.euclidean.threed.Plane,org.apache.commons.math3.geometry.euclidean.threed.Plane-- -sampler-include-method=-org.apache.commons.math3.util.MathArrays--double-linearCombination-double,double,double,double-- -sampler-include-method=-org.apache.commons.math3.geometry.euclidean.twod.Line--boolean-sameOrientationAs-org.apache.commons.math3.geometry.partitioning.Hyperplane-- -sampler-include-method=-org.apache.commons.math3.geometry.euclidean.twod.PolygonsSet--void-computeGeometricalProperties--- -sampler-include-method=-org.apache.commons.math3.util.FastMath--double-doubleHighPart-double-- -sampler-include-method=-org.apache.commons.math3.util.FastMath--double-scalb-double,int-- -sampler-include-method=-org.apache.commons.math3.util.FastMath--double-atan-double,double,boolean-- -sampler-include-method=-org.apache.commons.math3.geometry.partitioning.utilities.AVLTree-Node--org.apache.commons.math3.geometry.partitioning.utilities.AVLTree-Node-getLargest--- -sampler-include-method=-org.apache.commons.math3.geometry.partitioning.AbstractRegion-2--void-visitLeafNode-org.apache.commons.math3.geometry.partitioning.BSPTree-- -sampler-include-method=-org.apache.commons.math3.geometry.partitioning.AbstractRegion-1--int-compare-java.lang.Object,java.lang.Object-- -sampler-include-method=-org.apache.commons.math3.geometry.partitioning.AbstractRegion--void--init--java.util.Collection-- -sampler-include-method=-org.apache.commons.math3.geometry.partitioning.AbstractRegion-1--int-compare-org.apache.commons.math3.geometry.partitioning.SubHyperplane,org.apache.commons.math3.geometry.partitioning.SubHyperplane-- -sampler-include-method=-org.apache.commons.math3.geometry.partitioning.AbstractRegion--void-insertCuts-org.apache.commons.math3.geometry.partitioning.BSPTree,java.util.Collection-- -sampler-include-method=-org.apache.commons.math3.geometry.euclidean.oned.Interval--double-getLength--- -sampler-include-method=-org.apache.commons.math3.geometry.euclidean.oned.Interval--double-getMidPoint--- -sampler-include-method=-org.apache.commons.math3.geometry.euclidean.oned.IntervalsSet--void-computeGeometricalProperties--- -sampler-include-method=-org.apache.commons.math3.geometry.partitioning.utilities.AVLTree-Node--void-rotateCW--- -sampler-include-method=-org.apache.commons.math3.geometry.euclidean.oned.IntervalsSet--org.apache.commons.math3.geometry.partitioning.BSPTree-buildTree-double,double-- -sampler-include-method=-org.apache.commons.math3.geometry.partitioning.BSPTree--void-chopOffPlus-org.apache.commons.math3.geometry.partitioning.Hyperplane-- -sampler-include-method=-org.apache.commons.math3.geometry.partitioning.utilities.AVLTree-Node--void-rotateCCW--- -sampler-include-method=-org.apache.commons.math3.geometry.partitioning.utilities.AVLTree-Node--boolean-rebalanceLeftGrown--- -sampler-include-method=-org.apache.commons.math3.geometry.partitioning.utilities.AVLTree-Node--boolean-rebalanceLeftShrunk--- -sampler-include-method=-org.apache.commons.math3.geometry.partitioning.utilities.AVLTree-Node--org.apache.commons.math3.geometry.partitioning.utilities.AVLTree-Node-getSmallest--- -sampler-include-method=-org.apache.commons.math3.geometry.partitioning.utilities.AVLTree--org.apache.commons.math3.geometry.partitioning.utilities.AVLTree-Node-getSmallest--- -sampler-include-method=-org.apache.commons.math3.geometry.partitioning.utilities.AVLTree--boolean-isEmpty--- -sampler-include-method=-org.apache.commons.math3.geometry.euclidean.twod.PolygonsSet-ComparableSegment--int-compareTo-java.lang.Object-- -sampler-include-method=-org.apache.commons.math3.geometry.euclidean.twod.PolygonsSet-ComparableSegment--int-compareTo-org.apache.commons.math3.geometry.euclidean.twod.PolygonsSet-ComparableSegment-- -sampler-include-method=-org.apache.commons.math3.geometry.partitioning.utilities.OrderedTuple--long-sign-long-- -sampler-include-method=-org.apache.commons.math3.geometry.euclidean.twod.PolygonsSet-SegmentsBuilder--void-visitInternalNode-org.apache.commons.math3.geometry.partitioning.BSPTree-- -sampler-include-method=-org.apache.commons.math3.geometry.partitioning.utilities.AVLTree--void-insert-java.lang.Comparable-- -sampler-include-method=-org.apache.commons.math3.geometry.euclidean.twod.PolygonsSet-ComparableSegment--void--init--org.apache.commons.math3.geometry.euclidean.twod.Vector2D,org.apache.commons.math3.geometry.euclidean.twod.Vector2D,org.apache.commons.math3.geometry.euclidean.twod.Line-- -sampler-include-method=-org.apache.commons.math3.geometry.partitioning.utilities.AVLTree-Node--org.apache.commons.math3.geometry.partitioning.utilities.AVLTree-Node-getNext--- -sampler-include-method=-org.apache.commons.math3.geometry.partitioning.utilities.OrderedTuple--int-exponent-long-- -sampler-include-method=-org.apache.commons.math3.geometry.partitioning.utilities.AVLTree--org.apache.commons.math3.geometry.partitioning.utilities.AVLTree-Node-getNotSmaller-java.lang.Comparable-- -sampler-include-method=-org.apache.commons.math3.util.FastMath--int-min-int,int-- -sampler-include-method=-org.apache.commons.math3.util.FastMath--int-max-int,int-- -sampler-include-method=-org.apache.commons.math3.geometry.partitioning.utilities.AVLTree-Node--boolean-rebalanceRightGrown--- -sampler-include-method=-org.apache.commons.math3.geometry.partitioning.utilities.AVLTree-Node--boolean-rebalanceRightShrunk--- -sampler-include-method=-org.apache.commons.math3.geometry.euclidean.twod.PolygonsSet-ComparableSegment--void--init--org.apache.commons.math3.geometry.euclidean.twod.Vector2D,double,double-- -sampler-include-method=-org.apache.commons.math3.geometry.euclidean.twod.PolygonsSet-SegmentsBuilder--void-addContribution-org.apache.commons.math3.geometry.partitioning.SubHyperplane,boolean-- -sampler-include-method=-org.apache.commons.math3.geometry.partitioning.utilities.OrderedTuple--long-mantissa-long-- -sampler-include-method=-org.apache.commons.math3.geometry.partitioning.utilities.AVLTree-Node--boolean-insert-java.lang.Comparable-- -sampler-include-method=-org.apache.commons.math3.geometry.euclidean.twod.PolygonsSet--java.util.List-followLoop-org.apache.commons.math3.geometry.partitioning.utilities.AVLTree-Node,org.apache.commons.math3.geometry.partitioning.utilities.AVLTree-- -sampler-include-method=-org.apache.commons.math3.geometry.partitioning.utilities.OrderedTuple--int-computeLSB-long-- -sampler-include-method=-org.apache.commons.math3.geometry.partitioning.utilities.OrderedTuple--int-computeMSB-long-- -sampler-include-method=-org.apache.commons.math3.geometry.partitioning.utilities.AVLTree-Node--void-delete--- -sampler-include-method=-org.apache.commons.math3.geometry.euclidean.twod.Vector2D--double-distance-org.apache.commons.math3.geometry.Vector-- -sampler-include-method=-org.apache.commons.math3.geometry.partitioning.utilities.OrderedTuple--void--init--double[]-- -sampler-include-method=-org.apache.commons.math3.geometry.partitioning.utilities.OrderedTuple--int-getBit-int,int-- -sampler-include-method=-org.apache.commons.math3.geometry.partitioning.utilities.OrderedTuple--int-compareTo-org.apache.commons.math3.geometry.partitioning.utilities.OrderedTuple-- -sampler-include-method=-org.apache.commons.math3.geometry.euclidean.twod.PolygonsSet--org.apache.commons.math3.geometry.euclidean.twod.Vector2D[][]-getVertices--- -sampler-include-method=-org.apache.commons.math3.geometry.partitioning.utilities.OrderedTuple--void-encode-int-- -sampler-include-method=-org.apache.commons.math3.geometry.partitioning.AbstractSubHyperplane--double-getSize--- -sampler-include-method=-org.apache.commons.math3.geometry.partitioning.Characterization--void-add-org.apache.commons.math3.geometry.partitioning.SubHyperplane,boolean-- -sampler-include-method=-org.apache.commons.math3.geometry.partitioning.BSPTree--boolean-insertCut-org.apache.commons.math3.geometry.partitioning.Hyperplane-- -sampler-include-method=-org.apache.commons.math3.geometry.partitioning.Characterization--boolean-hasOut--- -sampler-include-method=-org.apache.commons.math3.geometry.partitioning.Characterization--boolean-hasIn--- -sampler-include-method=-org.apache.commons.math3.geometry.partitioning.AbstractRegion--void-characterize-org.apache.commons.math3.geometry.partitioning.BSPTree,org.apache.commons.math3.geometry.partitioning.SubHyperplane,org.apache.commons.math3.geometry.partitioning.Characterization-- -sampler-include-method=-org.apache.commons.math3.geometry.partitioning.AbstractRegion--void-recurseBuildBoundary-org.apache.commons.math3.geometry.partitioning.BSPTree-- -sampler-include-method=-org.apache.commons.math3.geometry.euclidean.twod.Line--org.apache.commons.math3.geometry.euclidean.twod.Vector2D-toSpace-org.apache.commons.math3.geometry.Vector-- -sampler-include-method=-org.apache.commons.math3.geometry.partitioning.AbstractRegion--double-getSize--- -sampler-include-method=-org.apache.commons.math3.geometry.partitioning.BSPTree--void-chopOffMinus-org.apache.commons.math3.geometry.partitioning.Hyperplane-- -sampler-include-method=-org.apache.commons.math3.util.FastMath--double-sqrt-double-- -sampler-include-method=-org.apache.commons.math3.geometry.euclidean.oned.SubOrientedPoint--org.apache.commons.math3.geometry.partitioning.SubHyperplane-SplitSubHyperplane-split-org.apache.commons.math3.geometry.partitioning.Hyperplane-- -sampler-include-method=-org.apache.commons.math3.geometry.partitioning.RegionFactory-UnionMerger--org.apache.commons.math3.geometry.partitioning.BSPTree-merge-org.apache.commons.math3.geometry.partitioning.BSPTree,org.apache.commons.math3.geometry.partitioning.BSPTree,org.apache.commons.math3.geometry.partitioning.BSPTree,boolean,boolean-- -sampler-include-method=-org.apache.commons.math3.util.FastMath--int-getExponent-double-- -sampler-include-method=-org.apache.commons.math3.util.FastMath--double-hypot-double,double-- -sampler-include-method=-org.apache.commons.math3.geometry.euclidean.twod.Line--double-getOffset-org.apache.commons.math3.geometry.euclidean.twod.Line-- -sampler-include-method=-org.apache.commons.math3.geometry.euclidean.twod.Line--void-reset-org.apache.commons.math3.geometry.euclidean.twod.Vector2D,org.apache.commons.math3.geometry.euclidean.twod.Vector2D-- -sampler-include-method=-org.apache.commons.math3.util.FastMath--double-atan2-double,double-- -sampler-include-method=-org.apache.commons.math3.geometry.partitioning.BSPTree--org.apache.commons.math3.geometry.partitioning.BSPTree-copySelf--- -sampler-include-method=-org.apache.commons.math3.geometry.euclidean.twod.Line--double-getAngle--- -sampler-include-method=-org.apache.commons.math3.geometry.partitioning.AbstractRegion--boolean-isEmpty--- -sampler-include-method=-org.apache.commons.math3.geometry.partitioning.AbstractSubHyperplane--boolean-isEmpty--- -sampler-include-method=-org.apache.commons.math3.geometry.partitioning.BSPTree--org.apache.commons.math3.geometry.partitioning.SubHyperplane-fitToCell-org.apache.commons.math3.geometry.partitioning.SubHyperplane-- -sampler-include-method=-org.apache.commons.math3.geometry.partitioning.AbstractRegion--org.apache.commons.math3.geometry.partitioning.BSPTree-getTree-boolean-- -sampler-include-method=-org.apache.commons.math3.geometry.partitioning.BSPTree--void-visit-org.apache.commons.math3.geometry.partitioning.BSPTreeVisitor-- -sampler-include-method=-org.apache.commons.math3.geometry.partitioning.AbstractRegion--org.apache.commons.math3.geometry.partitioning.Region-Location-checkPoint-org.apache.commons.math3.geometry.partitioning.BSPTree,org.apache.commons.math3.geometry.Vector-- -sampler-include-method=-org.apache.commons.math3.geometry.euclidean.oned.SubOrientedPoint--org.apache.commons.math3.geometry.partitioning.Side-side-org.apache.commons.math3.geometry.partitioning.Hyperplane-- -sampler-include-method=-org.apache.commons.math3.geometry.partitioning.BSPTree--void-insertInTree-org.apache.commons.math3.geometry.partitioning.BSPTree,boolean-- -sampler-include-method=-org.apache.commons.math3.geometry.partitioning.BSPTree--org.apache.commons.math3.geometry.partitioning.BSPTree-merge-org.apache.commons.math3.geometry.partitioning.BSPTree,org.apache.commons.math3.geometry.partitioning.BSPTree-LeafMerger,org.apache.commons.math3.geometry.partitioning.BSPTree,boolean-- -sampler-include-method=-org.apache.commons.math3.geometry.partitioning.AbstractRegion--org.apache.commons.math3.geometry.partitioning.Side-side-org.apache.commons.math3.geometry.partitioning.Hyperplane-- -sampler-include-method=-org.apache.commons.math3.geometry.partitioning.BSPTree--org.apache.commons.math3.geometry.partitioning.BSPTree-getCell-org.apache.commons.math3.geometry.Vector-- -sampler-include-method=-org.apache.commons.math3.util.FastMath--double-abs-double-- -sampler-include-method=-org.apache.commons.math3.geometry.partitioning.BSPTree--org.apache.commons.math3.geometry.partitioning.BSPTree-split-org.apache.commons.math3.geometry.partitioning.SubHyperplane-- -sampler-include-method=-org.apache.commons.math3.geometry.partitioning.BSPTree--void-condense--- -sampler-include-method=-org.apache.commons.math3.geometry.euclidean.oned.OrientedPoint--boolean-sameOrientationAs-org.apache.commons.math3.geometry.partitioning.Hyperplane-- -sampler-include-method=-org.apache.commons.math3.geometry.euclidean.oned.OrientedPoint--double-getOffset-org.apache.commons.math3.geometry.Vector-- -sampler-include-method=-org.apache.commons.math3.geometry.euclidean.twod.SubLine--org.apache.commons.math3.geometry.partitioning.Side-side-org.apache.commons.math3.geometry.partitioning.Hyperplane-- -sampler-include-method=-org.apache.commons.math3.geometry.partitioning.AbstractRegion--boolean-isEmpty-org.apache.commons.math3.geometry.partitioning.BSPTree-- -sampler-include-method=-org.apache.commons.math3.geometry.euclidean.oned.IntervalsSet--void-recurseList-org.apache.commons.math3.geometry.partitioning.BSPTree,java.util.List,double,double-- -sampler-include-method=-org.apache.commons.math3.geometry.euclidean.twod.Line--void--init--org.apache.commons.math3.geometry.euclidean.twod.Line-- -sampler-include-method=-org.apache.commons.math3.geometry.euclidean.twod.Line--org.apache.commons.math3.geometry.euclidean.oned.Vector1D-toSubSpace-org.apache.commons.math3.geometry.Vector-- -sampler-include-method=-org.apache.commons.math3.geometry.euclidean.twod.SubLine--org.apache.commons.math3.geometry.partitioning.SubHyperplane-SplitSubHyperplane-split-org.apache.commons.math3.geometry.partitioning.Hyperplane-- -sampler-include-method=-org.apache.commons.math3.util.MathUtils--double-normalizeAngle-double,double-- -sampler-include-method=-org.apache.commons.math3.util.FastMath--double-floor-double-- -sampler-include-method=-org.apache.commons.math3.geometry.partitioning.AbstractRegion--void-recurseSides-org.apache.commons.math3.geometry.partitioning.BSPTree,org.apache.commons.math3.geometry.partitioning.SubHyperplane,org.apache.commons.math3.geometry.partitioning.AbstractRegion-Sides-- -sampler-include-method=-org.apache.commons.math3.util.FastMath--double-polyCosine-double-- -sampler-include-method=-org.apache.commons.math3.util.FastMath--double-cosQ-double,double-- -sampler-include-method=-org.apache.commons.math3.util.FastMath--double-polySine-double-- -sampler-include-method=-org.apache.commons.math3.geometry.euclidean.twod.Line--org.apache.commons.math3.geometry.euclidean.twod.Vector2D-intersection-org.apache.commons.math3.geometry.euclidean.twod.Line-- -sampler-include-method=-org.apache.commons.math3.util.FastMath--double-cos-double-- -sampler-include-method=-org.apache.commons.math3.util.FastMath--double-sin-double-- -sampler-include-method=-org.apache.commons.math3.util.FastMath--double-sinQ-double,double--
3,32,10,prune_s.profile.number,8218
3,32,10,prune_s.profile.time,47731
3,32,10,prune_s.profile.size,1528
3,32,10,prune.profile.number,8230
3,32,10,prune.profile.time,54248
3,32,10,prune.profile.size,1528
3,32,10,prune.preprocess.size,41905904
3,32,10,prune.preprocess.time,69940
3,32,10,prune.preprocess.number,14360
3,32,10,prune.preprocess.time_p,66408.0
3,32,10,prune.mine.size,27803040
3,32,10,prune.mine.time,2280318
3,32,10,end
