3,42,5,start
3,42,5,raw.profile.time,1018
3,42,5,coarse-grained.profile.time,13377
3,42,5,coarse-grained.profile.number,5736
3,42,5,coarse-grained.profile.size,544
3,42,5,fine-grained.profile.time,46682
3,42,5,fine-grained.profile.size,32144
3,42,5,fine-grained.profile.number,175739
3,42,5,fine-grained.preprocess.size,4730896
3,42,5,fine-grained.preprocess.time,16626
3,42,5,fine-grained.preprocess.number,1126
3,42,5,fine-grained.preprocess.time_p,15560.0
3,42,5,fine-grained.mine.size,55040
3,42,5,fine-grained.mine.time,3032
3,42,5,boost.includes,-sampler-include-method=-org.apache.commons.math.optimization.RealPointValuePair--double[]-getPoint--- -sampler-include-method=-org.apache.commons.math.util.MathUtils--void-checkNotNull-java.lang.Object-- -sampler-include-method=-org.apache.commons.math.linear.Array2DRowRealMatrix--void-setSubMatrix-double[][],int,int--
3,42,5,boost.profile.number,52
3,42,5,boost.profile.time,994
3,42,5,boost.profile.size,112
3,42,5,boost.preprocess.size,172096
3,42,5,boost.preprocess.time,1328
3,42,5,boost.preprocess.number,59
3,42,5,boost.preprocess.time_p,522.0
3,42,5,boost.mine.size,19648
3,42,5,boost.mine.time,120
3,42,5,prune.theta,0.025321
3,42,5,prune.includes,-sampler-include-method=-org.apache.commons.math.optimization.RealPointValuePair--double[]-getPoint--- -sampler-include-method=-org.apache.commons.math.util.MathUtils--void-checkNotNull-java.lang.Object-- -sampler-include-method=-org.apache.commons.math.linear.Array2DRowRealMatrix--void-setSubMatrix-double[][],int,int-- -sampler-include-method=-org.apache.commons.math.optimization.RealPointValuePair--void--init--double[],double-- -sampler-include-method=-org.apache.commons.math.optimization.linear.LinearObjectiveFunction--double-getValue-double[]-- -sampler-include-method=-org.apache.commons.math.linear.ArrayRealVector--double-dotProduct-org.apache.commons.math.linear.RealVector-- -sampler-include-method=-org.apache.commons.math.optimization.linear.SimplexTableau--org.apache.commons.math.optimization.RealPointValuePair-getSolution--- -sampler-include-method=-org.apache.commons.math.optimization.linear.AbstractLinearOptimizer--void-incrementIterationsCounter--- -sampler-include-method=-org.apache.commons.math.optimization.linear.SimplexTableau--void-divideRow-int,double-- -sampler-include-method=-org.apache.commons.math.optimization.linear.SimplexSolver--java.lang.Integer-getPivotColumn-org.apache.commons.math.optimization.linear.SimplexTableau-- -sampler-include-method=-org.apache.commons.math.optimization.linear.SimplexTableau--java.lang.Integer-getBasicRow-int-- -sampler-include-method=-org.apache.commons.math.optimization.linear.SimplexSolver--void-doIteration-org.apache.commons.math.optimization.linear.SimplexTableau-- -sampler-include-method=-org.apache.commons.math.optimization.linear.SimplexSolver--java.lang.Integer-getPivotRow-org.apache.commons.math.optimization.linear.SimplexTableau,int-- -sampler-include-method=-org.apache.commons.math.optimization.linear.SimplexTableau--void-dropPhase1Objective--- -sampler-include-method=-org.apache.commons.math.optimization.linear.SimplexTableau--int-getRhsOffset--- -sampler-include-method=-org.apache.commons.math.util.Precision--int-compareTo-double,double,int-- -sampler-include-method=-org.apache.commons.math.optimization.linear.SimplexTableau--int-getArtificialVariableOffset--- -sampler-include-method=-org.apache.commons.math.optimization.linear.SimplexTableau--int-getHeight--- -sampler-include-method=-org.apache.commons.math.optimization.linear.SimplexSolver--org.apache.commons.math.optimization.RealPointValuePair-doOptimize--- -sampler-include-method=-org.apache.commons.math.util.Precision--int-compareTo-double,double,double-- -sampler-include-method=-org.apache.commons.math.util.FastMath--double-abs-double-- -sampler-include-method=-org.apache.commons.math.optimization.linear.SimplexSolver--void-solvePhase1-org.apache.commons.math.optimization.linear.SimplexTableau-- -sampler-include-method=-org.apache.commons.math.util.Precision--boolean-equals-double,double,double-- -sampler-include-method=-org.apache.commons.math.optimization.linear.SimplexTableau--boolean-isOptimal--- -sampler-include-method=-org.apache.commons.math.optimization.linear.SimplexTableau--double-getEntry-int,int-- -sampler-include-method=-org.apache.commons.math.optimization.linear.SimplexTableau--int-getWidth--- -sampler-include-method=-org.apache.commons.math.util.FastMath--long-abs-long-- -sampler-include-method=-org.apache.commons.math.util.Precision--boolean-equals-double,double,int-- -sampler-include-method=-org.apache.commons.math.linear.AbstractRealMatrix--double[]-getRow-int-- -sampler-include-method=-org.apache.commons.math.linear.AbstractRealMatrix--void-setRowVector-int,org.apache.commons.math.linear.RealVector-- -sampler-include-method=-org.apache.commons.math.linear.ArrayRealVector--org.apache.commons.math.linear.ArrayRealVector-subtract-org.apache.commons.math.linear.RealVector-- -sampler-include-method=-org.apache.commons.math.linear.ArrayRealVector--void--init--double[],boolean-- -sampler-include-method=-org.apache.commons.math.linear.ArrayRealVector--void-checkVectorDimensions-int-- -sampler-include-method=-org.apache.commons.math.optimization.linear.SimplexTableau--int-getNumObjectiveFunctions--- -sampler-include-method=-org.apache.commons.math.linear.Array2DRowRealMatrix--int-getRowDimension--- -sampler-include-method=-org.apache.commons.math.linear.ArrayRealVector--void--init--org.apache.commons.math.linear.ArrayRealVector,boolean-- -sampler-include-method=-org.apache.commons.math.optimization.linear.SimplexTableau--int-getOriginalNumDecisionVariables--- -sampler-include-method=-org.apache.commons.math.linear.Array2DRowRealMatrix--int-getColumnDimension--- -sampler-include-method=-org.apache.commons.math.linear.AbstractRealMatrix--void--init--int,int-- -sampler-include-method=-org.apache.commons.math.optimization.linear.SimplexTableau--java.util.List-normalizeConstraints-java.util.Collection-- -sampler-include-method=-org.apache.commons.math.optimization.linear.SimplexTableau--void-copyArray-double[],double[]-- -sampler-include-method=-org.apache.commons.math.optimization.linear.SimplexTableau--int-getConstraintTypeCounts-org.apache.commons.math.optimization.linear.Relationship-- -sampler-include-method=-org.apache.commons.math.linear.MatrixUtils--void-checkColumnIndex-org.apache.commons.math.linear.AnyMatrix,int-- -sampler-include-method=-org.apache.commons.math.linear.MatrixUtils--void-checkRowIndex-org.apache.commons.math.linear.AnyMatrix,int-- -sampler-include-method=-org.apache.commons.math.optimization.linear.SimplexTableau--org.apache.commons.math.optimization.linear.LinearConstraint-normalize-org.apache.commons.math.optimization.linear.LinearConstraint-- -sampler-include-method=-org.apache.commons.math.linear.ArrayRealVector--org.apache.commons.math.linear.RealVector-mapMultiplyToSelf-double-- -sampler-include-method=-org.apache.commons.math.optimization.linear.SimplexTableau--void--init--org.apache.commons.math.optimization.linear.LinearObjectiveFunction,java.util.Collection,org.apache.commons.math.optimization.GoalType,boolean,double,int-- -sampler-include-method=-org.apache.commons.math.optimization.linear.SimplexTableau--void-initializeColumnLabels--- -sampler-include-method=-org.apache.commons.math.optimization.linear.SimplexTableau--org.apache.commons.math.linear.RealMatrix-createTableau-boolean--
3,42,5,prune.includes_diff,-sampler-include-method=-org.apache.commons.math.optimization.RealPointValuePair--void--init--double[],double-- -sampler-include-method=-org.apache.commons.math.optimization.linear.LinearObjectiveFunction--double-getValue-double[]-- -sampler-include-method=-org.apache.commons.math.linear.ArrayRealVector--double-dotProduct-org.apache.commons.math.linear.RealVector-- -sampler-include-method=-org.apache.commons.math.optimization.linear.SimplexTableau--org.apache.commons.math.optimization.RealPointValuePair-getSolution--- -sampler-include-method=-org.apache.commons.math.optimization.linear.AbstractLinearOptimizer--void-incrementIterationsCounter--- -sampler-include-method=-org.apache.commons.math.optimization.linear.SimplexTableau--void-divideRow-int,double-- -sampler-include-method=-org.apache.commons.math.optimization.linear.SimplexSolver--java.lang.Integer-getPivotColumn-org.apache.commons.math.optimization.linear.SimplexTableau-- -sampler-include-method=-org.apache.commons.math.optimization.linear.SimplexTableau--java.lang.Integer-getBasicRow-int-- -sampler-include-method=-org.apache.commons.math.optimization.linear.SimplexSolver--void-doIteration-org.apache.commons.math.optimization.linear.SimplexTableau-- -sampler-include-method=-org.apache.commons.math.optimization.linear.SimplexSolver--java.lang.Integer-getPivotRow-org.apache.commons.math.optimization.linear.SimplexTableau,int-- -sampler-include-method=-org.apache.commons.math.optimization.linear.SimplexTableau--void-dropPhase1Objective--- -sampler-include-method=-org.apache.commons.math.optimization.linear.SimplexTableau--int-getRhsOffset--- -sampler-include-method=-org.apache.commons.math.util.Precision--int-compareTo-double,double,int-- -sampler-include-method=-org.apache.commons.math.optimization.linear.SimplexTableau--int-getArtificialVariableOffset--- -sampler-include-method=-org.apache.commons.math.optimization.linear.SimplexTableau--int-getHeight--- -sampler-include-method=-org.apache.commons.math.optimization.linear.SimplexSolver--org.apache.commons.math.optimization.RealPointValuePair-doOptimize--- -sampler-include-method=-org.apache.commons.math.util.Precision--int-compareTo-double,double,double-- -sampler-include-method=-org.apache.commons.math.util.FastMath--double-abs-double-- -sampler-include-method=-org.apache.commons.math.optimization.linear.SimplexSolver--void-solvePhase1-org.apache.commons.math.optimization.linear.SimplexTableau-- -sampler-include-method=-org.apache.commons.math.util.Precision--boolean-equals-double,double,double-- -sampler-include-method=-org.apache.commons.math.optimization.linear.SimplexTableau--boolean-isOptimal--- -sampler-include-method=-org.apache.commons.math.optimization.linear.SimplexTableau--double-getEntry-int,int-- -sampler-include-method=-org.apache.commons.math.optimization.linear.SimplexTableau--int-getWidth--- -sampler-include-method=-org.apache.commons.math.util.FastMath--long-abs-long-- -sampler-include-method=-org.apache.commons.math.util.Precision--boolean-equals-double,double,int-- -sampler-include-method=-org.apache.commons.math.linear.AbstractRealMatrix--double[]-getRow-int-- -sampler-include-method=-org.apache.commons.math.linear.AbstractRealMatrix--void-setRowVector-int,org.apache.commons.math.linear.RealVector-- -sampler-include-method=-org.apache.commons.math.linear.ArrayRealVector--org.apache.commons.math.linear.ArrayRealVector-subtract-org.apache.commons.math.linear.RealVector-- -sampler-include-method=-org.apache.commons.math.linear.ArrayRealVector--void--init--double[],boolean-- -sampler-include-method=-org.apache.commons.math.linear.ArrayRealVector--void-checkVectorDimensions-int-- -sampler-include-method=-org.apache.commons.math.optimization.linear.SimplexTableau--int-getNumObjectiveFunctions--- -sampler-include-method=-org.apache.commons.math.linear.Array2DRowRealMatrix--int-getRowDimension--- -sampler-include-method=-org.apache.commons.math.linear.ArrayRealVector--void--init--org.apache.commons.math.linear.ArrayRealVector,boolean-- -sampler-include-method=-org.apache.commons.math.optimization.linear.SimplexTableau--int-getOriginalNumDecisionVariables--- -sampler-include-method=-org.apache.commons.math.linear.Array2DRowRealMatrix--int-getColumnDimension--- -sampler-include-method=-org.apache.commons.math.linear.AbstractRealMatrix--void--init--int,int-- -sampler-include-method=-org.apache.commons.math.optimization.linear.SimplexTableau--java.util.List-normalizeConstraints-java.util.Collection-- -sampler-include-method=-org.apache.commons.math.optimization.linear.SimplexTableau--void-copyArray-double[],double[]-- -sampler-include-method=-org.apache.commons.math.optimization.linear.SimplexTableau--int-getConstraintTypeCounts-org.apache.commons.math.optimization.linear.Relationship-- -sampler-include-method=-org.apache.commons.math.linear.MatrixUtils--void-checkColumnIndex-org.apache.commons.math.linear.AnyMatrix,int-- -sampler-include-method=-org.apache.commons.math.linear.MatrixUtils--void-checkRowIndex-org.apache.commons.math.linear.AnyMatrix,int-- -sampler-include-method=-org.apache.commons.math.optimization.linear.SimplexTableau--org.apache.commons.math.optimization.linear.LinearConstraint-normalize-org.apache.commons.math.optimization.linear.LinearConstraint-- -sampler-include-method=-org.apache.commons.math.linear.ArrayRealVector--org.apache.commons.math.linear.RealVector-mapMultiplyToSelf-double-- -sampler-include-method=-org.apache.commons.math.optimization.linear.SimplexTableau--void--init--org.apache.commons.math.optimization.linear.LinearObjectiveFunction,java.util.Collection,org.apache.commons.math.optimization.GoalType,boolean,double,int-- -sampler-include-method=-org.apache.commons.math.optimization.linear.SimplexTableau--void-initializeColumnLabels--- -sampler-include-method=-org.apache.commons.math.optimization.linear.SimplexTableau--org.apache.commons.math.linear.RealMatrix-createTableau-boolean--
3,42,5,prune_s.profile.number,1124
3,42,5,prune_s.profile.time,44026
3,42,5,prune_s.profile.size,272
3,42,5,prune.profile.number,1184
3,42,5,prune.profile.time,41227
3,42,5,prune.profile.size,328
3,42,5,prune.preprocess.size,2259632
3,42,5,prune.preprocess.time,4091
3,42,5,prune.preprocess.number,1126
3,42,5,prune.preprocess.time_p,3143.0
3,42,5,prune.mine.size,54880
3,42,5,prune.mine.time,2712
3,42,5,end
