3,49,10,start
3,49,10,raw.profile.time,1454
3,49,10,coarse-grained.profile.time,1626
3,49,10,coarse-grained.profile.number,5346
3,49,10,coarse-grained.profile.size,564
3,49,10,fine-grained.profile.time,56339
3,49,10,fine-grained.profile.size,38944
3,49,10,fine-grained.profile.number,164389
3,49,10,fine-grained.preprocess.size,4736080
3,49,10,fine-grained.preprocess.time,15284
3,49,10,fine-grained.preprocess.number,284
3,49,10,fine-grained.preprocess.time_p,14327.0
3,49,10,fine-grained.mine.size,26128
3,49,10,fine-grained.mine.time,440
3,49,10,boost.includes,-sampler-include-method=-org.apache.commons.math.exception.util.LocalizedFormats--java.lang.String-getLocalizedString-java.util.Locale-- -sampler-include-method=-org.apache.commons.math.linear.OpenMapRealVector--org.apache.commons.math.linear.OpenMapRealVector-ebeMultiply-org.apache.commons.math.linear.RealVector--
3,49,10,boost.profile.number,3
3,49,10,boost.profile.time,1385
3,49,10,boost.profile.size,144
3,49,10,boost.preprocess.size,150144
3,49,10,boost.preprocess.time,1045
3,49,10,boost.preprocess.number,11
3,49,10,boost.preprocess.time_p,266.0
3,49,10,boost.mine.size,19072
3,49,10,boost.mine.time,76
3,49,10,prune.theta,0.130033
3,49,10,prune.includes,-sampler-include-method=-org.apache.commons.math.exception.util.LocalizedFormats--java.lang.String-getLocalizedString-java.util.Locale-- -sampler-include-method=-org.apache.commons.math.linear.OpenMapRealVector--org.apache.commons.math.linear.OpenMapRealVector-ebeMultiply-org.apache.commons.math.linear.RealVector-- -sampler-include-method=-org.apache.commons.math.linear.AbstractRealVector--void-checkVectorDimensions-int-- -sampler-include-method=-org.apache.commons.math.util.OpenIntToDoubleHashMap--double-doRemove-int-- -sampler-include-method=-org.apache.commons.math.util.OpenIntToDoubleHashMap--double-remove-int-- -sampler-include-method=-org.apache.commons.math.util.OpenIntToDoubleHashMap--boolean-containsKey-int-- -sampler-include-method=-org.apache.commons.math.linear.OpenMapRealVector--void--init--org.apache.commons.math.linear.OpenMapRealVector-- -sampler-include-method=-org.apache.commons.math.util.OpenIntToDoubleHashMap--void--init--org.apache.commons.math.util.OpenIntToDoubleHashMap-- -sampler-include-method=-org.apache.commons.math.linear.OpenMapRealVector--void-setEntry-int,double-- -sampler-include-method=-org.apache.commons.math.util.OpenIntToDoubleHashMap-Iterator--int-key--- -sampler-include-method=-org.apache.commons.math.util.OpenIntToDoubleHashMap-Iterator--boolean-hasNext--- -sampler-include-method=-org.apache.commons.math.util.OpenIntToDoubleHashMap-Iterator--void--init--org.apache.commons.math.util.OpenIntToDoubleHashMap-- -sampler-include-method=-org.apache.commons.math.util.OpenIntToDoubleHashMap-Iterator--double-value--- -sampler-include-method=-org.apache.commons.math.util.OpenIntToDoubleHashMap-Iterator--void-advance--- -sampler-include-method=-org.apache.commons.math.linear.OpenMapRealVector--double-getEntry-int-- -sampler-include-method=-org.apache.commons.math.util.OpenIntToDoubleHashMap--boolean-containsKey-int,int-- -sampler-include-method=-org.apache.commons.math.linear.AbstractRealVector--void-checkIndex-int-- -sampler-include-method=-org.apache.commons.math.util.OpenIntToDoubleHashMap--double-get-int-- -sampler-include-method=-org.apache.commons.math.util.OpenIntToDoubleHashMap--int-findInsertionIndex-int-- -sampler-include-method=-org.apache.commons.math.util.OpenIntToDoubleHashMap--void--init--int,double-- -sampler-include-method=-org.apache.commons.math.linear.OpenMapRealVector--boolean-isDefaultValue-double-- -sampler-include-method=-org.apache.commons.math.util.OpenIntToDoubleHashMap--int-computeCapacity-int-- -sampler-include-method=-org.apache.commons.math.util.OpenIntToDoubleHashMap--boolean-shouldGrowTable--- -sampler-include-method=-org.apache.commons.math.util.OpenIntToDoubleHashMap--double-put-int,double-- -sampler-include-method=-org.apache.commons.math.util.OpenIntToDoubleHashMap--int-hashOf-int-- -sampler-include-method=-org.apache.commons.math.util.OpenIntToDoubleHashMap--int-findInsertionIndex-int[],byte[],int,int-- -sampler-include-method=-org.apache.commons.math.util.FastMath--double-ceil-double-- -sampler-include-method=-org.apache.commons.math.util.FastMath--double-floor-double-- -sampler-include-method=-org.apache.commons.math.util.FastMath--double-abs-double--
3,49,10,prune.includes_diff,-sampler-include-method=-org.apache.commons.math.linear.AbstractRealVector--void-checkVectorDimensions-int-- -sampler-include-method=-org.apache.commons.math.util.OpenIntToDoubleHashMap--double-doRemove-int-- -sampler-include-method=-org.apache.commons.math.util.OpenIntToDoubleHashMap--double-remove-int-- -sampler-include-method=-org.apache.commons.math.util.OpenIntToDoubleHashMap--boolean-containsKey-int-- -sampler-include-method=-org.apache.commons.math.linear.OpenMapRealVector--void--init--org.apache.commons.math.linear.OpenMapRealVector-- -sampler-include-method=-org.apache.commons.math.util.OpenIntToDoubleHashMap--void--init--org.apache.commons.math.util.OpenIntToDoubleHashMap-- -sampler-include-method=-org.apache.commons.math.linear.OpenMapRealVector--void-setEntry-int,double-- -sampler-include-method=-org.apache.commons.math.util.OpenIntToDoubleHashMap-Iterator--int-key--- -sampler-include-method=-org.apache.commons.math.util.OpenIntToDoubleHashMap-Iterator--boolean-hasNext--- -sampler-include-method=-org.apache.commons.math.util.OpenIntToDoubleHashMap-Iterator--void--init--org.apache.commons.math.util.OpenIntToDoubleHashMap-- -sampler-include-method=-org.apache.commons.math.util.OpenIntToDoubleHashMap-Iterator--double-value--- -sampler-include-method=-org.apache.commons.math.util.OpenIntToDoubleHashMap-Iterator--void-advance--- -sampler-include-method=-org.apache.commons.math.linear.OpenMapRealVector--double-getEntry-int-- -sampler-include-method=-org.apache.commons.math.util.OpenIntToDoubleHashMap--boolean-containsKey-int,int-- -sampler-include-method=-org.apache.commons.math.linear.AbstractRealVector--void-checkIndex-int-- -sampler-include-method=-org.apache.commons.math.util.OpenIntToDoubleHashMap--double-get-int-- -sampler-include-method=-org.apache.commons.math.util.OpenIntToDoubleHashMap--int-findInsertionIndex-int-- -sampler-include-method=-org.apache.commons.math.util.OpenIntToDoubleHashMap--void--init--int,double-- -sampler-include-method=-org.apache.commons.math.linear.OpenMapRealVector--boolean-isDefaultValue-double-- -sampler-include-method=-org.apache.commons.math.util.OpenIntToDoubleHashMap--int-computeCapacity-int-- -sampler-include-method=-org.apache.commons.math.util.OpenIntToDoubleHashMap--boolean-shouldGrowTable--- -sampler-include-method=-org.apache.commons.math.util.OpenIntToDoubleHashMap--double-put-int,double-- -sampler-include-method=-org.apache.commons.math.util.OpenIntToDoubleHashMap--int-hashOf-int-- -sampler-include-method=-org.apache.commons.math.util.OpenIntToDoubleHashMap--int-findInsertionIndex-int[],byte[],int,int-- -sampler-include-method=-org.apache.commons.math.util.FastMath--double-ceil-double-- -sampler-include-method=-org.apache.commons.math.util.FastMath--double-floor-double-- -sampler-include-method=-org.apache.commons.math.util.FastMath--double-abs-double--
3,49,10,prune_s.profile.number,398
3,49,10,prune_s.profile.time,1367
3,49,10,prune_s.profile.size,144
3,49,10,prune.profile.number,409
3,49,10,prune.profile.time,1537
3,49,10,prune.profile.size,144
3,49,10,prune.preprocess.size,1136816
3,49,10,prune.preprocess.time,2210
3,49,10,prune.preprocess.number,284
3,49,10,prune.preprocess.time_p,1446.0
3,49,10,prune.mine.size,26208
3,49,10,prune.mine.time,437
3,49,10,end
