3,100,1,start
3,100,1,raw.profile.time,2334
3,100,1,coarse-grained.profile.time,4451
3,100,1,coarse-grained.profile.number,1723
3,100,1,coarse-grained.profile.size,396
3,100,1,fine-grained.profile.time,115236
3,100,1,fine-grained.profile.size,16248
3,100,1,fine-grained.profile.number,49339
3,100,1,fine-grained.preprocess.size,4521872
3,100,1,fine-grained.preprocess.time,11500
3,100,1,fine-grained.preprocess.number,1621
3,100,1,fine-grained.preprocess.time_p,10532.0
3,100,1,fine-grained.mine.size,155872
3,100,1,fine-grained.mine.time,4475
3,100,1,boost.includes,-sampler-include-method=-org.apache.commons.math.estimation.SimpleEstimationProblem--org.apache.commons.math.estimation.EstimatedParameter[]-getAllParameters--- -sampler-include-method=-org.apache.commons.math.estimation.AbstractEstimator--double[][]-getCovariances-org.apache.commons.math.estimation.EstimationProblem--
3,100,1,boost.profile.number,49
3,100,1,boost.profile.time,4494
3,100,1,boost.profile.size,204
3,100,1,boost.preprocess.size,191520
3,100,1,boost.preprocess.time,1567
3,100,1,boost.preprocess.number,64
3,100,1,boost.preprocess.time_p,732.0
3,100,1,boost.mine.size,19840
3,100,1,boost.mine.time,64
3,100,1,prune.theta,0.146094
3,100,1,prune.includes,-sampler-include-method=-org.apache.commons.math.estimation.SimpleEstimationProblem--org.apache.commons.math.estimation.EstimatedParameter[]-getAllParameters--- -sampler-include-method=-org.apache.commons.math.estimation.AbstractEstimator--double[][]-getCovariances-org.apache.commons.math.estimation.EstimationProblem-- -sampler-include-method=-org.apache.commons.math.estimation.SimpleEstimationProblem--org.apache.commons.math.estimation.WeightedMeasurement[]-getMeasurements--- -sampler-include-method=-org.apache.commons.math.estimation.SimpleEstimationProblem--org.apache.commons.math.estimation.EstimatedParameter[]-getUnboundParameters--- -sampler-include-method=-org.apache.commons.math.linear.RealMatrixImpl--org.apache.commons.math.linear.RealMatrix-add-org.apache.commons.math.linear.RealMatrix-- -sampler-include-method=-org.apache.commons.math.estimation.GaussNewtonEstimator--void-estimate-org.apache.commons.math.estimation.EstimationProblem-- -sampler-include-method=-org.apache.commons.math.linear.RealMatrixImpl--double-getEntry-int,int-- -sampler-include-method=-org.apache.commons.math.linear.RealMatrixImpl--boolean-isValidCoordinate-int,int-- -sampler-include-method=-org.apache.commons.math.linear.RealMatrixImpl--boolean-isSingular--- -sampler-include-method=-org.apache.commons.math.linear.RealMatrixImpl--void--init--int,int-- -sampler-include-method=-org.apache.commons.math.linear.RealMatrixImpl--boolean-isSquare--- -sampler-include-method=-org.apache.commons.math.linear.RealMatrixImpl--double[][]-copyOut--- -sampler-include-method=-org.apache.commons.math.linear.RealMatrixImpl--void-setSubMatrix-double[][],int,int-- -sampler-include-method=-org.apache.commons.math.linear.RealMatrixImpl--org.apache.commons.math.linear.RealMatrix-solve-org.apache.commons.math.linear.RealMatrix-- -sampler-include-method=-org.apache.commons.math.linear.RealMatrixImpl--void-luDecompose--- -sampler-include-method=-org.apache.commons.math.estimation.AbstractEstimator--void-updateJacobian--- -sampler-include-method=-org.apache.commons.math.estimation.AbstractEstimator--double-getRMS-org.apache.commons.math.estimation.EstimationProblem-- -sampler-include-method=-org.apache.commons.math.estimation.AbstractEstimator--void-updateResidualsAndCost--- -sampler-include-method=-org.apache.commons.math.estimation.AbstractEstimator--void-incrementJacobianEvaluationsCounter--- -sampler-include-method=-org.apache.commons.math.estimation.WeightedMeasurement--double-getResidual--- -sampler-include-method=-org.apache.commons.math.estimation.AbstractEstimator--void-initializeEstimate-org.apache.commons.math.estimation.EstimationProblem--
3,100,1,prune.includes_diff,-sampler-include-method=-org.apache.commons.math.estimation.SimpleEstimationProblem--org.apache.commons.math.estimation.WeightedMeasurement[]-getMeasurements--- -sampler-include-method=-org.apache.commons.math.estimation.SimpleEstimationProblem--org.apache.commons.math.estimation.EstimatedParameter[]-getUnboundParameters--- -sampler-include-method=-org.apache.commons.math.linear.RealMatrixImpl--org.apache.commons.math.linear.RealMatrix-add-org.apache.commons.math.linear.RealMatrix-- -sampler-include-method=-org.apache.commons.math.estimation.GaussNewtonEstimator--void-estimate-org.apache.commons.math.estimation.EstimationProblem-- -sampler-include-method=-org.apache.commons.math.linear.RealMatrixImpl--double-getEntry-int,int-- -sampler-include-method=-org.apache.commons.math.linear.RealMatrixImpl--boolean-isValidCoordinate-int,int-- -sampler-include-method=-org.apache.commons.math.linear.RealMatrixImpl--boolean-isSingular--- -sampler-include-method=-org.apache.commons.math.linear.RealMatrixImpl--void--init--int,int-- -sampler-include-method=-org.apache.commons.math.linear.RealMatrixImpl--boolean-isSquare--- -sampler-include-method=-org.apache.commons.math.linear.RealMatrixImpl--double[][]-copyOut--- -sampler-include-method=-org.apache.commons.math.linear.RealMatrixImpl--void-setSubMatrix-double[][],int,int-- -sampler-include-method=-org.apache.commons.math.linear.RealMatrixImpl--org.apache.commons.math.linear.RealMatrix-solve-org.apache.commons.math.linear.RealMatrix-- -sampler-include-method=-org.apache.commons.math.linear.RealMatrixImpl--void-luDecompose--- -sampler-include-method=-org.apache.commons.math.estimation.AbstractEstimator--void-updateJacobian--- -sampler-include-method=-org.apache.commons.math.estimation.AbstractEstimator--double-getRMS-org.apache.commons.math.estimation.EstimationProblem-- -sampler-include-method=-org.apache.commons.math.estimation.AbstractEstimator--void-updateResidualsAndCost--- -sampler-include-method=-org.apache.commons.math.estimation.AbstractEstimator--void-incrementJacobianEvaluationsCounter--- -sampler-include-method=-org.apache.commons.math.estimation.WeightedMeasurement--double-getResidual--- -sampler-include-method=-org.apache.commons.math.estimation.AbstractEstimator--void-initializeEstimate-org.apache.commons.math.estimation.EstimationProblem--
3,100,1,prune_s.profile.number,1000
3,100,1,prune_s.profile.time,6374
3,100,1,prune_s.profile.size,408
3,100,1,prune.profile.number,1057
3,100,1,prune.profile.time,4590
3,100,1,prune.profile.size,416
3,100,1,prune.preprocess.size,2272496
3,100,1,prune.preprocess.time,4410
3,100,1,prune.preprocess.number,1619
3,100,1,prune.preprocess.time_p,3791.0
3,100,1,prune.mine.size,152928
3,100,1,prune.mine.time,7252
3,100,1,end
