3,29,5,start
3,29,5,raw.profile.time,836
3,29,5,coarse-grained.profile.time,2876
3,29,5,coarse-grained.profile.number,5768
3,29,5,coarse-grained.profile.size,1580
3,29,5,fine-grained.profile.time,19843
3,29,5,fine-grained.profile.size,95180
3,29,5,fine-grained.profile.number,180017
3,29,5,fine-grained.preprocess.size,9198896
3,29,5,fine-grained.preprocess.time,26630
3,29,5,fine-grained.preprocess.number,553
3,29,5,fine-grained.preprocess.time_p,25478.0
3,29,5,fine-grained.mine.size,38896
3,29,5,fine-grained.mine.time,891
3,29,5,boost.includes,-sampler-include-method=-org.apache.commons.math3.util.OpenIntToDoubleHashMap--double-doRemove-int--
3,29,5,boost.profile.number,3
3,29,5,boost.profile.time,974
3,29,5,boost.profile.size,332
3,29,5,boost.preprocess.size,158448
3,29,5,boost.preprocess.time,1234
3,29,5,boost.preprocess.number,18
3,29,5,boost.preprocess.time_p,348.0
3,29,5,boost.mine.size,19728
3,29,5,boost.mine.time,96
3,29,5,prune.theta,0.110381
3,29,5,prune.includes,-sampler-include-method=-org.apache.commons.math3.util.OpenIntToDoubleHashMap--double-doRemove-int-- -sampler-include-method=-org.apache.commons.math3.util.OpenIntToDoubleHashMap--double-remove-int-- -sampler-include-method=-org.apache.commons.math3.util.OpenIntToDoubleHashMap--void-growTable--- -sampler-include-method=-org.apache.commons.math3.util.OpenIntToDoubleHashMap--int-perturb-int-- -sampler-include-method=-org.apache.commons.math3.util.OpenIntToDoubleHashMap--int-probe-int,int-- -sampler-include-method=-org.apache.commons.math3.linear.OpenMapRealVector--void--init--org.apache.commons.math3.linear.OpenMapRealVector-- -sampler-include-method=-org.apache.commons.math3.linear.OpenMapRealVector--org.apache.commons.math3.linear.OpenMapRealVector-ebeMultiply-org.apache.commons.math3.linear.RealVector-- -sampler-include-method=-org.apache.commons.math3.util.OpenIntToDoubleHashMap--boolean-containsKey-int-- -sampler-include-method=-org.apache.commons.math3.util.OpenIntToDoubleHashMap--void--init--org.apache.commons.math3.util.OpenIntToDoubleHashMap-- -sampler-include-method=-org.apache.commons.math3.util.OpenIntToDoubleHashMap-Iterator--int-key--- -sampler-include-method=-org.apache.commons.math3.linear.RealVector--void-checkVectorDimensions-int-- -sampler-include-method=-org.apache.commons.math3.util.OpenIntToDoubleHashMap--int-changeIndexSign-int-- -sampler-include-method=-org.apache.commons.math3.util.OpenIntToDoubleHashMap-Iterator--boolean-hasNext--- -sampler-include-method=-org.apache.commons.math3.util.OpenIntToDoubleHashMap-Iterator--void--init--org.apache.commons.math3.util.OpenIntToDoubleHashMap-- -sampler-include-method=-org.apache.commons.math3.util.OpenIntToDoubleHashMap-Iterator--double-value--- -sampler-include-method=-org.apache.commons.math3.util.OpenIntToDoubleHashMap-Iterator--void-advance--- -sampler-include-method=-org.apache.commons.math3.linear.OpenMapRealVector--void-setEntry-int,double-- -sampler-include-method=-org.apache.commons.math3.util.OpenIntToDoubleHashMap--boolean-containsKey-int,int-- -sampler-include-method=-org.apache.commons.math3.util.OpenIntToDoubleHashMap--double-get-int-- -sampler-include-method=-org.apache.commons.math3.linear.OpenMapRealVector--double-getEntry-int-- -sampler-include-method=-org.apache.commons.math3.linear.RealVector--void-checkIndex-int-- -sampler-include-method=-org.apache.commons.math3.util.OpenIntToDoubleHashMap--int-findInsertionIndex-int-- -sampler-include-method=-org.apache.commons.math3.util.OpenIntToDoubleHashMap--boolean-shouldGrowTable--- -sampler-include-method=-org.apache.commons.math3.util.OpenIntToDoubleHashMap--double-put-int,double-- -sampler-include-method=-org.apache.commons.math3.util.OpenIntToDoubleHashMap--int-hashOf-int-- -sampler-include-method=-org.apache.commons.math3.util.OpenIntToDoubleHashMap--int-findInsertionIndex-int[],byte[],int,int-- -sampler-include-method=-org.apache.commons.math3.linear.OpenMapRealVector--void--init--double[],double-- -sampler-include-method=-org.apache.commons.math3.util.OpenIntToDoubleHashMap--void--init--int,double-- -sampler-include-method=-org.apache.commons.math3.linear.OpenMapRealVector--boolean-isDefaultValue-double-- -sampler-include-method=-org.apache.commons.math3.util.FastMath--double-abs-double-- -sampler-include-method=-org.apache.commons.math3.util.OpenIntToDoubleHashMap--int-computeCapacity-int-- -sampler-include-method=-org.apache.commons.math3.util.FastMath--double-ceil-double-- -sampler-include-method=-org.apache.commons.math3.util.FastMath--double-floor-double--
3,29,5,prune.includes_diff,-sampler-include-method=-org.apache.commons.math3.util.OpenIntToDoubleHashMap--double-remove-int-- -sampler-include-method=-org.apache.commons.math3.util.OpenIntToDoubleHashMap--void-growTable--- -sampler-include-method=-org.apache.commons.math3.util.OpenIntToDoubleHashMap--int-perturb-int-- -sampler-include-method=-org.apache.commons.math3.util.OpenIntToDoubleHashMap--int-probe-int,int-- -sampler-include-method=-org.apache.commons.math3.linear.OpenMapRealVector--void--init--org.apache.commons.math3.linear.OpenMapRealVector-- -sampler-include-method=-org.apache.commons.math3.linear.OpenMapRealVector--org.apache.commons.math3.linear.OpenMapRealVector-ebeMultiply-org.apache.commons.math3.linear.RealVector-- -sampler-include-method=-org.apache.commons.math3.util.OpenIntToDoubleHashMap--boolean-containsKey-int-- -sampler-include-method=-org.apache.commons.math3.util.OpenIntToDoubleHashMap--void--init--org.apache.commons.math3.util.OpenIntToDoubleHashMap-- -sampler-include-method=-org.apache.commons.math3.util.OpenIntToDoubleHashMap-Iterator--int-key--- -sampler-include-method=-org.apache.commons.math3.linear.RealVector--void-checkVectorDimensions-int-- -sampler-include-method=-org.apache.commons.math3.util.OpenIntToDoubleHashMap--int-changeIndexSign-int-- -sampler-include-method=-org.apache.commons.math3.util.OpenIntToDoubleHashMap-Iterator--boolean-hasNext--- -sampler-include-method=-org.apache.commons.math3.util.OpenIntToDoubleHashMap-Iterator--void--init--org.apache.commons.math3.util.OpenIntToDoubleHashMap-- -sampler-include-method=-org.apache.commons.math3.util.OpenIntToDoubleHashMap-Iterator--double-value--- -sampler-include-method=-org.apache.commons.math3.util.OpenIntToDoubleHashMap-Iterator--void-advance--- -sampler-include-method=-org.apache.commons.math3.linear.OpenMapRealVector--void-setEntry-int,double-- -sampler-include-method=-org.apache.commons.math3.util.OpenIntToDoubleHashMap--boolean-containsKey-int,int-- -sampler-include-method=-org.apache.commons.math3.util.OpenIntToDoubleHashMap--double-get-int-- -sampler-include-method=-org.apache.commons.math3.linear.OpenMapRealVector--double-getEntry-int-- -sampler-include-method=-org.apache.commons.math3.linear.RealVector--void-checkIndex-int-- -sampler-include-method=-org.apache.commons.math3.util.OpenIntToDoubleHashMap--int-findInsertionIndex-int-- -sampler-include-method=-org.apache.commons.math3.util.OpenIntToDoubleHashMap--boolean-shouldGrowTable--- -sampler-include-method=-org.apache.commons.math3.util.OpenIntToDoubleHashMap--double-put-int,double-- -sampler-include-method=-org.apache.commons.math3.util.OpenIntToDoubleHashMap--int-hashOf-int-- -sampler-include-method=-org.apache.commons.math3.util.OpenIntToDoubleHashMap--int-findInsertionIndex-int[],byte[],int,int-- -sampler-include-method=-org.apache.commons.math3.linear.OpenMapRealVector--void--init--double[],double-- -sampler-include-method=-org.apache.commons.math3.util.OpenIntToDoubleHashMap--void--init--int,double-- -sampler-include-method=-org.apache.commons.math3.linear.OpenMapRealVector--boolean-isDefaultValue-double-- -sampler-include-method=-org.apache.commons.math3.util.FastMath--double-abs-double-- -sampler-include-method=-org.apache.commons.math3.util.OpenIntToDoubleHashMap--int-computeCapacity-int-- -sampler-include-method=-org.apache.commons.math3.util.FastMath--double-ceil-double-- -sampler-include-method=-org.apache.commons.math3.util.FastMath--double-floor-double--
3,29,5,prune_s.profile.number,439
3,29,5,prune_s.profile.time,17596
3,29,5,prune_s.profile.size,336
3,29,5,prune.profile.number,450
3,29,5,prune.profile.time,16237
3,29,5,prune.profile.size,336
3,29,5,prune.preprocess.size,2262336
3,29,5,prune.preprocess.time,3996
3,29,5,prune.preprocess.number,535
3,29,5,prune.preprocess.time_p,3254.0
3,29,5,prune.mine.size,37872
3,29,5,prune.mine.time,627
3,29,5,end
