2,13,10,start
2,13,10,raw.profile.time,43464
2,13,10,coarse-grained.profile.time,245220
2,13,10,coarse-grained.profile.number,7368
2,13,10,coarse-grained.profile.size,43156
2,13,10,fine-grained.profile.time,2460775
2,13,10,fine-grained.profile.size,1171912
2,13,10,fine-grained.profile.number,98446
2,13,10,fine-grained.preprocess.size,44184304
2,13,10,fine-grained.preprocess.time,297412
2,13,10,fine-grained.preprocess.number,966
2,13,10,fine-grained.preprocess.time_p,294454.0
2,13,10,fine-grained.mine.size,47600
2,13,10,fine-grained.mine.time,202
2,13,10,boost.includes,-sampler-include-method=-org.jfree.chart.block.BorderArrangement--org.jfree.chart.util.Size2D-arrangeFN-org.jfree.chart.block.BlockContainer,java.awt.Graphics2D,double--
2,13,10,boost.profile.number,141
2,13,10,boost.profile.time,41912
2,13,10,boost.profile.size,7436
2,13,10,boost.preprocess.size,2297360
2,13,10,boost.preprocess.time,4155
2,13,10,boost.preprocess.number,256
2,13,10,boost.preprocess.time_p,3328.0
2,13,10,boost.mine.size,23104
2,13,10,boost.mine.time,66
2,13,10,prune.theta,0.006856
2,13,10,prune.includes,
2,13,10,prune.includes_diff,
2,13,10,end
