derby,5_8,5,start
derby,5_8,5,fine-grained.preprocess.size,1752788
derby,5_8,5,fine-grained.preprocess.time,39034
derby,5_8,5,fine-grained.preprocess.number,102 
derby,5_8,5,fine-grained.preprocess.time_p,38421.0
derby,5_8,5,fine-grained.mine.size,5844
derby,5_8,5,fine-grained.mine.time,4492
derby,5_8,5,boost,0.05
derby,5_8,5,boost.functions.count,22
derby,5_8,5,boost.includes,-sampler-include-method=-org.apache.derbyTesting.functionTests.harness.CopySuppFiles--void-copyFiles-java.io.File,java.lang.String-- -sampler-include-method=-org.apache.derbyTesting.functionTests.harness.CurrentTime--java.lang.String-getTime--- -sampler-include-method=-org.apache.derbyTesting.functionTests.harness.JavaVersionHolder--boolean-atLeast-int,int-- -sampler-include-method=-org.apache.derbyTesting.functionTests.harness.JavaVersionHolder--void--init--java.lang.String-- -sampler-include-method=-org.apache.derbyTesting.functionTests.harness.NetServer--boolean-isJCCConnection-java.lang.String-- -sampler-include-method=-org.apache.derbyTesting.functionTests.harness.NetServer--java.lang.String-getDriverName-java.lang.String-- -sampler-include-method=-org.apache.derbyTesting.functionTests.harness.RunTest--boolean-verifyFramework-java.lang.String-- -sampler-include-method=-org.apache.derbyTesting.functionTests.harness.RunTest--java.lang.String-createPropString--- -sampler-include-method=-org.apache.derbyTesting.functionTests.harness.RunTest--org.apache.derbyTesting.functionTests.harness.JavaVersionHolder-getProperties-java.util.Properties-- -sampler-include-method=-org.apache.derbyTesting.functionTests.harness.RunTest--void-cleanupBaseDir-java.io.File-- -sampler-include-method=-org.apache.derbyTesting.functionTests.harness.RunTest--void-deleteFile-java.io.File-- -sampler-include-method=-org.apache.derbyTesting.functionTests.harness.RunTest--void-doCleanup-java.lang.String-- -sampler-include-method=-org.apache.derbyTesting.functionTests.harness.RunTest--void-encryptionProtocol-java.util.Properties-- -sampler-include-method=-org.apache.derbyTesting.functionTests.harness.RunTest--void-main-java.lang.String[]-- -sampler-include-method=-org.apache.derbyTesting.functionTests.harness.RunTest--void-mergeProps-java.util.Properties,java.util.Properties-- -sampler-include-method=-org.apache.derbyTesting.functionTests.harness.RunTest--void-setDirectories-java.lang.String,java.util.Properties-- -sampler-include-method=-org.apache.derbyTesting.functionTests.harness.RunTest--void-testRun-java.lang.String,java.util.Properties-- -sampler-include-method=-org.apache.derbyTesting.functionTests.harness.RunTest--void-verifyTestType--- -sampler-include-method=-org.apache.derbyTesting.functionTests.harness.SkipTest--boolean-skipIt-java.lang.String,java.lang.String-- -sampler-include-method=-org.apache.derbyTesting.functionTests.harness.SpecialFlags--void-parse-java.lang.String,java.util.Properties,java.util.Properties-- -sampler-include-method=-org.apache.derbyTesting.functionTests.util.TestUtil--java.lang.String-getHostName--- -sampler-include-method=-org.apache.derbyTesting.functionTests.util.TestUtil--void--clinit----
derby,5_8,5,boost.preprocess.size,159060
derby,5_8,5,boost.preprocess.time,1100
derby,5_8,5,boost.preprocess.number,102 
derby,5_8,5,boost.preprocess.time_p,860.0
derby,5_8,5,boost.mine.size,5872
derby,5_8,5,boost.mine.time,2128
derby,5_8,5,theta,0.085764
derby,5_8,5,prune.functions.count,21
derby,5_8,5,prune.includes,-sampler-include-method=-org.apache.derbyTesting.functionTests.harness.CurrentTime--java.lang.String-getTime--- -sampler-include-method=-org.apache.derbyTesting.functionTests.harness.JavaVersionHolder--boolean-atLeast-int,int-- -sampler-include-method=-org.apache.derbyTesting.functionTests.harness.JavaVersionHolder--void--init--java.lang.String-- -sampler-include-method=-org.apache.derbyTesting.functionTests.harness.NetServer--boolean-isJCCConnection-java.lang.String-- -sampler-include-method=-org.apache.derbyTesting.functionTests.harness.NetServer--java.lang.String-getDriverName-java.lang.String-- -sampler-include-method=-org.apache.derbyTesting.functionTests.harness.RunTest--boolean-verifyFramework-java.lang.String-- -sampler-include-method=-org.apache.derbyTesting.functionTests.harness.RunTest--java.lang.String-createPropString--- -sampler-include-method=-org.apache.derbyTesting.functionTests.harness.RunTest--org.apache.derbyTesting.functionTests.harness.JavaVersionHolder-getProperties-java.util.Properties-- -sampler-include-method=-org.apache.derbyTesting.functionTests.harness.RunTest--void-cleanupBaseDir-java.io.File-- -sampler-include-method=-org.apache.derbyTesting.functionTests.harness.RunTest--void-deleteFile-java.io.File-- -sampler-include-method=-org.apache.derbyTesting.functionTests.harness.RunTest--void-doCleanup-java.lang.String-- -sampler-include-method=-org.apache.derbyTesting.functionTests.harness.RunTest--void-encryptionProtocol-java.util.Properties-- -sampler-include-method=-org.apache.derbyTesting.functionTests.harness.RunTest--void-main-java.lang.String[]-- -sampler-include-method=-org.apache.derbyTesting.functionTests.harness.RunTest--void-mergeProps-java.util.Properties,java.util.Properties-- -sampler-include-method=-org.apache.derbyTesting.functionTests.harness.RunTest--void-setDirectories-java.lang.String,java.util.Properties-- -sampler-include-method=-org.apache.derbyTesting.functionTests.harness.RunTest--void-testRun-java.lang.String,java.util.Properties-- -sampler-include-method=-org.apache.derbyTesting.functionTests.harness.RunTest--void-verifyTestType--- -sampler-include-method=-org.apache.derbyTesting.functionTests.harness.SkipTest--boolean-skipIt-java.lang.String,java.lang.String-- -sampler-include-method=-org.apache.derbyTesting.functionTests.harness.SpecialFlags--void-parse-java.lang.String,java.util.Properties,java.util.Properties-- -sampler-include-method=-org.apache.derbyTesting.functionTests.util.TestUtil--java.lang.String-getHostName--- -sampler-include-method=-org.apache.derbyTesting.functionTests.util.TestUtil--void--clinit----
derby,5_8,5,prune.preprocess.size,158896
derby,5_8,5,prune.preprocess.time,1425
derby,5_8,5,prune.preprocess.number,101 
derby,5_8,5,prune.preprocess.time_p,1101.0
derby,5_8,5,prune.mine.size,5836
derby,5_8,5,prune.mine.time,3887
derby,5_8,5,boost.profile.time,4644030
derby,5_8,5,boost.profile.size,1319
# /home/sunzzq2/Data/IResearch/Automated_Bug_Isolation/Twopass_heavy/Subjects/derby/versions/v5/subv8/boost/output.sites
derby,5_8,5,boost.profile.number,3400
derby,5_8,5,prune.profile.time,4279052
derby,5_8,5,prune.profile.size,1271
# /home/sunzzq2/Data/IResearch/Automated_Bug_Isolation/Twopass_heavy/Subjects/derby/versions/v5/subv8/prune/output.sites
derby,5_8,5,prune.profile.number,3260
derby,5_8,5,prune-minus-boost.profile.time,0
derby,5_8,5,prune-minus-boost.profile.size,4
# /home/sunzzq2/Data/IResearch/Automated_Bug_Isolation/Twopass_heavy/Subjects/derby/versions/v5/subv8/prune-minus-boost/output.sites
derby,5_8,5,prune-minus-boost.profile.number,1389978
derby,5_8,5,fine-grained.preprocess.size,1752968
derby,5_8,5,fine-grained.preprocess.time,38625
derby,5_8,5,fine-grained.preprocess.number,102 
derby,5_8,5,fine-grained.preprocess.time_p,38102.0
derby,5_8,5,fine-grained.mine.size,5856
derby,5_8,5,fine-grained.mine.time,2142
derby,5_8,5,boost,0.05
derby,5_8,5,boost.functions.count,22
derby,5_8,5,boost.includes,-sampler-include-method=-org.apache.derbyTesting.functionTests.harness.CopySuppFiles--void-copyFiles-java.io.File,java.lang.String-- -sampler-include-method=-org.apache.derbyTesting.functionTests.harness.CurrentTime--java.lang.String-getTime--- -sampler-include-method=-org.apache.derbyTesting.functionTests.harness.JavaVersionHolder--boolean-atLeast-int,int-- -sampler-include-method=-org.apache.derbyTesting.functionTests.harness.JavaVersionHolder--void--init--java.lang.String-- -sampler-include-method=-org.apache.derbyTesting.functionTests.harness.NetServer--boolean-isJCCConnection-java.lang.String-- -sampler-include-method=-org.apache.derbyTesting.functionTests.harness.NetServer--java.lang.String-getDriverName-java.lang.String-- -sampler-include-method=-org.apache.derbyTesting.functionTests.harness.RunTest--boolean-verifyFramework-java.lang.String-- -sampler-include-method=-org.apache.derbyTesting.functionTests.harness.RunTest--java.lang.String-createPropString--- -sampler-include-method=-org.apache.derbyTesting.functionTests.harness.RunTest--org.apache.derbyTesting.functionTests.harness.JavaVersionHolder-getProperties-java.util.Properties-- -sampler-include-method=-org.apache.derbyTesting.functionTests.harness.RunTest--void-cleanupBaseDir-java.io.File-- -sampler-include-method=-org.apache.derbyTesting.functionTests.harness.RunTest--void-deleteFile-java.io.File-- -sampler-include-method=-org.apache.derbyTesting.functionTests.harness.RunTest--void-doCleanup-java.lang.String-- -sampler-include-method=-org.apache.derbyTesting.functionTests.harness.RunTest--void-encryptionProtocol-java.util.Properties-- -sampler-include-method=-org.apache.derbyTesting.functionTests.harness.RunTest--void-main-java.lang.String[]-- -sampler-include-method=-org.apache.derbyTesting.functionTests.harness.RunTest--void-mergeProps-java.util.Properties,java.util.Properties-- -sampler-include-method=-org.apache.derbyTesting.functionTests.harness.RunTest--void-setDirectories-java.lang.String,java.util.Properties-- -sampler-include-method=-org.apache.derbyTesting.functionTests.harness.RunTest--void-testRun-java.lang.String,java.util.Properties-- -sampler-include-method=-org.apache.derbyTesting.functionTests.harness.RunTest--void-verifyTestType--- -sampler-include-method=-org.apache.derbyTesting.functionTests.harness.SkipTest--boolean-skipIt-java.lang.String,java.lang.String-- -sampler-include-method=-org.apache.derbyTesting.functionTests.harness.SpecialFlags--void-parse-java.lang.String,java.util.Properties,java.util.Properties-- -sampler-include-method=-org.apache.derbyTesting.functionTests.util.TestUtil--java.lang.String-getHostName--- -sampler-include-method=-org.apache.derbyTesting.functionTests.util.TestUtil--void--clinit----
derby,5_8,5,boost.preprocess.size,158084
derby,5_8,5,boost.preprocess.time,1297
derby,5_8,5,boost.preprocess.number,102 
derby,5_8,5,boost.preprocess.time_p,1111.0
derby,5_8,5,boost.mine.size,5836
derby,5_8,5,boost.mine.time,2397
derby,5_8,5,theta,0.085764
derby,5_8,5,prune.functions.count,21
derby,5_8,5,prune.includes,-sampler-include-method=-org.apache.derbyTesting.functionTests.harness.CurrentTime--java.lang.String-getTime--- -sampler-include-method=-org.apache.derbyTesting.functionTests.harness.JavaVersionHolder--boolean-atLeast-int,int-- -sampler-include-method=-org.apache.derbyTesting.functionTests.harness.JavaVersionHolder--void--init--java.lang.String-- -sampler-include-method=-org.apache.derbyTesting.functionTests.harness.NetServer--boolean-isJCCConnection-java.lang.String-- -sampler-include-method=-org.apache.derbyTesting.functionTests.harness.NetServer--java.lang.String-getDriverName-java.lang.String-- -sampler-include-method=-org.apache.derbyTesting.functionTests.harness.RunTest--boolean-verifyFramework-java.lang.String-- -sampler-include-method=-org.apache.derbyTesting.functionTests.harness.RunTest--java.lang.String-createPropString--- -sampler-include-method=-org.apache.derbyTesting.functionTests.harness.RunTest--org.apache.derbyTesting.functionTests.harness.JavaVersionHolder-getProperties-java.util.Properties-- -sampler-include-method=-org.apache.derbyTesting.functionTests.harness.RunTest--void-cleanupBaseDir-java.io.File-- -sampler-include-method=-org.apache.derbyTesting.functionTests.harness.RunTest--void-deleteFile-java.io.File-- -sampler-include-method=-org.apache.derbyTesting.functionTests.harness.RunTest--void-doCleanup-java.lang.String-- -sampler-include-method=-org.apache.derbyTesting.functionTests.harness.RunTest--void-encryptionProtocol-java.util.Properties-- -sampler-include-method=-org.apache.derbyTesting.functionTests.harness.RunTest--void-main-java.lang.String[]-- -sampler-include-method=-org.apache.derbyTesting.functionTests.harness.RunTest--void-mergeProps-java.util.Properties,java.util.Properties-- -sampler-include-method=-org.apache.derbyTesting.functionTests.harness.RunTest--void-setDirectories-java.lang.String,java.util.Properties-- -sampler-include-method=-org.apache.derbyTesting.functionTests.harness.RunTest--void-testRun-java.lang.String,java.util.Properties-- -sampler-include-method=-org.apache.derbyTesting.functionTests.harness.RunTest--void-verifyTestType--- -sampler-include-method=-org.apache.derbyTesting.functionTests.harness.SkipTest--boolean-skipIt-java.lang.String,java.lang.String-- -sampler-include-method=-org.apache.derbyTesting.functionTests.harness.SpecialFlags--void-parse-java.lang.String,java.util.Properties,java.util.Properties-- -sampler-include-method=-org.apache.derbyTesting.functionTests.util.TestUtil--java.lang.String-getHostName--- -sampler-include-method=-org.apache.derbyTesting.functionTests.util.TestUtil--void--clinit----
derby,5_8,5,prune.preprocess.size,158672
derby,5_8,5,prune.preprocess.time,1011
derby,5_8,5,prune.preprocess.number,101 
derby,5_8,5,prune.preprocess.time_p,854.0
derby,5_8,5,prune.mine.size,5792
derby,5_8,5,prune.mine.time,2327
derby,5_8,5,boost.profile.time,5305316
derby,5_8,5,boost.profile.size,1319
# /home/sunzzq2/Data/IResearch/Automated_Bug_Isolation/Twopass_heavy/Subjects/derby/versions/v5/subv8/boost/output.sites
derby,5_8,5,boost.profile.number,3400
derby,5_8,5,prune.profile.time,4355171
derby,5_8,5,prune.profile.size,1271
# /home/sunzzq2/Data/IResearch/Automated_Bug_Isolation/Twopass_heavy/Subjects/derby/versions/v5/subv8/prune/output.sites
derby,5_8,5,prune.profile.number,3260
derby,5_8,5,prune-minus-boost.profile.time,0
derby,5_8,5,prune-minus-boost.profile.size,4
# /home/sunzzq2/Data/IResearch/Automated_Bug_Isolation/Twopass_heavy/Subjects/derby/versions/v5/subv8/prune-minus-boost/output.sites
derby,5_8,5,prune-minus-boost.profile.number,1389978
derby,5_8,5,end
