space,12_-,1,start
space,12_-,1,coarse-grained.profile.time,8845
space,12_-,1,coarse-grained.profile.size,524
# /home/sunzzq2/Data/IResearch/Automated_Bug_Isolation/Twopass_heavy/Subjects/space/versions/v12/v12_c.sites
space,12_-,1,coarse-grained.profile.number,136
space,12_-,1,fine-grained.profile.time,73605
space,12_-,1,fine-grained.profile.size,567274
# /home/sunzzq2/Data/IResearch/Automated_Bug_Isolation/Twopass_heavy/Subjects/space/versions/v12/v12_f.sites
space,12_-,1,fine-grained.profile.number,459134
space,12_-,1,fine-grained.preprocess.size,1934348
space,12_-,1,fine-grained.preprocess.time,90142
space,12_-,1,fine-grained.preprocess.number,5185 
space,12_-,1,fine-grained.preprocess.time_p,89944.0
space,12_-,1,fine-grained.mine.size,5832
space,12_-,1,fine-grained.mine.time,111673
space,12_-,1,boost,0.05
space,12_-,1,boost.functions.count,10
space,12_-,1,boost.includes,-sampler-include-method=angclaus -sampler-include-method=angstep -sampler-include-method=extsize -sampler-include-method=grwrite -sampler-include-method=sgrampun -sampler-include-method=sgrphaun -sampler-include-method=sgrrot -sampler-include-method=simpol -sampler-include-method=trigrdef -sampler-include-method=versdef
space,12_-,1,boost.preprocess.size,569948
space,12_-,1,boost.preprocess.time,1624
space,12_-,1,boost.preprocess.number,303 
space,12_-,1,boost.preprocess.time_p,1509.0
space,12_-,1,boost.mine.size,5780
space,12_-,1,boost.mine.time,2924
space,12_-,1,theta,0.098959
space,12_-,1,prune.functions.count,69
space,12_-,1,prune.includes,-sampler-include-method=Get1Real -sampler-include-method=GetInt -sampler-include-method=GetKeyword -sampler-include-method=GetReal -sampler-include-method=GetUName -sampler-include-method=InKWords -sampler-include-method=InUNames -sampler-include-method=InserUN -sampler-include-method=TapeGet -sampler-include-method=adddef -sampler-include-method=addscan -sampler-include-method=adremdef -sampler-include-method=ampunit -sampler-include-method=ampval -sampler-include-method=angclaus -sampler-include-method=angstep -sampler-include-method=angunit -sampler-include-method=angval -sampler-include-method=circspec -sampler-include-method=doubstep -sampler-include-method=elemdef -sampler-include-method=emsginit -sampler-include-method=extsize -sampler-include-method=fixgramp -sampler-include-method=fixgrpha -sampler-include-method=fixport -sampler-include-method=fixselem -sampler-include-method=fixsgrel -sampler-include-method=fixsgrid -sampler-include-method=floatsup -sampler-include-method=geomspec -sampler-include-method=grampexc -sampler-include-method=greldef -sampler-include-method=grexcdef -sampler-include-method=grgeodef -sampler-include-method=griddef1 -sampler-include-method=groupdef -sampler-include-method=grphaexc -sampler-include-method=grwrite -sampler-include-method=hexgrdef -sampler-include-method=isletter -sampler-include-method=kwdsinit -sampler-include-method=lenunit -sampler-include-method=main -sampler-include-method=moseinit -sampler-include-method=nodecoor -sampler-include-method=nodedef -sampler-include-method=nomefile -sampler-include-method=polspec -sampler-include-method=portspec -sampler-include-method=prnfile -sampler-include-method=readfil3 -sampler-include-method=recgrdef -sampler-include-method=recspec -sampler-include-method=remdef -sampler-include-method=sgrampun -sampler-include-method=sgrphaun -sampler-include-method=sgrrot -sampler-include-method=simamp -sampler-include-method=simgroup -sampler-include-method=simpha -sampler-include-method=simpol -sampler-include-method=sinelem -sampler-include-method=squgrdef -sampler-include-method=trigrdef -sampler-include-method=unaminit -sampler-include-method=unifamp -sampler-include-method=unifpha -sampler-include-method=versdef
space,12_-,1,prune.preprocess.size,1723208
space,12_-,1,prune.preprocess.time,55431
space,12_-,1,prune.preprocess.number,4272 
space,12_-,1,prune.preprocess.time_p,55250.0
space,12_-,1,prune.mine.size,5844
space,12_-,1,prune.mine.time,72996
space,12_-,1,boost.profile.time,8882
space,12_-,1,boost.profile.size,7059
# /home/sunzzq2/Data/IResearch/Automated_Bug_Isolation/Twopass_heavy/Subjects/space/versions/v12/v12_b.sites
space,12_-,1,boost.profile.number,5372
space,12_-,1,prune.profile.time,44173
space,12_-,1,prune.profile.size,268819
# /home/sunzzq2/Data/IResearch/Automated_Bug_Isolation/Twopass_heavy/Subjects/space/versions/v12/v12_p.sites
space,12_-,1,prune.profile.number,215028
space,12_-,1,prune-minus-boost.profile.time,42159
space,12_-,1,prune-minus-boost.profile.size,241374
# /home/sunzzq2/Data/IResearch/Automated_Bug_Isolation/Twopass_heavy/Subjects/space/versions/v12/v12_pmb.sites
space,12_-,1,prune-minus-boost.profile.number,192652
space,12_-,1,end
