apache-ant,8_1,10,start
apache-ant,8_1,10,fine-grained.preprocess.size,1413624
apache-ant,8_1,10,fine-grained.preprocess.time,5997
apache-ant,8_1,10,fine-grained.preprocess.number,1264 
apache-ant,8_1,10,fine-grained.preprocess.time_p,5801.0
apache-ant,8_1,10,fine-grained.mine.size,5824
apache-ant,8_1,10,fine-grained.mine.time,1553
apache-ant,8_1,10,boost,0.05
apache-ant,8_1,10,boost.functions.count,261
apache-ant,8_1,10,boost.includes,-sampler-include-method=-org.apache.tools.ant.AntClassLoader--java.lang.Class-forceLoadClass-java.lang.String-- -sampler-include-method=-org.apache.tools.ant.AntClassLoader--void-resetThreadContextLoader--- -sampler-include-method=-org.apache.tools.ant.AntClassLoader--void-setThreadContextLoader--- -sampler-include-method=-org.apache.tools.ant.AntTypeDefinition--java.lang.Class-getTypeClass-org.apache.tools.ant.Project-- -sampler-include-method=-org.apache.tools.ant.AntTypeDefinition--java.lang.Object-createAndSet-org.apache.tools.ant.Project,java.lang.Class-- -sampler-include-method=-org.apache.tools.ant.AntTypeDefinition--java.lang.Object-icreate-org.apache.tools.ant.Project-- -sampler-include-method=-org.apache.tools.ant.BuildFileTest--void-assertLogContaining-java.lang.String-- -sampler-include-method=-org.apache.tools.ant.BuildFileTest--void-expectBuildExceptionContaining-java.lang.String,java.lang.String,java.lang.String-- -sampler-include-method=-org.apache.tools.ant.BuildFileTest-AntTestListener--void-messageLogged-org.apache.tools.ant.BuildEvent-- -sampler-include-method=-org.apache.tools.ant.ComponentHelper--java.lang.Object-createComponent-java.lang.String-- -sampler-include-method=-org.apache.tools.ant.ComponentHelper--java.lang.Object-createComponent-org.apache.tools.ant.UnknownElement,java.lang.String,java.lang.String-- -sampler-include-method=-org.apache.tools.ant.ComponentHelper--java.lang.String-getElementName-java.lang.Object-- -sampler-include-method=-org.apache.tools.ant.ComponentHelper--org.apache.tools.ant.ComponentHelper-getComponentHelper-org.apache.tools.ant.Project-- -sampler-include-method=-org.apache.tools.ant.ComponentHelper--void-addCreatedTask-java.lang.String,org.apache.tools.ant.Task-- -sampler-include-method=-org.apache.tools.ant.ComponentHelper--void-checkNamespace-java.lang.String-- -sampler-include-method=-org.apache.tools.ant.ComponentHelper--void-initTasks--- -sampler-include-method=-org.apache.tools.ant.ComponentHelper--void-initTypes--- -sampler-include-method=-org.apache.tools.ant.DirectoryScanner--boolean-addDefaultExclude-java.lang.String-- -sampler-include-method=-org.apache.tools.ant.DirectoryScanner--boolean-removeDefaultExclude-java.lang.String-- -sampler-include-method=-org.apache.tools.ant.IntrospectionHelper--boolean-isHiddenSetMethod-java.lang.String,java.lang.Class-- -sampler-include-method=-org.apache.tools.ant.IntrospectionHelper--boolean-supportsNestedElement-java.lang.String-- -sampler-include-method=-org.apache.tools.ant.IntrospectionHelper--java.lang.String-getPropertyName-java.lang.String,java.lang.String-- -sampler-include-method=-org.apache.tools.ant.IntrospectionHelper--org.apache.tools.ant.IntrospectionHelper-AttributeSetter-createAttributeSetter-java.lang.reflect.Method,java.lang.Class,java.lang.String-- -sampler-include-method=-org.apache.tools.ant.IntrospectionHelper--org.apache.tools.ant.IntrospectionHelper-NestedCreator-getNestedCreator-org.apache.tools.ant.Project,java.lang.Object,java.lang.String-- -sampler-include-method=-org.apache.tools.ant.IntrospectionHelper--org.apache.tools.ant.IntrospectionHelper-getHelper-java.lang.Class-- -sampler-include-method=-org.apache.tools.ant.IntrospectionHelper--org.apache.tools.ant.IntrospectionHelper-getHelper-org.apache.tools.ant.Project,java.lang.Class-- -sampler-include-method=-org.apache.tools.ant.IntrospectionHelper--void--clinit---- -sampler-include-method=-org.apache.tools.ant.IntrospectionHelper--void--init--java.lang.Class-- -sampler-include-method=-org.apache.tools.ant.IntrospectionHelper--void-addText-org.apache.tools.ant.Project,java.lang.Object,java.lang.String-- -sampler-include-method=-org.apache.tools.ant.IntrospectionHelper--void-insertAddTypeMethod-java.lang.reflect.Method-- -sampler-include-method=-org.apache.tools.ant.IntrospectionHelper--void-setAttribute-org.apache.tools.ant.Project,java.lang.Object,java.lang.String,java.lang.String-- -sampler-include-method=-org.apache.tools.ant.IntrospectionHelper-3--java.lang.Object-create-org.apache.tools.ant.Project,java.lang.Object,java.lang.Object-- -sampler-include-method=-org.apache.tools.ant.IntrospectionHelper-7--void-set-org.apache.tools.ant.Project,java.lang.Object,java.lang.String-- -sampler-include-method=-org.apache.tools.ant.IntrospectionHelper-Creator--java.lang.Object-create--- -sampler-include-method=-org.apache.tools.ant.IntrospectionHelper-Creator--void-store--- -sampler-include-method=-org.apache.tools.ant.Location--java.lang.String-toString--- -sampler-include-method=-org.apache.tools.ant.Location--void--init--java.lang.String,int,int-- -sampler-include-method=-org.apache.tools.ant.PathTokenizer--boolean-hasMoreTokens--- -sampler-include-method=-org.apache.tools.ant.PathTokenizer--java.lang.String-nextToken--- -sampler-include-method=-org.apache.tools.ant.PathTokenizer--void--init--java.lang.String-- -sampler-include-method=-org.apache.tools.ant.Project--boolean-toBoolean-java.lang.String-- -sampler-include-method=-org.apache.tools.ant.Project--java.util.Vector-topoSort-java.lang.String,java.util.Hashtable-- -sampler-include-method=-org.apache.tools.ant.Project--void-addReference-java.lang.String,java.lang.Object-- -sampler-include-method=-org.apache.tools.ant.Project--void-addTarget-java.lang.String,org.apache.tools.ant.Target-- -sampler-include-method=-org.apache.tools.ant.Project--void-executeTarget-java.lang.String-- -sampler-include-method=-org.apache.tools.ant.Project--void-fireMessageLoggedEvent-org.apache.tools.ant.BuildEvent,java.lang.String,int-- -sampler-include-method=-org.apache.tools.ant.Project--void-fireTargetFinished-org.apache.tools.ant.Target,java.lang.Throwable-- -sampler-include-method=-org.apache.tools.ant.Project--void-fireTargetStarted-org.apache.tools.ant.Target-- -sampler-include-method=-org.apache.tools.ant.Project--void-fireTaskFinished-org.apache.tools.ant.Task,java.lang.Throwable-- -sampler-include-method=-org.apache.tools.ant.Project--void-fireTaskStarted-org.apache.tools.ant.Task-- -sampler-include-method=-org.apache.tools.ant.Project--void-registerThreadTask-java.lang.Thread,org.apache.tools.ant.Task-- -sampler-include-method=-org.apache.tools.ant.Project--void-setBaseDir-java.io.File-- -sampler-include-method=-org.apache.tools.ant.Project--void-setJavaVersionProperty--- -sampler-include-method=-org.apache.tools.ant.Project--void-setProjectReference-java.lang.Object-- -sampler-include-method=-org.apache.tools.ant.Project--void-setSystemProperties--- -sampler-include-method=-org.apache.tools.ant.Project--void-tsort-java.lang.String,java.util.Hashtable,java.util.Hashtable,java.util.Stack,java.util.Vector-- -sampler-include-method=-org.apache.tools.ant.Project-AntRefTable--java.lang.Object-get-java.lang.Object-- -sampler-include-method=-org.apache.tools.ant.ProjectHelper--java.lang.String-genComponentName-java.lang.String,java.lang.String-- -sampler-include-method=-org.apache.tools.ant.ProjectHelper--org.apache.tools.ant.ProjectHelper-getProjectHelper--- -sampler-include-method=-org.apache.tools.ant.ProjectHelper--void-addText-org.apache.tools.ant.Project,java.lang.Object,java.lang.String-- -sampler-include-method=-org.apache.tools.ant.PropertyHelper--boolean-setProperty-java.lang.String,java.lang.String,java.lang.Object,boolean-- -sampler-include-method=-org.apache.tools.ant.PropertyHelper--boolean-setPropertyHook-java.lang.String,java.lang.String,java.lang.Object,boolean,boolean,boolean-- -sampler-include-method=-org.apache.tools.ant.PropertyHelper--java.lang.Object-getProperty-java.lang.String,java.lang.String-- -sampler-include-method=-org.apache.tools.ant.PropertyHelper--java.lang.Object-getPropertyHook-java.lang.String,java.lang.String,boolean-- -sampler-include-method=-org.apache.tools.ant.PropertyHelper--java.lang.String-replaceProperties-java.lang.String,java.lang.String,java.util.Hashtable-- -sampler-include-method=-org.apache.tools.ant.PropertyHelper--org.apache.tools.ant.PropertyHelper-getPropertyHelper-org.apache.tools.ant.Project-- -sampler-include-method=-org.apache.tools.ant.PropertyHelper--void-parsePropertyStringDefault-java.lang.String,java.util.Vector,java.util.Vector-- -sampler-include-method=-org.apache.tools.ant.PropertyHelper--void-setUserProperty-java.lang.String,java.lang.String,java.lang.Object-- -sampler-include-method=-org.apache.tools.ant.RuntimeConfigurable--java.util.Enumeration-getChildren--- -sampler-include-method=-org.apache.tools.ant.RuntimeConfigurable--void--init--java.lang.Object,java.lang.String-- -sampler-include-method=-org.apache.tools.ant.RuntimeConfigurable--void-addChild-org.apache.tools.ant.RuntimeConfigurable-- -sampler-include-method=-org.apache.tools.ant.RuntimeConfigurable--void-addText-char[],int,int-- -sampler-include-method=-org.apache.tools.ant.RuntimeConfigurable--void-maybeConfigure-org.apache.tools.ant.Project,boolean-- -sampler-include-method=-org.apache.tools.ant.RuntimeConfigurable--void-setAttribute-java.lang.String,java.lang.String-- -sampler-include-method=-org.apache.tools.ant.Target--boolean-testIfCondition--- -sampler-include-method=-org.apache.tools.ant.Target--boolean-testUnlessCondition--- -sampler-include-method=-org.apache.tools.ant.Target--java.util.Enumeration-getDependencies--- -sampler-include-method=-org.apache.tools.ant.Target--void-execute--- -sampler-include-method=-org.apache.tools.ant.Target--void-replaceChild-org.apache.tools.ant.Task,org.apache.tools.ant.Task-- -sampler-include-method=-org.apache.tools.ant.Task--void-maybeConfigure--- -sampler-include-method=-org.apache.tools.ant.Task--void-perform--- -sampler-include-method=-org.apache.tools.ant.UnknownElement--boolean-handleChild-org.apache.tools.ant.IntrospectionHelper,java.lang.Object,org.apache.tools.ant.UnknownElement,org.apache.tools.ant.RuntimeConfigurable-- -sampler-include-method=-org.apache.tools.ant.UnknownElement--java.lang.Object-makeObject-org.apache.tools.ant.UnknownElement,org.apache.tools.ant.RuntimeConfigurable-- -sampler-include-method=-org.apache.tools.ant.UnknownElement--java.lang.String-getTaskName--- -sampler-include-method=-org.apache.tools.ant.UnknownElement--void-addChild-org.apache.tools.ant.UnknownElement-- -sampler-include-method=-org.apache.tools.ant.UnknownElement--void-configure-java.lang.Object-- -sampler-include-method=-org.apache.tools.ant.UnknownElement--void-execute--- -sampler-include-method=-org.apache.tools.ant.UnknownElement--void-handleChildren-java.lang.Object,org.apache.tools.ant.RuntimeConfigurable-- -sampler-include-method=-org.apache.tools.ant.UnknownElement--void-setNamespace-java.lang.String-- -sampler-include-method=-org.apache.tools.ant.helper.AntXMLContext--org.apache.tools.ant.RuntimeConfigurable-currentWrapper--- -sampler-include-method=-org.apache.tools.ant.helper.AntXMLContext--void-configureId-java.lang.Object,org.xml.sax.Attributes-- -sampler-include-method=-org.apache.tools.ant.helper.AntXMLContext--void-popWrapper--- -sampler-include-method=-org.apache.tools.ant.helper.ProjectHelper2--void-parse-org.apache.tools.ant.Project,java.lang.Object,org.apache.tools.ant.helper.ProjectHelper2-RootHandler-- -sampler-include-method=-org.apache.tools.ant.helper.ProjectHelper2--void-parse-org.apache.tools.ant.Project,java.lang.Object-- -sampler-include-method=-org.apache.tools.ant.helper.ProjectHelper2-AntHandler--void-characters-char[],int,int,org.apache.tools.ant.helper.AntXMLContext-- -sampler-include-method=-org.apache.tools.ant.helper.ProjectHelper2-ElementHandler--void-onStartElement-java.lang.String,java.lang.String,java.lang.String,org.xml.sax.Attributes,org.apache.tools.ant.helper.AntXMLContext-- -sampler-include-method=-org.apache.tools.ant.helper.ProjectHelper2-MainHandler--org.apache.tools.ant.helper.ProjectHelper2-AntHandler-onStartChild-java.lang.String,java.lang.String,java.lang.String,org.xml.sax.Attributes,org.apache.tools.ant.helper.AntXMLContext-- -sampler-include-method=-org.apache.tools.ant.helper.ProjectHelper2-ProjectHandler--org.apache.tools.ant.helper.ProjectHelper2-AntHandler-onStartChild-java.lang.String,java.lang.String,java.lang.String,org.xml.sax.Attributes,org.apache.tools.ant.helper.AntXMLContext-- -sampler-include-method=-org.apache.tools.ant.helper.ProjectHelper2-ProjectHandler--void-onStartElement-java.lang.String,java.lang.String,java.lang.String,org.xml.sax.Attributes,org.apache.tools.ant.helper.AntXMLContext-- -sampler-include-method=-org.apache.tools.ant.helper.ProjectHelper2-RootHandler--void-endElement-java.lang.String,java.lang.String,java.lang.String-- -sampler-include-method=-org.apache.tools.ant.helper.ProjectHelper2-RootHandler--void-startElement-java.lang.String,java.lang.String,java.lang.String,org.xml.sax.Attributes-- -sampler-include-method=-org.apache.tools.ant.helper.ProjectHelper2-TargetHandler--void-onStartElement-java.lang.String,java.lang.String,java.lang.String,org.xml.sax.Attributes,org.apache.tools.ant.helper.AntXMLContext-- -sampler-include-method=-org.apache.tools.ant.launch.Locator--java.lang.String-fromURI-java.lang.String-- -sampler-include-method=-org.apache.tools.ant.taskdefs.Copy--void-doFileOperations--- -sampler-include-method=-org.apache.tools.ant.taskdefs.Copy--void-execute--- -sampler-include-method=-org.apache.tools.ant.taskdefs.Copy--void-validateAttributes--- -sampler-include-method=-org.apache.tools.ant.taskdefs.DefaultExcludes--void-execute--- -sampler-include-method=-org.apache.tools.ant.taskdefs.DefaultExcludesTest--void-assertEquals-java.lang.String,java.lang.String[],java.lang.String[]-- -sampler-include-method=-org.apache.tools.ant.taskdefs.Delete--boolean-delete-java.io.File-- -sampler-include-method=-org.apache.tools.ant.taskdefs.Delete--void-execute--- -sampler-include-method=-org.apache.tools.ant.taskdefs.Execute--void-spawn--- -sampler-include-method=-org.apache.tools.ant.taskdefs.ExecuteJava--void-execute-org.apache.tools.ant.Project-- -sampler-include-method=-org.apache.tools.ant.taskdefs.ExecuteJava--void-run--- -sampler-include-method=-org.apache.tools.ant.taskdefs.Java--int-executeJava--- -sampler-include-method=-org.apache.tools.ant.taskdefs.Java--int-fork-java.lang.String[]-- -sampler-include-method=-org.apache.tools.ant.taskdefs.Java--org.apache.tools.ant.taskdefs.ExecuteWatchdog-createWatchdog--- -sampler-include-method=-org.apache.tools.ant.taskdefs.Java--org.apache.tools.ant.types.Permissions-createPermissions--- -sampler-include-method=-org.apache.tools.ant.taskdefs.Java--void-execute--- -sampler-include-method=-org.apache.tools.ant.taskdefs.Java--void-maybeSetResultPropertyValue-int-- -sampler-include-method=-org.apache.tools.ant.taskdefs.Java--void-run-org.apache.tools.ant.types.CommandlineJava-- -sampler-include-method=-org.apache.tools.ant.taskdefs.Java--void-setClassname-java.lang.String-- -sampler-include-method=-org.apache.tools.ant.taskdefs.Java--void-setJar-java.io.File-- -sampler-include-method=-org.apache.tools.ant.taskdefs.Java--void-spawn-java.lang.String[]-- -sampler-include-method=-org.apache.tools.ant.taskdefs.JavaTest--void-setUp--- -sampler-include-method=-org.apache.tools.ant.taskdefs.JavaTest--void-testRunFail--- -sampler-include-method=-org.apache.tools.ant.taskdefs.JavaTest--void-testRunFailFoe--- -sampler-include-method=-org.apache.tools.ant.taskdefs.JavaTest--void-testSpawn--- -sampler-include-method=-org.apache.tools.ant.taskdefs.Javac--org.apache.tools.ant.types.Path-createClasspath--- -sampler-include-method=-org.apache.tools.ant.taskdefs.Property--void-addProperty-java.lang.String,java.lang.String-- -sampler-include-method=-org.apache.tools.ant.taskdefs.Property--void-execute--- -sampler-include-method=-org.apache.tools.ant.taskdefs.Property--void-loadFile-java.io.File-- -sampler-include-method=-org.apache.tools.ant.taskdefs.condition.Os--boolean-isName-java.lang.String-- -sampler-include-method=-org.apache.tools.ant.taskdefs.optional.EchoProperties--void-execute--- -sampler-include-method=-org.apache.tools.ant.taskdefs.optional.EchoProperties--void-jdkSaveProperties-java.util.Properties,java.io.OutputStream,java.lang.String-- -sampler-include-method=-org.apache.tools.ant.taskdefs.optional.EchoProperties--void-saveProperties-java.util.Hashtable,java.io.OutputStream-- -sampler-include-method=-org.apache.tools.ant.taskdefs.optional.EchoProperties--void-xmlSaveProperties-java.util.Properties,java.io.OutputStream-- -sampler-include-method=-org.apache.tools.ant.taskdefs.optional.EchoPropertiesTest--java.io.File-createRelativeFile-java.lang.String-- -sampler-include-method=-org.apache.tools.ant.taskdefs.optional.EchoPropertiesTest--java.util.Properties-loadPropFile-java.lang.String-- -sampler-include-method=-org.apache.tools.ant.taskdefs.optional.EchoPropertiesTest--void-assertGoodFile--- -sampler-include-method=-org.apache.tools.ant.taskdefs.optional.EchoPropertiesTest--void-testEchoToGoodFileXml--- -sampler-include-method=-org.apache.tools.ant.taskdefs.optional.depend.AntAnalyzer--void-determineDependencies-java.util.Vector,java.util.Vector-- -sampler-include-method=-org.apache.tools.ant.taskdefs.optional.depend.ClassFile--java.util.Vector-getClassRefs--- -sampler-include-method=-org.apache.tools.ant.taskdefs.optional.depend.ClassFile--void-read-java.io.InputStream-- -sampler-include-method=-org.apache.tools.ant.taskdefs.optional.depend.Depend--int-deleteAffectedFiles-java.lang.String-- -sampler-include-method=-org.apache.tools.ant.taskdefs.optional.depend.Depend--int-deleteAllAffectedFiles--- -sampler-include-method=-org.apache.tools.ant.taskdefs.optional.depend.Depend--java.io.File-findSourceFile-java.lang.String-- -sampler-include-method=-org.apache.tools.ant.taskdefs.optional.depend.Depend--java.util.Hashtable-readCachedDependencies-java.io.File-- -sampler-include-method=-org.apache.tools.ant.taskdefs.optional.depend.Depend--java.util.Vector-getClassFiles-org.apache.tools.ant.types.Path-- -sampler-include-method=-org.apache.tools.ant.taskdefs.optional.depend.Depend--org.apache.tools.ant.types.Path-createClasspath--- -sampler-include-method=-org.apache.tools.ant.taskdefs.optional.depend.Depend--org.apache.tools.ant.types.Path-getCheckClassPath--- -sampler-include-method=-org.apache.tools.ant.taskdefs.optional.depend.Depend--void-addClassFiles-java.util.Vector,java.io.File,java.io.File-- -sampler-include-method=-org.apache.tools.ant.taskdefs.optional.depend.Depend--void-determineDependencies--- -sampler-include-method=-org.apache.tools.ant.taskdefs.optional.depend.Depend--void-determineOutOfDateClasses--- -sampler-include-method=-org.apache.tools.ant.taskdefs.optional.depend.Depend--void-dumpDependencies--- -sampler-include-method=-org.apache.tools.ant.taskdefs.optional.depend.Depend--void-execute--- -sampler-include-method=-org.apache.tools.ant.taskdefs.optional.depend.Depend--void-scanDir-java.io.File,java.lang.String[]-- -sampler-include-method=-org.apache.tools.ant.taskdefs.optional.depend.Depend--void-writeCachedDependencies-java.util.Hashtable-- -sampler-include-method=-org.apache.tools.ant.taskdefs.optional.depend.DependTest--java.util.Hashtable-getResultFiles--- -sampler-include-method=-org.apache.tools.ant.taskdefs.optional.depend.DependTest--void-testClosure--- -sampler-include-method=-org.apache.tools.ant.taskdefs.optional.depend.DependTest--void-testDirect--- -sampler-include-method=-org.apache.tools.ant.taskdefs.optional.depend.DependTest--void-testInner--- -sampler-include-method=-org.apache.tools.ant.taskdefs.optional.depend.DependTest--void-testInnerClosure--- -sampler-include-method=-org.apache.tools.ant.taskdefs.optional.depend.DependTest--void-testInnerInner--- -sampler-include-method=-org.apache.tools.ant.taskdefs.optional.depend.DependTest--void-testNonPublic--- -sampler-include-method=-org.apache.tools.ant.taskdefs.optional.depend.constantpool.ClassCPInfo--void-read-java.io.DataInputStream-- -sampler-include-method=-org.apache.tools.ant.taskdefs.optional.depend.constantpool.ConstantPool--int-addEntry-org.apache.tools.ant.taskdefs.optional.depend.constantpool.ConstantPoolEntry-- -sampler-include-method=-org.apache.tools.ant.taskdefs.optional.depend.constantpool.ConstantPool--int-size--- -sampler-include-method=-org.apache.tools.ant.taskdefs.optional.depend.constantpool.ConstantPool--void-read-java.io.DataInputStream-- -sampler-include-method=-org.apache.tools.ant.taskdefs.optional.depend.constantpool.ConstantPool--void-resolve--- -sampler-include-method=-org.apache.tools.ant.taskdefs.optional.depend.constantpool.ConstantPoolEntry--org.apache.tools.ant.taskdefs.optional.depend.constantpool.ConstantPoolEntry-readEntry-java.io.DataInputStream-- -sampler-include-method=-org.apache.tools.ant.taskdefs.optional.depend.constantpool.FieldRefCPInfo--void-read-java.io.DataInputStream-- -sampler-include-method=-org.apache.tools.ant.taskdefs.optional.depend.constantpool.FieldRefCPInfo--void-resolve-org.apache.tools.ant.taskdefs.optional.depend.constantpool.ConstantPool-- -sampler-include-method=-org.apache.tools.ant.taskdefs.optional.depend.constantpool.MethodRefCPInfo--void-read-java.io.DataInputStream-- -sampler-include-method=-org.apache.tools.ant.taskdefs.optional.depend.constantpool.MethodRefCPInfo--void-resolve-org.apache.tools.ant.taskdefs.optional.depend.constantpool.ConstantPool-- -sampler-include-method=-org.apache.tools.ant.taskdefs.optional.depend.constantpool.NameAndTypeCPInfo--void-read-java.io.DataInputStream-- -sampler-include-method=-org.apache.tools.ant.taskdefs.optional.depend.constantpool.NameAndTypeCPInfo--void-resolve-org.apache.tools.ant.taskdefs.optional.depend.constantpool.ConstantPool-- -sampler-include-method=-org.apache.tools.ant.types.AbstractFileSet--void-appendSelector-org.apache.tools.ant.types.selectors.FileSelector-- -sampler-include-method=-org.apache.tools.ant.types.Commandline--java.lang.String-describeArguments-java.lang.String[],int-- -sampler-include-method=-org.apache.tools.ant.types.Commandline--java.lang.String[]-getArguments--- -sampler-include-method=-org.apache.tools.ant.types.Commandline--org.apache.tools.ant.types.Commandline-Argument-createArgument-boolean-- -sampler-include-method=-org.apache.tools.ant.types.Commandline--void-addArgumentsToList-java.util.ListIterator-- -sampler-include-method=-org.apache.tools.ant.types.CommandlineJava--java.lang.String-getClassname--- -sampler-include-method=-org.apache.tools.ant.types.CommandlineJava--java.lang.String-getJar--- -sampler-include-method=-org.apache.tools.ant.types.CommandlineJava-SysProperties--void-restoreSystem--- -sampler-include-method=-org.apache.tools.ant.types.CommandlineJava-SysProperties--void-setSystem--- -sampler-include-method=-org.apache.tools.ant.types.DataType--boolean-isReference--- -sampler-include-method=-org.apache.tools.ant.types.FilterSet--org.apache.tools.ant.types.FilterSet-getRef--- -sampler-include-method=-org.apache.tools.ant.types.FilterSet--void-addConfiguredFilterSet-org.apache.tools.ant.types.FilterSet-- -sampler-include-method=-org.apache.tools.ant.types.FilterSet--void-addFilter-java.lang.String,java.lang.String-- -sampler-include-method=-org.apache.tools.ant.types.FilterSet--void-setBeginToken-java.lang.String-- -sampler-include-method=-org.apache.tools.ant.types.FilterSet--void-setEndToken-java.lang.String-- -sampler-include-method=-org.apache.tools.ant.types.FilterSetCollection--boolean-hasFilters--- -sampler-include-method=-org.apache.tools.ant.types.FilterSetTest--boolean-compareFiles-java.lang.String,java.lang.String-- -sampler-include-method=-org.apache.tools.ant.types.FilterSetTest--void-test1--- -sampler-include-method=-org.apache.tools.ant.types.FilterSetTest--void-test2--- -sampler-include-method=-org.apache.tools.ant.types.FilterSetTest--void-test3--- -sampler-include-method=-org.apache.tools.ant.types.FilterSetTest--void-testNestedFilterSets--- -sampler-include-method=-org.apache.tools.ant.types.Path--boolean-translateFileSep-java.lang.StringBuffer,int-- -sampler-include-method=-org.apache.tools.ant.types.Path--java.lang.String-resolveFile-org.apache.tools.ant.Project,java.lang.String-- -sampler-include-method=-org.apache.tools.ant.types.Path--java.lang.String[]-translatePath-org.apache.tools.ant.Project,java.lang.String-- -sampler-include-method=-org.apache.tools.ant.types.Path--org.apache.tools.ant.types.Path-PathElement-createPathElement--- -sampler-include-method=-org.apache.tools.ant.types.Path--void-append-org.apache.tools.ant.types.Path-- -sampler-include-method=-org.apache.tools.ant.types.Permissions--void-init--- -sampler-include-method=-org.apache.tools.ant.types.Permissions-MySM--void-checkPermission-java.security.Permission-- -sampler-include-method=-org.apache.tools.ant.types.Permissions-MySM--void-checkRevoked-java.security.Permission-- -sampler-include-method=-org.apache.tools.ant.types.PropertySet--boolean-getDynamic--- -sampler-include-method=-org.apache.tools.ant.types.PropertySet--java.util.Properties-getProperties--- -sampler-include-method=-org.apache.tools.ant.types.PropertySet--org.apache.tools.ant.types.Mapper-getMapper--- -sampler-include-method=-org.apache.tools.ant.types.PropertySet--void-addPropertyNames-java.util.Vector,java.util.Hashtable-- -sampler-include-method=-org.apache.tools.ant.types.PropertySet--void-assertNotReference--- -sampler-include-method=-org.apache.tools.ant.types.PropertySet-PropertyRef--void-assertValid-java.lang.String,java.lang.String-- -sampler-include-method=-org.apache.tools.ant.types.selectors.BaseSelectorTest--java.lang.String-diff-java.lang.String,java.lang.String-- -sampler-include-method=-org.apache.tools.ant.types.selectors.BaseSelectorTest--java.lang.String-resolve-java.lang.String-- -sampler-include-method=-org.apache.tools.ant.types.selectors.ExtendSelector--boolean-isSelected-java.io.File,java.lang.String,java.io.File-- -sampler-include-method=-org.apache.tools.ant.types.selectors.ExtendSelector--void-selectorCreate--- -sampler-include-method=-org.apache.tools.ant.types.selectors.ExtendSelector--void-verifySettings--- -sampler-include-method=-org.apache.tools.ant.types.selectors.ModifiedSelectorTest--void-doScenarioTest-java.lang.String,java.lang.String-- -sampler-include-method=-org.apache.tools.ant.types.selectors.ModifiedSelectorTest--void-doTest-java.util.Comparator-- -sampler-include-method=-org.apache.tools.ant.types.selectors.ModifiedSelectorTest--void-doTest-org.apache.tools.ant.types.selectors.modifiedselector.Algorithm-- -sampler-include-method=-org.apache.tools.ant.types.selectors.ModifiedSelectorTest--void-doTest-org.apache.tools.ant.types.selectors.modifiedselector.Cache-- -sampler-include-method=-org.apache.tools.ant.types.selectors.ModifiedSelectorTest--void-testCreatePropertiesCacheDirect--- -sampler-include-method=-org.apache.tools.ant.types.selectors.ModifiedSelectorTest--void-testCreatePropertiesCacheViaCustomSelector--- -sampler-include-method=-org.apache.tools.ant.types.selectors.ModifiedSelectorTest--void-testCreatePropertiesCacheViaModifiedSelector--- -sampler-include-method=-org.apache.tools.ant.types.selectors.ModifiedSelectorTest--void-testPropcacheInvalid--- -sampler-include-method=-org.apache.tools.ant.types.selectors.ModifiedSelectorTest--void-testPropertyfileCache--- -sampler-include-method=-org.apache.tools.ant.types.selectors.ModifiedSelectorTest--void-testScenario1--- -sampler-include-method=-org.apache.tools.ant.types.selectors.ModifiedSelectorTest--void-testScenario2--- -sampler-include-method=-org.apache.tools.ant.types.selectors.ModifiedSelectorTest--void-testSeldirs--- -sampler-include-method=-org.apache.tools.ant.types.selectors.ModifiedSelectorTest-BFT--void-deletePropertiesfile--- -sampler-include-method=-org.apache.tools.ant.types.selectors.ModifiedSelectorTest-BFT--void-doTarget-java.lang.String-- -sampler-include-method=-org.apache.tools.ant.types.selectors.ModifiedSelectorTest-BFT--void-writeProperties-java.lang.String-- -sampler-include-method=-org.apache.tools.ant.types.selectors.modifiedselector.DigestAlgorithm--java.lang.String-getValue-java.io.File-- -sampler-include-method=-org.apache.tools.ant.types.selectors.modifiedselector.DigestAlgorithm--void-initMessageDigest--- -sampler-include-method=-org.apache.tools.ant.types.selectors.modifiedselector.EqualComparator--int-compare-java.lang.Object,java.lang.Object-- -sampler-include-method=-org.apache.tools.ant.types.selectors.modifiedselector.HashvalueAlgorithm--java.lang.String-getValue-java.io.File-- -sampler-include-method=-org.apache.tools.ant.types.selectors.modifiedselector.ModifiedSelector--boolean-isSelected-java.io.File,java.lang.String,java.io.File-- -sampler-include-method=-org.apache.tools.ant.types.selectors.modifiedselector.ModifiedSelector--void-configure--- -sampler-include-method=-org.apache.tools.ant.types.selectors.modifiedselector.ModifiedSelector--void-setParameters-org.apache.tools.ant.types.Parameter[]-- -sampler-include-method=-org.apache.tools.ant.types.selectors.modifiedselector.ModifiedSelector--void-tryToSetAParameter-java.lang.Object,java.lang.String,java.lang.String-- -sampler-include-method=-org.apache.tools.ant.types.selectors.modifiedselector.ModifiedSelector--void-useParameter-org.apache.tools.ant.types.Parameter-- -sampler-include-method=-org.apache.tools.ant.types.selectors.modifiedselector.ModifiedSelector--void-verifySettings--- -sampler-include-method=-org.apache.tools.ant.types.selectors.modifiedselector.PropertiesfileCache--boolean-isValid--- -sampler-include-method=-org.apache.tools.ant.types.selectors.modifiedselector.PropertiesfileCache--java.lang.Object-get-java.lang.Object-- -sampler-include-method=-org.apache.tools.ant.types.selectors.modifiedselector.PropertiesfileCache--java.util.Iterator-iterator--- -sampler-include-method=-org.apache.tools.ant.types.selectors.modifiedselector.PropertiesfileCache--void-load--- -sampler-include-method=-org.apache.tools.ant.types.selectors.modifiedselector.PropertiesfileCache--void-save--- -sampler-include-method=-org.apache.tools.ant.util.CollectionUtils--void-putAll-java.util.Dictionary,java.util.Dictionary-- -sampler-include-method=-org.apache.tools.ant.util.DOMElementWriter--boolean-isLegalCharacter-char-- -sampler-include-method=-org.apache.tools.ant.util.DOMElementWriter--java.lang.String-encode-java.lang.String-- -sampler-include-method=-org.apache.tools.ant.util.DOMElementWriter--void-write-org.w3c.dom.Element,java.io.Writer,int,java.lang.String-- -sampler-include-method=-org.apache.tools.ant.util.FileUtils--java.io.File-normalize-java.lang.String-- -sampler-include-method=-org.apache.tools.ant.util.FileUtils--java.io.File-resolveFile-java.io.File,java.lang.String-- -sampler-include-method=-org.apache.tools.ant.util.FileUtils--java.lang.String-toURI-java.lang.String-- -sampler-include-method=-org.apache.tools.ant.util.FileUtils--void-copyFile-java.io.File,java.io.File,org.apache.tools.ant.types.FilterSetCollection,java.util.Vector,boolean,boolean,java.lang.String,java.lang.String,org.apache.tools.ant.Project-- -sampler-include-method=-org.apache.tools.ant.util.JAXPUtils--javax.xml.parsers.SAXParserFactory-getNSParserFactory--- -sampler-include-method=-org.apache.tools.ant.util.JavaEnvUtils--boolean-isJavaVersion-java.lang.String-- -sampler-include-method=-org.apache.tools.ant.util.JavaEnvUtils--void--clinit---- -sampler-include-method=-org.apache.tools.ant.util.depend.AbstractAnalyzer--java.io.File-getResourceContainer-java.lang.String,java.lang.String[]-- -sampler-include-method=-org.apache.tools.ant.util.depend.AbstractAnalyzer--java.util.Enumeration-getClassDependencies--- -sampler-include-method=-org.apache.tools.ant.util.depend.AbstractAnalyzer--void-addClassPath-org.apache.tools.ant.types.Path-- -sampler-include-method=-org.apache.tools.ant.util.depend.AbstractAnalyzer--void-addRootClass-java.lang.String--
apache-ant,8_1,10,boost.preprocess.size,551820
apache-ant,8_1,10,boost.preprocess.time,1210
apache-ant,8_1,10,boost.preprocess.number,424 
apache-ant,8_1,10,boost.preprocess.time_p,1062.0
apache-ant,8_1,10,boost.mine.size,5852
apache-ant,8_1,10,boost.mine.time,1400
apache-ant,8_1,10,theta,0.098167
apache-ant,8_1,10,prune.functions.count,137
apache-ant,8_1,10,prune.includes,-sampler-include-method=-junit.textui.TestRunner--junit.framework.TestResult-doRun-junit.framework.Test,boolean-- -sampler-include-method=-junit.textui.TestRunner--junit.framework.TestResult-start-java.lang.String[]-- -sampler-include-method=-junit.textui.TestRunner--void-main-java.lang.String[]-- -sampler-include-method=-junit.textui.TestRunner--void-pause-boolean-- -sampler-include-method=-org.apache.tools.ant.AntTypeDefinition--java.lang.Class-getExposedClass-org.apache.tools.ant.Project-- -sampler-include-method=-org.apache.tools.ant.AntTypeDefinition--java.lang.Class-getTypeClass-org.apache.tools.ant.Project-- -sampler-include-method=-org.apache.tools.ant.AntTypeDefinition--java.lang.Object-createAndSet-org.apache.tools.ant.Project,java.lang.Class-- -sampler-include-method=-org.apache.tools.ant.AntTypeDefinition--java.lang.Object-icreate-org.apache.tools.ant.Project-- -sampler-include-method=-org.apache.tools.ant.BuildFileTest--void-expectBuildExceptionContaining-java.lang.String,java.lang.String,java.lang.String-- -sampler-include-method=-org.apache.tools.ant.BuildFileTest-AntTestListener--void-messageLogged-org.apache.tools.ant.BuildEvent-- -sampler-include-method=-org.apache.tools.ant.ComponentHelper--java.lang.Object-createComponent-java.lang.String-- -sampler-include-method=-org.apache.tools.ant.ComponentHelper--java.lang.Object-createComponent-org.apache.tools.ant.UnknownElement,java.lang.String,java.lang.String-- -sampler-include-method=-org.apache.tools.ant.ComponentHelper--java.lang.String-getElementName-java.lang.Object-- -sampler-include-method=-org.apache.tools.ant.ComponentHelper--org.apache.tools.ant.ComponentHelper-getComponentHelper-org.apache.tools.ant.Project-- -sampler-include-method=-org.apache.tools.ant.ComponentHelper--void-addCreatedTask-java.lang.String,org.apache.tools.ant.Task-- -sampler-include-method=-org.apache.tools.ant.ComponentHelper--void-checkNamespace-java.lang.String-- -sampler-include-method=-org.apache.tools.ant.ComponentHelper--void-initTasks--- -sampler-include-method=-org.apache.tools.ant.ComponentHelper--void-initTypes--- -sampler-include-method=-org.apache.tools.ant.DirectoryScanner--java.lang.String[]-getDefaultExcludes--- -sampler-include-method=-org.apache.tools.ant.DirectoryScanner--void--clinit---- -sampler-include-method=-org.apache.tools.ant.DirectoryScanner--void-resetDefaultExcludes--- -sampler-include-method=-org.apache.tools.ant.IntrospectionHelper--boolean-isHiddenSetMethod-java.lang.String,java.lang.Class-- -sampler-include-method=-org.apache.tools.ant.IntrospectionHelper--boolean-supportsNestedElement-java.lang.String-- -sampler-include-method=-org.apache.tools.ant.IntrospectionHelper--java.lang.String-getPropertyName-java.lang.String,java.lang.String-- -sampler-include-method=-org.apache.tools.ant.IntrospectionHelper--org.apache.tools.ant.IntrospectionHelper-AttributeSetter-createAttributeSetter-java.lang.reflect.Method,java.lang.Class,java.lang.String-- -sampler-include-method=-org.apache.tools.ant.IntrospectionHelper--org.apache.tools.ant.IntrospectionHelper-NestedCreator-getNestedCreator-org.apache.tools.ant.Project,java.lang.Object,java.lang.String-- -sampler-include-method=-org.apache.tools.ant.IntrospectionHelper--org.apache.tools.ant.IntrospectionHelper-getHelper-java.lang.Class-- -sampler-include-method=-org.apache.tools.ant.IntrospectionHelper--org.apache.tools.ant.IntrospectionHelper-getHelper-org.apache.tools.ant.Project,java.lang.Class-- -sampler-include-method=-org.apache.tools.ant.IntrospectionHelper--void--clinit---- -sampler-include-method=-org.apache.tools.ant.IntrospectionHelper--void--init--java.lang.Class-- -sampler-include-method=-org.apache.tools.ant.IntrospectionHelper--void-addText-org.apache.tools.ant.Project,java.lang.Object,java.lang.String-- -sampler-include-method=-org.apache.tools.ant.IntrospectionHelper--void-insertAddTypeMethod-java.lang.reflect.Method-- -sampler-include-method=-org.apache.tools.ant.IntrospectionHelper--void-setAttribute-org.apache.tools.ant.Project,java.lang.Object,java.lang.String,java.lang.String-- -sampler-include-method=-org.apache.tools.ant.IntrospectionHelper-3--java.lang.Object-create-org.apache.tools.ant.Project,java.lang.Object,java.lang.Object-- -sampler-include-method=-org.apache.tools.ant.IntrospectionHelper-7--void-set-org.apache.tools.ant.Project,java.lang.Object,java.lang.String-- -sampler-include-method=-org.apache.tools.ant.IntrospectionHelper-Creator--java.lang.Object-create--- -sampler-include-method=-org.apache.tools.ant.IntrospectionHelper-Creator--void-store--- -sampler-include-method=-org.apache.tools.ant.Location--void--init--java.lang.String,int,int-- -sampler-include-method=-org.apache.tools.ant.PathTokenizer--boolean-hasMoreTokens--- -sampler-include-method=-org.apache.tools.ant.PathTokenizer--java.lang.String-nextToken--- -sampler-include-method=-org.apache.tools.ant.PathTokenizer--void--init--java.lang.String-- -sampler-include-method=-org.apache.tools.ant.Project--boolean-toBoolean-java.lang.String-- -sampler-include-method=-org.apache.tools.ant.Project--java.io.File-getBaseDir--- -sampler-include-method=-org.apache.tools.ant.Project--java.util.Vector-topoSort-java.lang.String,java.util.Hashtable-- -sampler-include-method=-org.apache.tools.ant.Project--void-addReference-java.lang.String,java.lang.Object-- -sampler-include-method=-org.apache.tools.ant.Project--void-addTarget-java.lang.String,org.apache.tools.ant.Target-- -sampler-include-method=-org.apache.tools.ant.Project--void-executeTarget-java.lang.String-- -sampler-include-method=-org.apache.tools.ant.Project--void-fireMessageLoggedEvent-org.apache.tools.ant.BuildEvent,java.lang.String,int-- -sampler-include-method=-org.apache.tools.ant.Project--void-fireTargetFinished-org.apache.tools.ant.Target,java.lang.Throwable-- -sampler-include-method=-org.apache.tools.ant.Project--void-fireTargetStarted-org.apache.tools.ant.Target-- -sampler-include-method=-org.apache.tools.ant.Project--void-fireTaskFinished-org.apache.tools.ant.Task,java.lang.Throwable-- -sampler-include-method=-org.apache.tools.ant.Project--void-fireTaskStarted-org.apache.tools.ant.Task-- -sampler-include-method=-org.apache.tools.ant.Project--void-registerThreadTask-java.lang.Thread,org.apache.tools.ant.Task-- -sampler-include-method=-org.apache.tools.ant.Project--void-setBaseDir-java.io.File-- -sampler-include-method=-org.apache.tools.ant.Project--void-setJavaVersionProperty--- -sampler-include-method=-org.apache.tools.ant.Project--void-setProjectReference-java.lang.Object-- -sampler-include-method=-org.apache.tools.ant.Project--void-setSystemProperties--- -sampler-include-method=-org.apache.tools.ant.Project--void-tsort-java.lang.String,java.util.Hashtable,java.util.Hashtable,java.util.Stack,java.util.Vector-- -sampler-include-method=-org.apache.tools.ant.Project-AntRefTable--java.lang.Object-get-java.lang.Object-- -sampler-include-method=-org.apache.tools.ant.ProjectHelper--java.lang.String-genComponentName-java.lang.String,java.lang.String-- -sampler-include-method=-org.apache.tools.ant.ProjectHelper--org.apache.tools.ant.ProjectHelper-getProjectHelper--- -sampler-include-method=-org.apache.tools.ant.ProjectHelper--void-addText-org.apache.tools.ant.Project,java.lang.Object,java.lang.String-- -sampler-include-method=-org.apache.tools.ant.PropertyHelper--boolean-setProperty-java.lang.String,java.lang.String,java.lang.Object,boolean-- -sampler-include-method=-org.apache.tools.ant.PropertyHelper--boolean-setPropertyHook-java.lang.String,java.lang.String,java.lang.Object,boolean,boolean,boolean-- -sampler-include-method=-org.apache.tools.ant.PropertyHelper--java.lang.Object-getProperty-java.lang.String,java.lang.String-- -sampler-include-method=-org.apache.tools.ant.PropertyHelper--java.lang.Object-getPropertyHook-java.lang.String,java.lang.String,boolean-- -sampler-include-method=-org.apache.tools.ant.PropertyHelper--java.lang.String-replaceProperties-java.lang.String,java.lang.String,java.util.Hashtable-- -sampler-include-method=-org.apache.tools.ant.PropertyHelper--org.apache.tools.ant.PropertyHelper-getPropertyHelper-org.apache.tools.ant.Project-- -sampler-include-method=-org.apache.tools.ant.PropertyHelper--void-parsePropertyStringDefault-java.lang.String,java.util.Vector,java.util.Vector-- -sampler-include-method=-org.apache.tools.ant.PropertyHelper--void-setNewProperty-java.lang.String,java.lang.String,java.lang.Object-- -sampler-include-method=-org.apache.tools.ant.PropertyHelper--void-setUserProperty-java.lang.String,java.lang.String,java.lang.Object-- -sampler-include-method=-org.apache.tools.ant.RuntimeConfigurable--java.util.Enumeration-getChildren--- -sampler-include-method=-org.apache.tools.ant.RuntimeConfigurable--void--init--java.lang.Object,java.lang.String-- -sampler-include-method=-org.apache.tools.ant.RuntimeConfigurable--void-addChild-org.apache.tools.ant.RuntimeConfigurable-- -sampler-include-method=-org.apache.tools.ant.RuntimeConfigurable--void-addText-char[],int,int-- -sampler-include-method=-org.apache.tools.ant.RuntimeConfigurable--void-maybeConfigure-org.apache.tools.ant.Project,boolean-- -sampler-include-method=-org.apache.tools.ant.RuntimeConfigurable--void-setAttribute-java.lang.String,java.lang.String-- -sampler-include-method=-org.apache.tools.ant.Target--boolean-testIfCondition--- -sampler-include-method=-org.apache.tools.ant.Target--boolean-testUnlessCondition--- -sampler-include-method=-org.apache.tools.ant.Target--java.util.Enumeration-getDependencies--- -sampler-include-method=-org.apache.tools.ant.Target--void-addDependency-java.lang.String-- -sampler-include-method=-org.apache.tools.ant.Target--void-execute--- -sampler-include-method=-org.apache.tools.ant.Target--void-replaceChild-org.apache.tools.ant.Task,org.apache.tools.ant.Task-- -sampler-include-method=-org.apache.tools.ant.Target--void-setDepends-java.lang.String-- -sampler-include-method=-org.apache.tools.ant.Task--void-maybeConfigure--- -sampler-include-method=-org.apache.tools.ant.Task--void-perform--- -sampler-include-method=-org.apache.tools.ant.UnknownElement--boolean-handleChild-org.apache.tools.ant.IntrospectionHelper,java.lang.Object,org.apache.tools.ant.UnknownElement,org.apache.tools.ant.RuntimeConfigurable-- -sampler-include-method=-org.apache.tools.ant.UnknownElement--java.lang.Object-makeObject-org.apache.tools.ant.UnknownElement,org.apache.tools.ant.RuntimeConfigurable-- -sampler-include-method=-org.apache.tools.ant.UnknownElement--java.lang.String-getTaskName--- -sampler-include-method=-org.apache.tools.ant.UnknownElement--void-addChild-org.apache.tools.ant.UnknownElement-- -sampler-include-method=-org.apache.tools.ant.UnknownElement--void-configure-java.lang.Object-- -sampler-include-method=-org.apache.tools.ant.UnknownElement--void-execute--- -sampler-include-method=-org.apache.tools.ant.UnknownElement--void-handleChildren-java.lang.Object,org.apache.tools.ant.RuntimeConfigurable-- -sampler-include-method=-org.apache.tools.ant.UnknownElement--void-setNamespace-java.lang.String-- -sampler-include-method=-org.apache.tools.ant.helper.AntXMLContext--org.apache.tools.ant.RuntimeConfigurable-currentWrapper--- -sampler-include-method=-org.apache.tools.ant.helper.AntXMLContext--void-configureId-java.lang.Object,org.xml.sax.Attributes-- -sampler-include-method=-org.apache.tools.ant.helper.AntXMLContext--void-popWrapper--- -sampler-include-method=-org.apache.tools.ant.helper.ProjectHelper2--void-parse-org.apache.tools.ant.Project,java.lang.Object,org.apache.tools.ant.helper.ProjectHelper2-RootHandler-- -sampler-include-method=-org.apache.tools.ant.helper.ProjectHelper2--void-parse-org.apache.tools.ant.Project,java.lang.Object-- -sampler-include-method=-org.apache.tools.ant.helper.ProjectHelper2-AntHandler--void-characters-char[],int,int,org.apache.tools.ant.helper.AntXMLContext-- -sampler-include-method=-org.apache.tools.ant.helper.ProjectHelper2-ElementHandler--void-onStartElement-java.lang.String,java.lang.String,java.lang.String,org.xml.sax.Attributes,org.apache.tools.ant.helper.AntXMLContext-- -sampler-include-method=-org.apache.tools.ant.helper.ProjectHelper2-MainHandler--org.apache.tools.ant.helper.ProjectHelper2-AntHandler-onStartChild-java.lang.String,java.lang.String,java.lang.String,org.xml.sax.Attributes,org.apache.tools.ant.helper.AntXMLContext-- -sampler-include-method=-org.apache.tools.ant.helper.ProjectHelper2-ProjectHandler--org.apache.tools.ant.helper.ProjectHelper2-AntHandler-onStartChild-java.lang.String,java.lang.String,java.lang.String,org.xml.sax.Attributes,org.apache.tools.ant.helper.AntXMLContext-- -sampler-include-method=-org.apache.tools.ant.helper.ProjectHelper2-ProjectHandler--void-onStartElement-java.lang.String,java.lang.String,java.lang.String,org.xml.sax.Attributes,org.apache.tools.ant.helper.AntXMLContext-- -sampler-include-method=-org.apache.tools.ant.helper.ProjectHelper2-RootHandler--void-endElement-java.lang.String,java.lang.String,java.lang.String-- -sampler-include-method=-org.apache.tools.ant.helper.ProjectHelper2-RootHandler--void-startElement-java.lang.String,java.lang.String,java.lang.String,org.xml.sax.Attributes-- -sampler-include-method=-org.apache.tools.ant.helper.ProjectHelper2-TargetHandler--void-onStartElement-java.lang.String,java.lang.String,java.lang.String,org.xml.sax.Attributes,org.apache.tools.ant.helper.AntXMLContext-- -sampler-include-method=-org.apache.tools.ant.launch.Locator--java.lang.String-fromURI-java.lang.String-- -sampler-include-method=-org.apache.tools.ant.taskdefs.Copy--void-doFileOperations--- -sampler-include-method=-org.apache.tools.ant.taskdefs.Copy--void-execute--- -sampler-include-method=-org.apache.tools.ant.taskdefs.Copy--void-validateAttributes--- -sampler-include-method=-org.apache.tools.ant.taskdefs.Delete--boolean-delete-java.io.File-- -sampler-include-method=-org.apache.tools.ant.taskdefs.Delete--void-execute--- -sampler-include-method=-org.apache.tools.ant.taskdefs.Javadoc--void--clinit---- -sampler-include-method=-org.apache.tools.ant.taskdefs.Property--void-addProperty-java.lang.String,java.lang.String-- -sampler-include-method=-org.apache.tools.ant.taskdefs.Property--void-execute--- -sampler-include-method=-org.apache.tools.ant.taskdefs.Zip--void--clinit---- -sampler-include-method=-org.apache.tools.ant.taskdefs.condition.Os--boolean-isFamily-java.lang.String-- -sampler-include-method=-org.apache.tools.ant.taskdefs.condition.Os--boolean-isName-java.lang.String-- -sampler-include-method=-org.apache.tools.ant.taskdefs.condition.Os--boolean-isOs-java.lang.String,java.lang.String,java.lang.String,java.lang.String-- -sampler-include-method=-org.apache.tools.ant.taskdefs.optional.sitraka.CovBase--void--clinit---- -sampler-include-method=-org.apache.tools.ant.types.DataType--boolean-isReference--- -sampler-include-method=-org.apache.tools.ant.types.FilterSetCollection--boolean-hasFilters--- -sampler-include-method=-org.apache.tools.ant.types.Path--boolean-translateFileSep-java.lang.StringBuffer,int-- -sampler-include-method=-org.apache.tools.ant.types.Path--java.lang.String-resolveFile-org.apache.tools.ant.Project,java.lang.String-- -sampler-include-method=-org.apache.tools.ant.types.Path--java.lang.String[]-translatePath-org.apache.tools.ant.Project,java.lang.String-- -sampler-include-method=-org.apache.tools.ant.types.Path--org.apache.tools.ant.types.Path-PathElement-createPathElement--- -sampler-include-method=-org.apache.tools.ant.util.FileUtils--java.io.File-getParentFile-java.io.File-- -sampler-include-method=-org.apache.tools.ant.util.FileUtils--java.io.File-normalize-java.lang.String-- -sampler-include-method=-org.apache.tools.ant.util.FileUtils--java.io.File-resolveFile-java.io.File,java.lang.String-- -sampler-include-method=-org.apache.tools.ant.util.FileUtils--java.lang.String-toURI-java.lang.String-- -sampler-include-method=-org.apache.tools.ant.util.FileUtils--void--clinit---- -sampler-include-method=-org.apache.tools.ant.util.FileUtils--void--init---- -sampler-include-method=-org.apache.tools.ant.util.FileUtils--void-copyFile-java.io.File,java.io.File,org.apache.tools.ant.types.FilterSetCollection,java.util.Vector,boolean,boolean,java.lang.String,java.lang.String,org.apache.tools.ant.Project-- -sampler-include-method=-org.apache.tools.ant.util.JAXPUtils--javax.xml.parsers.SAXParserFactory-getNSParserFactory--- -sampler-include-method=-org.apache.tools.ant.util.JavaEnvUtils--boolean-isJavaVersion-java.lang.String-- -sampler-include-method=-org.apache.tools.ant.util.JavaEnvUtils--void--clinit----
apache-ant,8_1,10,prune.preprocess.size,550796
apache-ant,8_1,10,prune.preprocess.time,1078
apache-ant,8_1,10,prune.preprocess.number,374 
apache-ant,8_1,10,prune.preprocess.time_p,934.0
apache-ant,8_1,10,prune.mine.size,5868
apache-ant,8_1,10,prune.mine.time,1683
apache-ant,8_1,10,boost.profile.time,721958
apache-ant,8_1,10,boost.profile.size,2270
# /home/sunzzq2/Data/IResearch/Automated_Bug_Isolation/Twopass_heavy/Subjects/apache-ant/versions/v8/subv1/boost/output.sites
apache-ant,8_1,10,boost.profile.number,10322
apache-ant,8_1,10,prune.profile.time,724243
apache-ant,8_1,10,prune.profile.size,1794
# /home/sunzzq2/Data/IResearch/Automated_Bug_Isolation/Twopass_heavy/Subjects/apache-ant/versions/v8/subv1/prune/output.sites
apache-ant,8_1,10,prune.profile.number,8360
apache-ant,8_1,10,prune-minus-boost.profile.time,707533
apache-ant,8_1,10,prune-minus-boost.profile.size,613
# /home/sunzzq2/Data/IResearch/Automated_Bug_Isolation/Twopass_heavy/Subjects/apache-ant/versions/v8/subv1/prune-minus-boost/output.sites
apache-ant,8_1,10,prune-minus-boost.profile.number,3108
apache-ant,8_1,10,end
