nanoxml,4_2,5,start
nanoxml,4_2,5,fine-grained.preprocess.size,183308
nanoxml,4_2,5,fine-grained.preprocess.time,722
nanoxml,4_2,5,fine-grained.preprocess.number,164 
nanoxml,4_2,5,fine-grained.preprocess.time_p,603.0
nanoxml,4_2,5,fine-grained.mine.size,5792
nanoxml,4_2,5,fine-grained.mine.time,1518
nanoxml,4_2,5,boost,0.05
nanoxml,4_2,5,boost.functions.count,4
nanoxml,4_2,5,boost.includes,-sampler-include-method=-net.n3.nanoxml.CDATAReader--int-read-char[],int,int-- -sampler-include-method=-net.n3.nanoxml.CDATAReader--void-close--- -sampler-include-method=-net.n3.nanoxml.StdXMLParser--void-processCDATA--- -sampler-include-method=-net.n3.nanoxml.XMLUtil--char-processCharLiteral-java.lang.String--
nanoxml,4_2,5,boost.preprocess.size,45640
nanoxml,4_2,5,boost.preprocess.time,324
nanoxml,4_2,5,boost.preprocess.number,6 
nanoxml,4_2,5,boost.preprocess.time_p,233.0
nanoxml,4_2,5,boost.mine.size,5836
nanoxml,4_2,5,boost.mine.time,1476
nanoxml,4_2,5,theta,0.158267
nanoxml,4_2,5,prune.functions.count,46
nanoxml,4_2,5,prune.includes,-sampler-include-method=-net.n3.nanoxml.CDATAReader--int-read-char[],int,int-- -sampler-include-method=-net.n3.nanoxml.CDATAReader--void-close--- -sampler-include-method=-net.n3.nanoxml.ContentReader--int-read-char[],int,int-- -sampler-include-method=-net.n3.nanoxml.ContentReader--void-close--- -sampler-include-method=-net.n3.nanoxml.NonValidator--void-attributeAdded-java.lang.String,java.lang.String,java.lang.String,int-- -sampler-include-method=-net.n3.nanoxml.NonValidator--void-elementAttributesProcessed-java.lang.String,java.util.Properties,java.lang.String,int-- -sampler-include-method=-net.n3.nanoxml.NonValidator--void-elementStarted-java.lang.String,java.lang.String,int-- -sampler-include-method=-net.n3.nanoxml.StdXMLBuilder--void-addAttribute-java.lang.String,java.lang.String,java.lang.String,java.lang.String,java.lang.String-- -sampler-include-method=-net.n3.nanoxml.StdXMLBuilder--void-addPCData-java.io.Reader,java.lang.String,int-- -sampler-include-method=-net.n3.nanoxml.StdXMLBuilder--void-endElement-java.lang.String,java.lang.String,java.lang.String-- -sampler-include-method=-net.n3.nanoxml.StdXMLBuilder--void-startElement-java.lang.String,java.lang.String,java.lang.String,java.lang.String,int-- -sampler-include-method=-net.n3.nanoxml.StdXMLParser--java.lang.Object-parse--- -sampler-include-method=-net.n3.nanoxml.StdXMLParser--void-processAttribute-java.util.Vector,java.util.Vector,java.util.Vector-- -sampler-include-method=-net.n3.nanoxml.StdXMLParser--void-processCDATA--- -sampler-include-method=-net.n3.nanoxml.StdXMLParser--void-processElement-java.lang.String,java.util.Properties-- -sampler-include-method=-net.n3.nanoxml.StdXMLParser--void-processSpecialTag-boolean-- -sampler-include-method=-net.n3.nanoxml.StdXMLParser--void-scanData--- -sampler-include-method=-net.n3.nanoxml.StdXMLParser--void-scanSomeTag-boolean,java.lang.String,java.util.Properties-- -sampler-include-method=-net.n3.nanoxml.StdXMLReader--boolean-atEOF--- -sampler-include-method=-net.n3.nanoxml.StdXMLReader--char-read--- -sampler-include-method=-net.n3.nanoxml.StdXMLReader--int-getLineNr--- -sampler-include-method=-net.n3.nanoxml.StdXMLReader--int-getStreamLevel--- -sampler-include-method=-net.n3.nanoxml.StdXMLReader--java.io.Reader-stream2reader-java.io.InputStream,java.lang.StringBuffer-- -sampler-include-method=-net.n3.nanoxml.StdXMLReader--java.lang.String-getEncoding-java.lang.String-- -sampler-include-method=-net.n3.nanoxml.StdXMLReader--net.n3.nanoxml.IXMLReader-fileReader-java.lang.String-- -sampler-include-method=-net.n3.nanoxml.StdXMLReader--void-startNewStream-java.io.Reader,boolean-- -sampler-include-method=-net.n3.nanoxml.XMLElement--boolean-hasAttribute-java.lang.String-- -sampler-include-method=-net.n3.nanoxml.XMLElement--boolean-hasChildren--- -sampler-include-method=-net.n3.nanoxml.XMLElement--int-getChildrenCount--- -sampler-include-method=-net.n3.nanoxml.XMLElement--java.lang.String-getAttribute-java.lang.String,java.lang.String-- -sampler-include-method=-net.n3.nanoxml.XMLElement--java.util.Enumeration-enumerateAttributeNames--- -sampler-include-method=-net.n3.nanoxml.XMLElement--net.n3.nanoxml.XMLAttribute-findAttribute-java.lang.String-- -sampler-include-method=-net.n3.nanoxml.XMLElement--void--init--java.lang.String,java.lang.String,java.lang.String,int-- -sampler-include-method=-net.n3.nanoxml.XMLElement--void-addChild-net.n3.nanoxml.IXMLElement-- -sampler-include-method=-net.n3.nanoxml.XMLElement--void-setAttribute-java.lang.String,java.lang.String-- -sampler-include-method=-net.n3.nanoxml.XMLEntityResolver--boolean-isExternalEntity-java.lang.String-- -sampler-include-method=-net.n3.nanoxml.XMLEntityResolver--java.io.Reader-getEntity-net.n3.nanoxml.IXMLReader,java.lang.String-- -sampler-include-method=-net.n3.nanoxml.XMLUtil--boolean-checkLiteral-net.n3.nanoxml.IXMLReader,java.lang.String-- -sampler-include-method=-net.n3.nanoxml.XMLUtil--char-processCharLiteral-java.lang.String-- -sampler-include-method=-net.n3.nanoxml.XMLUtil--java.lang.String-read-net.n3.nanoxml.IXMLReader,char-- -sampler-include-method=-net.n3.nanoxml.XMLUtil--java.lang.String-scanIdentifier-net.n3.nanoxml.IXMLReader-- -sampler-include-method=-net.n3.nanoxml.XMLUtil--java.lang.String-scanString-net.n3.nanoxml.IXMLReader,char,net.n3.nanoxml.IXMLEntityResolver-- -sampler-include-method=-net.n3.nanoxml.XMLUtil--void-processEntity-java.lang.String,net.n3.nanoxml.IXMLReader,net.n3.nanoxml.IXMLEntityResolver-- -sampler-include-method=-net.n3.nanoxml.XMLUtil--void-skipWhitespace-net.n3.nanoxml.IXMLReader,java.lang.StringBuffer-- -sampler-include-method=-net.n3.nanoxml.XMLWriter--void-write-net.n3.nanoxml.IXMLElement,boolean,int-- -sampler-include-method=-net.n3.nanoxml.XMLWriter--void-writeEncoded-java.lang.String--
nanoxml,4_2,5,prune.preprocess.size,160500
nanoxml,4_2,5,prune.preprocess.time,665
nanoxml,4_2,5,prune.preprocess.number,154 
nanoxml,4_2,5,prune.preprocess.time_p,530.0
nanoxml,4_2,5,prune.mine.size,5844
nanoxml,4_2,5,prune.mine.time,1499
nanoxml,4_2,5,boost.profile.time,84171
nanoxml,4_2,5,boost.profile.size,167
# /home/sunzzq2/Data/IResearch/Automated_Bug_Isolation/Twopass_heavy/Subjects/nanoxml/versions/v4/subv2/boost/output.sites
nanoxml,4_2,5,boost.profile.number,306
nanoxml,4_2,5,prune.profile.time,906692
nanoxml,4_2,5,prune.profile.size,860
# /home/sunzzq2/Data/IResearch/Automated_Bug_Isolation/Twopass_heavy/Subjects/nanoxml/versions/v4/subv2/prune/output.sites
nanoxml,4_2,5,prune.profile.number,2432
nanoxml,4_2,5,prune-minus-boost.profile.time,889043
nanoxml,4_2,5,prune-minus-boost.profile.size,768
# /home/sunzzq2/Data/IResearch/Automated_Bug_Isolation/Twopass_heavy/Subjects/nanoxml/versions/v4/subv2/prune-minus-boost/output.sites
nanoxml,4_2,5,prune-minus-boost.profile.number,2126
nanoxml,4_2,5,end
