bash,1_3,10,start
bash,1_3,10,fine-grained.preprocess.size,2552436
bash,1_3,10,fine-grained.preprocess.time,104168
bash,1_3,10,fine-grained.preprocess.number,8066 
bash,1_3,10,fine-grained.preprocess.time_p,103905.0
bash,1_3,10,fine-grained.mine.size,5852
bash,1_3,10,fine-grained.mine.time,15086
bash,1_3,10,boost,0.05
bash,1_3,10,boost.functions.count,40
bash,1_3,10,boost.includes,-sampler-include-method=_print_word_list -sampler-include-method=brace_expand -sampler-include-method=brace_gobbler -sampler-include-method=builtin_address_internal -sampler-include-method=clean_simple_command -sampler-include-method=copy_word -sampler-include-method=copy_word_list -sampler-include-method=cprintf -sampler-include-method=dispose_word -sampler-include-method=dispose_words -sampler-include-method=do_redirections -sampler-include-method=execute_command -sampler-include-method=execute_command_internal -sampler-include-method=execute_pipeline -sampler-include-method=execute_simple_command -sampler-include-method=expand_word_internal -sampler-include-method=expand_word_list_internal -sampler-include-method=expand_words -sampler-include-method=extract_command_subst -sampler-include-method=extract_delimited_string -sampler-include-method=fix_assignment_words -sampler-include-method=list_append -sampler-include-method=make_bare_simple_command -sampler-include-method=make_bare_word -sampler-include-method=make_simple_command -sampler-include-method=make_word -sampler-include-method=make_word_flags -sampler-include-method=make_word_list -sampler-include-method=new_fd_bitmap -sampler-include-method=print_simple_command -sampler-include-method=quote_escapes -sampler-include-method=remove_quoted_nulls -sampler-include-method=reverse_list -sampler-include-method=separate_out_assignments -sampler-include-method=skip_double_quoted -sampler-include-method=string_extract_double_quoted -sampler-include-method=sub_append_string -sampler-include-method=substring -sampler-include-method=the_printed_command_resize -sampler-include-method=word_list_remove_quoted_nulls
bash,1_3,10,boost.preprocess.size,1451396
bash,1_3,10,boost.preprocess.time,7743
bash,1_3,10,boost.preprocess.number,3209 
bash,1_3,10,boost.preprocess.time_p,7550.0
bash,1_3,10,boost.mine.size,5880
bash,1_3,10,boost.mine.time,5261
bash,1_3,10,theta,0.057257
bash,1_3,10,prune.functions.count,213
bash,1_3,10,prune.includes,-sampler-include-method=_find_user_command_internal -sampler-include-method=_print_word_list -sampler-include-method=absolute_pathname -sampler-include-method=absolute_program -sampler-include-method=add_hash_item -sampler-include-method=add_process -sampler-include-method=add_unwind_protect_internal -sampler-include-method=adjust_shell_level -sampler-include-method=allocate_buffers -sampler-include-method=array_add_element -sampler-include-method=assignment -sampler-include-method=b_fill_buffer -sampler-include-method=base_pathname -sampler-include-method=bash_history_disable -sampler-include-method=bash_history_reinit -sampler-include-method=bind_args -sampler-include-method=bind_lastarg -sampler-include-method=bind_variable -sampler-include-method=brace_expand -sampler-include-method=brace_gobbler -sampler-include-method=buffered_getchar -sampler-include-method=builtin_address_internal -sampler-include-method=change_flag -sampler-include-method=check_binary_file -sampler-include-method=check_dev_tty -sampler-include-method=clean_simple_command -sampler-include-method=cleanup_dead_jobs -sampler-include-method=close_pipes -sampler-include-method=copy_word -sampler-include-method=copy_word_list -sampler-include-method=cprintf -sampler-include-method=delete_job -sampler-include-method=dequote_list -sampler-include-method=dequote_string -sampler-include-method=discard_pipeline -sampler-include-method=discard_unwind_frame -sampler-include-method=dispose_command -sampler-include-method=dispose_fd_bitmap -sampler-include-method=dispose_redirects -sampler-include-method=dispose_temporary_vars -sampler-include-method=dispose_word -sampler-include-method=dispose_words -sampler-include-method=do_redirections -sampler-include-method=empty_array -sampler-include-method=end_job_control -sampler-include-method=execute_command -sampler-include-method=execute_command_internal -sampler-include-method=execute_disk_command -sampler-include-method=execute_env_file -sampler-include-method=execute_simple_command -sampler-include-method=exit_shell -sampler-include-method=expand_word_internal -sampler-include-method=expand_word_list_internal -sampler-include-method=expand_words -sampler-include-method=extract_colon_unit -sampler-include-method=extract_command_subst -sampler-include-method=extract_delimited_string -sampler-include-method=fd_to_buffered_stream -sampler-include-method=file_status -sampler-include-method=find_flag -sampler-include-method=find_function -sampler-include-method=find_hash_item -sampler-include-method=find_hashed_filename -sampler-include-method=find_in_path_element -sampler-include-method=find_job -sampler-include-method=find_pipeline -sampler-include-method=find_shell_builtin -sampler-include-method=find_tempenv_variable -sampler-include-method=find_user_command -sampler-include-method=find_user_command_in_path -sampler-include-method=find_user_command_internal -sampler-include-method=find_variable -sampler-include-method=find_variable_internal -sampler-include-method=fix_assignment_words -sampler-include-method=free -sampler-include-method=free_array -sampler-include-method=get_bash_name -sampler-include-method=get_edit_mode -sampler-include-method=get_lim_data -sampler-include-method=get_name_for_error -sampler-include-method=get_next_path_element -sampler-include-method=get_string_value -sampler-include-method=getenv -sampler-include-method=getopts_reset -sampler-include-method=getpool -sampler-include-method=handle_eof_input_unit -sampler-include-method=hash_string -sampler-include-method=init_noninteractive -sampler-include-method=init_yy_io -sampler-include-method=initialize_bash_input -sampler-include-method=initialize_dynamic_variables -sampler-include-method=initialize_hash_table -sampler-include-method=initialize_job_control -sampler-include-method=initialize_job_signals -sampler-include-method=initialize_shell_options -sampler-include-method=initialize_shell_signals -sampler-include-method=initialize_shell_variables -sampler-include-method=initialize_traps -sampler-include-method=itos -sampler-include-method=job_exit_status -sampler-include-method=job_working_directory -sampler-include-method=list_append -sampler-include-method=list_length -sampler-include-method=main -sampler-include-method=make_bare_simple_command -sampler-include-method=make_bare_word -sampler-include-method=make_buffered_stream -sampler-include-method=make_child -sampler-include-method=make_full_pathname -sampler-include-method=make_hash_table -sampler-include-method=make_new_array_variable -sampler-include-method=make_new_variable -sampler-include-method=make_simple_command -sampler-include-method=make_variable_value -sampler-include-method=make_vers_array -sampler-include-method=make_word -sampler-include-method=make_word_flags -sampler-include-method=make_word_list -sampler-include-method=making_children -sampler-include-method=makunbound -sampler-include-method=malloc -sampler-include-method=maybe_make_restricted -sampler-include-method=morecore -sampler-include-method=new_array -sampler-include-method=new_array_element -sampler-include-method=new_fd_bitmap -sampler-include-method=notify_and_cleanup -sampler-include-method=notify_of_job_status -sampler-include-method=open_shell_script -sampler-include-method=parse_and_execute -sampler-include-method=parse_command -sampler-include-method=parse_long_options -sampler-include-method=parse_matched_pair -sampler-include-method=parse_shell_options -sampler-include-method=parser_error -sampler-include-method=pop_stream -sampler-include-method=print_simple_command -sampler-include-method=process_exit_status -sampler-include-method=push_stream -sampler-include-method=quote_escapes -sampler-include-method=quote_string -sampler-include-method=read_command -sampler-include-method=read_token -sampler-include-method=read_token_word -sampler-include-method=reader_loop -sampler-include-method=remove_hash_item -sampler-include-method=remove_quoted_nulls -sampler-include-method=report_error -sampler-include-method=report_syntax_error -sampler-include-method=reserved_word_acceptable -sampler-include-method=reset_parser -sampler-include-method=restore_sigint_handler -sampler-include-method=restore_variable -sampler-include-method=reverse_list -sampler-include-method=run_pending_traps -sampler-include-method=run_startup_files -sampler-include-method=run_unwind_frame -sampler-include-method=same_file -sampler-include-method=sbrand -sampler-include-method=search_for_command -sampler-include-method=separate_out_assignments -sampler-include-method=set_bash_input -sampler-include-method=set_default_locale -sampler-include-method=set_default_locale_vars -sampler-include-method=set_if_not -sampler-include-method=set_job_control -sampler-include-method=set_pipestatus_array -sampler-include-method=set_shell_name -sampler-include-method=set_shell_var -sampler-include-method=set_shellopts -sampler-include-method=set_signal_handler -sampler-include-method=set_working_directory -sampler-include-method=setjstatus -sampler-include-method=shell_builtin_compare -sampler-include-method=shell_getc -sampler-include-method=shell_initialize -sampler-include-method=shell_ungetc -sampler-include-method=shell_version_string -sampler-include-method=sigchld_handler -sampler-include-method=special_case_tokens -sampler-include-method=start_pipeline -sampler-include-method=stop_making_children -sampler-include-method=stop_pipeline -sampler-include-method=string_extract_double_quoted -sampler-include-method=sub_append_string -sampler-include-method=substring -sampler-include-method=sync_buffered_stream -sampler-include-method=the_printed_command_resize -sampler-include-method=tilde_initialize -sampler-include-method=uidget -sampler-include-method=uidset -sampler-include-method=unlink_fifo_list -sampler-include-method=unquoted_glob_pattern_p -sampler-include-method=unset_nodelay_mode -sampler-include-method=unwind_frame_discard_internal -sampler-include-method=unwind_frame_run_internal -sampler-include-method=unwind_protect_var -sampler-include-method=var_lookup -sampler-include-method=wait_for -sampler-include-method=waitchld -sampler-include-method=with_input_from_buffered_stream -sampler-include-method=without_interrupts -sampler-include-method=word_list_remove_quoted_nulls -sampler-include-method=xbcopy -sampler-include-method=xfree -sampler-include-method=xmalloc -sampler-include-method=xrealloc -sampler-include-method=yy_getc -sampler-include-method=yy_string_get -sampler-include-method=yydestruct -sampler-include-method=yylex -sampler-include-method=yyparse -sampler-include-method=zmemset
bash,1_3,10,prune.preprocess.size,1730692
bash,1_3,10,prune.preprocess.time,54961
bash,1_3,10,prune.preprocess.number,6755 
bash,1_3,10,prune.preprocess.time_p,54719.0
bash,1_3,10,prune.mine.size,5808
bash,1_3,10,prune.mine.time,14433
bash,1_3,10,boost.profile.time,119159
bash,1_3,10,boost.profile.size,49332
# /home/sunzzq2/Data/IResearch/Automated_Bug_Isolation/Twopass_heavy/Subjects/bash/versions/v1/subv3/v1_subv3_b.sites
bash,1_3,10,boost.profile.number,157862
bash,1_3,10,prune-minus-boost.profile.time,154676
bash,1_3,10,prune-minus-boost.profile.size,313260
# /home/sunzzq2/Data/IResearch/Automated_Bug_Isolation/Twopass_heavy/Subjects/bash/versions/v1/subv3/v1_subv3_pmb.sites
bash,1_3,10,prune-minus-boost.profile.number,1024140
bash,1_3,10,end
