derby,5_8,10,start
derby,5_8,10,fine-grained.preprocess.size,1754300
derby,5_8,10,fine-grained.preprocess.time,26448
derby,5_8,10,fine-grained.preprocess.number,102 
derby,5_8,10,fine-grained.preprocess.time_p,26205.0
derby,5_8,10,fine-grained.mine.size,5848
derby,5_8,10,fine-grained.mine.time,1437
derby,5_8,10,boost,0.05
derby,5_8,10,boost.functions.count,22
derby,5_8,10,boost.includes,-sampler-include-method=-org.apache.derbyTesting.functionTests.harness.CopySuppFiles--void-copyFiles-java.io.File,java.lang.String-- -sampler-include-method=-org.apache.derbyTesting.functionTests.harness.CurrentTime--java.lang.String-getTime--- -sampler-include-method=-org.apache.derbyTesting.functionTests.harness.JavaVersionHolder--boolean-atLeast-int,int-- -sampler-include-method=-org.apache.derbyTesting.functionTests.harness.JavaVersionHolder--void--init--java.lang.String-- -sampler-include-method=-org.apache.derbyTesting.functionTests.harness.NetServer--boolean-isJCCConnection-java.lang.String-- -sampler-include-method=-org.apache.derbyTesting.functionTests.harness.NetServer--java.lang.String-getDriverName-java.lang.String-- -sampler-include-method=-org.apache.derbyTesting.functionTests.harness.RunTest--boolean-verifyFramework-java.lang.String-- -sampler-include-method=-org.apache.derbyTesting.functionTests.harness.RunTest--java.lang.String-createPropString--- -sampler-include-method=-org.apache.derbyTesting.functionTests.harness.RunTest--org.apache.derbyTesting.functionTests.harness.JavaVersionHolder-getProperties-java.util.Properties-- -sampler-include-method=-org.apache.derbyTesting.functionTests.harness.RunTest--void-cleanupBaseDir-java.io.File-- -sampler-include-method=-org.apache.derbyTesting.functionTests.harness.RunTest--void-deleteFile-java.io.File-- -sampler-include-method=-org.apache.derbyTesting.functionTests.harness.RunTest--void-doCleanup-java.lang.String-- -sampler-include-method=-org.apache.derbyTesting.functionTests.harness.RunTest--void-encryptionProtocol-java.util.Properties-- -sampler-include-method=-org.apache.derbyTesting.functionTests.harness.RunTest--void-main-java.lang.String[]-- -sampler-include-method=-org.apache.derbyTesting.functionTests.harness.RunTest--void-mergeProps-java.util.Properties,java.util.Properties-- -sampler-include-method=-org.apache.derbyTesting.functionTests.harness.RunTest--void-setDirectories-java.lang.String,java.util.Properties-- -sampler-include-method=-org.apache.derbyTesting.functionTests.harness.RunTest--void-testRun-java.lang.String,java.util.Properties-- -sampler-include-method=-org.apache.derbyTesting.functionTests.harness.RunTest--void-verifyTestType--- -sampler-include-method=-org.apache.derbyTesting.functionTests.harness.SkipTest--boolean-skipIt-java.lang.String,java.lang.String-- -sampler-include-method=-org.apache.derbyTesting.functionTests.harness.SpecialFlags--void-parse-java.lang.String,java.util.Properties,java.util.Properties-- -sampler-include-method=-org.apache.derbyTesting.functionTests.util.TestUtil--java.lang.String-getHostName--- -sampler-include-method=-org.apache.derbyTesting.functionTests.util.TestUtil--void--clinit----
derby,5_8,10,boost.preprocess.size,159264
derby,5_8,10,boost.preprocess.time,581
derby,5_8,10,boost.preprocess.number,102 
derby,5_8,10,boost.preprocess.time_p,453.0
derby,5_8,10,boost.mine.size,5860
derby,5_8,10,boost.mine.time,1607
derby,5_8,10,theta,0.072964
derby,5_8,10,prune.functions.count,21
derby,5_8,10,prune.includes,-sampler-include-method=-org.apache.derbyTesting.functionTests.harness.CurrentTime--java.lang.String-getTime--- -sampler-include-method=-org.apache.derbyTesting.functionTests.harness.JavaVersionHolder--boolean-atLeast-int,int-- -sampler-include-method=-org.apache.derbyTesting.functionTests.harness.JavaVersionHolder--void--init--java.lang.String-- -sampler-include-method=-org.apache.derbyTesting.functionTests.harness.NetServer--boolean-isJCCConnection-java.lang.String-- -sampler-include-method=-org.apache.derbyTesting.functionTests.harness.NetServer--java.lang.String-getDriverName-java.lang.String-- -sampler-include-method=-org.apache.derbyTesting.functionTests.harness.RunTest--boolean-verifyFramework-java.lang.String-- -sampler-include-method=-org.apache.derbyTesting.functionTests.harness.RunTest--java.lang.String-createPropString--- -sampler-include-method=-org.apache.derbyTesting.functionTests.harness.RunTest--org.apache.derbyTesting.functionTests.harness.JavaVersionHolder-getProperties-java.util.Properties-- -sampler-include-method=-org.apache.derbyTesting.functionTests.harness.RunTest--void-cleanupBaseDir-java.io.File-- -sampler-include-method=-org.apache.derbyTesting.functionTests.harness.RunTest--void-deleteFile-java.io.File-- -sampler-include-method=-org.apache.derbyTesting.functionTests.harness.RunTest--void-doCleanup-java.lang.String-- -sampler-include-method=-org.apache.derbyTesting.functionTests.harness.RunTest--void-encryptionProtocol-java.util.Properties-- -sampler-include-method=-org.apache.derbyTesting.functionTests.harness.RunTest--void-main-java.lang.String[]-- -sampler-include-method=-org.apache.derbyTesting.functionTests.harness.RunTest--void-mergeProps-java.util.Properties,java.util.Properties-- -sampler-include-method=-org.apache.derbyTesting.functionTests.harness.RunTest--void-setDirectories-java.lang.String,java.util.Properties-- -sampler-include-method=-org.apache.derbyTesting.functionTests.harness.RunTest--void-testRun-java.lang.String,java.util.Properties-- -sampler-include-method=-org.apache.derbyTesting.functionTests.harness.RunTest--void-verifyTestType--- -sampler-include-method=-org.apache.derbyTesting.functionTests.harness.SkipTest--boolean-skipIt-java.lang.String,java.lang.String-- -sampler-include-method=-org.apache.derbyTesting.functionTests.harness.SpecialFlags--void-parse-java.lang.String,java.util.Properties,java.util.Properties-- -sampler-include-method=-org.apache.derbyTesting.functionTests.util.TestUtil--java.lang.String-getHostName--- -sampler-include-method=-org.apache.derbyTesting.functionTests.util.TestUtil--void--clinit----
derby,5_8,10,prune.functions.count,0
derby,5_8,10,prune.preprocess.size,159660
derby,5_8,10,prune.preprocess.time,1435
derby,5_8,10,prune.preprocess.number,101 
derby,5_8,10,prune.preprocess.time_p,1117.0
derby,5_8,10,prune.mine.size,5812
derby,5_8,10,prune.mine.time,1493
derby,5_8,10,boost.profile.time,3977723
derby,5_8,10,boost.profile.size,1319
# /home/sunzzq2/Data/IResearch/Automated_Bug_Isolation/Twopass_heavy/Subjects/derby/versions/v5/subv8/boost/output.sites
derby,5_8,10,boost.profile.number,3400
derby,5_8,10,prune.profile.time,4441480
derby,5_8,10,prune.profile.size,1271
# /home/sunzzq2/Data/IResearch/Automated_Bug_Isolation/Twopass_heavy/Subjects/derby/versions/v5/subv8/prune/output.sites
derby,5_8,10,prune.profile.number,3260
derby,5_8,10,end
